dataset,shot_label,backbone,method,method_variant,num_prototypes_per_class,prototype_init,mean_top1_acc,std_top1_acc,num_seeds,seeds,num_rows,cache_entries_values,result_file_paths,run_dirs,preflight_report_paths,policy_note
aid,1,remoteclip_vit_b32,proto_adapter,proto_adapter,,,0.8331666666666666,0.015607156478145959,3,1 2 3,3,30,results/raw/aid/remoteclip_vit_b32/proto_adapter/shot_1/seed_1/20260518T143844_1726934d/metrics.json results/raw/aid/remoteclip_vit_b32/proto_adapter/shot_1/seed_2/20260518T144502_8cbba650/metrics.json results/raw/aid/remoteclip_vit_b32/proto_adapter/shot_1/seed_3/20260518T144924_3ef26946/metrics.json,results/raw/aid/remoteclip_vit_b32/proto_adapter/shot_1/seed_1/20260518T143844_1726934d results/raw/aid/remoteclip_vit_b32/proto_adapter/shot_1/seed_2/20260518T144502_8cbba650 results/raw/aid/remoteclip_vit_b32/proto_adapter/shot_1/seed_3/20260518T144924_3ef26946,outputs/preflight/post_run_result/aid_remoteclip_vit_b32/day4_proto_adapter_shot1_seed1_20260518T143844/aid_remoteclip_vit_b32_proto_adapter_seed1/20260518T143906/result_run_preflight_report.json outputs/preflight/post_run_result/aid_remoteclip_vit_b32/day4_proto_adapter_shot1_seed2_20260518T144502/aid_remoteclip_vit_b32_proto_adapter_seed2/20260518T144530/result_run_preflight_report.json outputs/preflight/post_run_result/aid_remoteclip_vit_b32/day4_proto_adapter_shot1_seed3_20260518T144924/aid_remoteclip_vit_b32_proto_adapter_seed3/20260518T144942/result_run_preflight_report.json,"Verified analysis table generated from full-matrix whitelist and post-run preflight, pending final paper-facing inclusion policy."
aid,1,remoteclip_vit_b32,rs_cpc,rs_cpc_M1_mean,1,mean,0.8331666666666666,0.015607156478145959,3,1 2 3,3,30,results/raw/aid/remoteclip_vit_b32/rs_cpc/shot_1/M_1/mean/seed_1/20260518T145500_6e8d2807/metrics.json results/raw/aid/remoteclip_vit_b32/rs_cpc/shot_1/M_1/mean/seed_2/20260519T101500_8536b273/metrics.json results/raw/aid/remoteclip_vit_b32/rs_cpc/shot_1/M_1/mean/seed_3/20260519T131808_fe412bdd/metrics.json,results/raw/aid/remoteclip_vit_b32/rs_cpc/shot_1/M_1/mean/seed_1/20260518T145500_6e8d2807 results/raw/aid/remoteclip_vit_b32/rs_cpc/shot_1/M_1/mean/seed_2/20260519T101500_8536b273 results/raw/aid/remoteclip_vit_b32/rs_cpc/shot_1/M_1/mean/seed_3/20260519T131808_fe412bdd,outputs/preflight/post_run_result/aid_remoteclip_vit_b32/day4_rs_cpc_shot1_M1_mean_seed1_20260518T145500/aid_remoteclip_vit_b32_rs_cpc_seed1/20260518T145523/result_run_preflight_report.json outputs/preflight/post_run_result/aid_remoteclip_vit_b32/day4_rs_cpc_shot1_M1_mean_seed2_20260519T101500/aid_remoteclip_vit_b32_rs_cpc_seed2/20260519T101522/result_run_preflight_report.json outputs/preflight/post_run_result/aid_remoteclip_vit_b32/day4_rs_cpc_shot1_M1_mean_seed3_20260519T131808/aid_remoteclip_vit_b32_rs_cpc_seed3/20260519T131858/result_run_preflight_report.json,"Verified analysis table generated from full-matrix whitelist and post-run preflight, pending final paper-facing inclusion policy."
aid,1,remoteclip_vit_b32,rs_cpc,rs_cpc_M1_medoid,1,medoid,0.8331666666666666,0.015607156478145959,3,1 2 3,3,30,results/raw/aid/remoteclip_vit_b32/rs_cpc/shot_1/M_1/medoid/seed_1/20260518T145557_3f3dfd96/metrics.json results/raw/aid/remoteclip_vit_b32/rs_cpc/shot_1/M_1/medoid/seed_2/20260519T101559_1637f58a/metrics.json results/raw/aid/remoteclip_vit_b32/rs_cpc/shot_1/M_1/medoid/seed_3/20260519T131922_e881b37f/metrics.json,results/raw/aid/remoteclip_vit_b32/rs_cpc/shot_1/M_1/medoid/seed_1/20260518T145557_3f3dfd96 results/raw/aid/remoteclip_vit_b32/rs_cpc/shot_1/M_1/medoid/seed_2/20260519T101559_1637f58a results/raw/aid/remoteclip_vit_b32/rs_cpc/shot_1/M_1/medoid/seed_3/20260519T131922_e881b37f,outputs/preflight/post_run_result/aid_remoteclip_vit_b32/day4_rs_cpc_shot1_M1_medoid_seed1_20260518T145557/aid_remoteclip_vit_b32_rs_cpc_seed1/20260518T145637/result_run_preflight_report.json outputs/preflight/post_run_result/aid_remoteclip_vit_b32/day4_rs_cpc_shot1_M1_medoid_seed2_20260519T101559/aid_remoteclip_vit_b32_rs_cpc_seed2/20260519T101630/result_run_preflight_report.json outputs/preflight/post_run_result/aid_remoteclip_vit_b32/day4_rs_cpc_shot1_M1_medoid_seed3_20260519T131922/aid_remoteclip_vit_b32_rs_cpc_seed3/20260519T131939/result_run_preflight_report.json,"Verified analysis table generated from full-matrix whitelist and post-run preflight, pending final paper-facing inclusion policy."
aid,1,remoteclip_vit_b32,rs_cpc,rs_cpc_M1_random_group_mean,1,random_group_mean,0.8331666666666666,0.015607156478145959,3,1 2 3,3,30,results/raw/aid/remoteclip_vit_b32/rs_cpc/shot_1/M_1/random_group_mean/seed_1/20260518T150001_c74a7cb8/metrics.json results/raw/aid/remoteclip_vit_b32/rs_cpc/shot_1/M_1/random_group_mean/seed_2/20260519T101657_0c94f8a8/metrics.json results/raw/aid/remoteclip_vit_b32/rs_cpc/shot_1/M_1/random_group_mean/seed_3/20260519T132004_df3b2030/metrics.json,results/raw/aid/remoteclip_vit_b32/rs_cpc/shot_1/M_1/random_group_mean/seed_1/20260518T150001_c74a7cb8 results/raw/aid/remoteclip_vit_b32/rs_cpc/shot_1/M_1/random_group_mean/seed_2/20260519T101657_0c94f8a8 results/raw/aid/remoteclip_vit_b32/rs_cpc/shot_1/M_1/random_group_mean/seed_3/20260519T132004_df3b2030,outputs/preflight/post_run_result/aid_remoteclip_vit_b32/day4_rs_cpc_shot1_M1_random_group_mean_seed1_20260518T150001/aid_remoteclip_vit_b32_rs_cpc_seed1/20260518T150021/result_run_preflight_report.json outputs/preflight/post_run_result/aid_remoteclip_vit_b32/day4_rs_cpc_shot1_M1_random_group_mean_seed2_20260519T101657/aid_remoteclip_vit_b32_rs_cpc_seed2/20260519T101716/result_run_preflight_report.json outputs/preflight/post_run_result/aid_remoteclip_vit_b32/day4_rs_cpc_shot1_M1_random_group_mean_seed3_20260519T132004/aid_remoteclip_vit_b32_rs_cpc_seed3/20260519T132025/result_run_preflight_report.json,"Verified analysis table generated from full-matrix whitelist and post-run preflight, pending final paper-facing inclusion policy."
aid,1,remoteclip_vit_b32,tip_adapter,tip_adapter,,,0.851,0.017965244223221717,3,1 2 3,3,30,results/raw/aid/remoteclip_vit_b32/tip_adapter/shot_1/seed_1/20260518T141910_cc54d089/metrics.json results/raw/aid/remoteclip_vit_b32/tip_adapter/shot_1/seed_2/20260518T142524_c704f26f/metrics.json results/raw/aid/remoteclip_vit_b32/tip_adapter/shot_1/seed_3/20260518T143047_a136290a/metrics.json,results/raw/aid/remoteclip_vit_b32/tip_adapter/shot_1/seed_1/20260518T141910_cc54d089 results/raw/aid/remoteclip_vit_b32/tip_adapter/shot_1/seed_2/20260518T142524_c704f26f results/raw/aid/remoteclip_vit_b32/tip_adapter/shot_1/seed_3/20260518T143047_a136290a,outputs/preflight/post_run_result/aid_remoteclip_vit_b32/day4_tip_adapter_shot1_seed1_20260518T141910/aid_remoteclip_vit_b32_tip_adapter_seed1/20260518T141950/result_run_preflight_report.json outputs/preflight/post_run_result/aid_remoteclip_vit_b32/day4_tip_adapter_shot1_seed2_20260518T142524/aid_remoteclip_vit_b32_tip_adapter_seed2/20260518T142545/result_run_preflight_report.json outputs/preflight/post_run_result/aid_remoteclip_vit_b32/day4_tip_adapter_shot1_seed3_20260518T143047/aid_remoteclip_vit_b32_tip_adapter_seed3/20260518T143213/result_run_preflight_report.json,"Verified analysis table generated from full-matrix whitelist and post-run preflight, pending final paper-facing inclusion policy."
aid,16,remoteclip_vit_b32,proto_adapter,proto_adapter,,,0.9461666666666666,0.004072263907623511,3,1 2 3,3,30,results/raw/aid/remoteclip_vit_b32/proto_adapter/shot_16/seed_1/20260518T144404_4cee6602/metrics.json results/raw/aid/remoteclip_vit_b32/proto_adapter/shot_16/seed_2/20260518T144831_36e6e3b6/metrics.json results/raw/aid/remoteclip_vit_b32/proto_adapter/shot_16/seed_3/20260518T145305_14874948/metrics.json,results/raw/aid/remoteclip_vit_b32/proto_adapter/shot_16/seed_1/20260518T144404_4cee6602 results/raw/aid/remoteclip_vit_b32/proto_adapter/shot_16/seed_2/20260518T144831_36e6e3b6 results/raw/aid/remoteclip_vit_b32/proto_adapter/shot_16/seed_3/20260518T145305_14874948,outputs/preflight/post_run_result/aid_remoteclip_vit_b32/day4_proto_adapter_shot16_seed1_20260518T144404/aid_remoteclip_vit_b32_proto_adapter_seed1/20260518T144428/result_run_preflight_report.json outputs/preflight/post_run_result/aid_remoteclip_vit_b32/day4_proto_adapter_shot16_seed2_20260518T144831/aid_remoteclip_vit_b32_proto_adapter_seed2/20260518T144853/result_run_preflight_report.json outputs/preflight/post_run_result/aid_remoteclip_vit_b32/day4_proto_adapter_shot16_seed3_20260518T145305/aid_remoteclip_vit_b32_proto_adapter_seed3/20260518T145324/result_run_preflight_report.json,"Verified analysis table generated from full-matrix whitelist and post-run preflight, pending final paper-facing inclusion policy."
aid,16,remoteclip_vit_b32,rs_cpc,rs_cpc_M1_mean,1,mean,0.9461666666666666,0.004072263907623511,3,1 2 3,3,30,results/raw/aid/remoteclip_vit_b32/rs_cpc/shot_16/M_1/mean/seed_1/20260519T100628_d25a314c/metrics.json results/raw/aid/remoteclip_vit_b32/rs_cpc/shot_16/M_1/mean/seed_2/20260519T104535_a864aca5/metrics.json results/raw/aid/remoteclip_vit_b32/rs_cpc/shot_16/M_1/mean/seed_3/20260519T133828_12cc3b32/metrics.json,results/raw/aid/remoteclip_vit_b32/rs_cpc/shot_16/M_1/mean/seed_1/20260519T100628_d25a314c results/raw/aid/remoteclip_vit_b32/rs_cpc/shot_16/M_1/mean/seed_2/20260519T104535_a864aca5 results/raw/aid/remoteclip_vit_b32/rs_cpc/shot_16/M_1/mean/seed_3/20260519T133828_12cc3b32,outputs/preflight/post_run_result/aid_remoteclip_vit_b32/day4_rs_cpc_shot16_M1_mean_seed1_20260519T100628/aid_remoteclip_vit_b32_rs_cpc_seed1/20260519T100650/result_run_preflight_report.json outputs/preflight/post_run_result/aid_remoteclip_vit_b32/day4_rs_cpc_shot16_M1_mean_seed2_20260519T104535/aid_remoteclip_vit_b32_rs_cpc_seed2/20260519T104556/result_run_preflight_report.json outputs/preflight/post_run_result/aid_remoteclip_vit_b32/day4_rs_cpc_shot16_M1_mean_seed3_20260519T133828/aid_remoteclip_vit_b32_rs_cpc_seed3/20260519T133855/result_run_preflight_report.json,"Verified analysis table generated from full-matrix whitelist and post-run preflight, pending final paper-facing inclusion policy."
aid,16,remoteclip_vit_b32,rs_cpc,rs_cpc_M1_medoid,1,medoid,0.9173333333333332,0.007522189397597848,3,1 2 3,3,30,results/raw/aid/remoteclip_vit_b32/rs_cpc/shot_16/M_1/medoid/seed_1/20260519T100717_09556737/metrics.json results/raw/aid/remoteclip_vit_b32/rs_cpc/shot_16/M_1/medoid/seed_2/20260519T104629_da851fd3/metrics.json results/raw/aid/remoteclip_vit_b32/rs_cpc/shot_16/M_1/medoid/seed_3/20260519T133920_fa5027f1/metrics.json,results/raw/aid/remoteclip_vit_b32/rs_cpc/shot_16/M_1/medoid/seed_1/20260519T100717_09556737 results/raw/aid/remoteclip_vit_b32/rs_cpc/shot_16/M_1/medoid/seed_2/20260519T104629_da851fd3 results/raw/aid/remoteclip_vit_b32/rs_cpc/shot_16/M_1/medoid/seed_3/20260519T133920_fa5027f1,outputs/preflight/post_run_result/aid_remoteclip_vit_b32/day4_rs_cpc_shot16_M1_medoid_seed1_20260519T100717/aid_remoteclip_vit_b32_rs_cpc_seed1/20260519T100740/result_run_preflight_report.json outputs/preflight/post_run_result/aid_remoteclip_vit_b32/day4_rs_cpc_shot16_M1_medoid_seed2_20260519T104629/aid_remoteclip_vit_b32_rs_cpc_seed2/20260519T104656/result_run_preflight_report.json outputs/preflight/post_run_result/aid_remoteclip_vit_b32/day4_rs_cpc_shot16_M1_medoid_seed3_20260519T133920/aid_remoteclip_vit_b32_rs_cpc_seed3/20260519T133939/result_run_preflight_report.json,"Verified analysis table generated from full-matrix whitelist and post-run preflight, pending final paper-facing inclusion policy."
aid,16,remoteclip_vit_b32,rs_cpc,rs_cpc_M1_random_group_mean,1,random_group_mean,0.9461666666666666,0.004072263907623511,3,1 2 3,3,30,results/raw/aid/remoteclip_vit_b32/rs_cpc/shot_16/M_1/random_group_mean/seed_1/20260519T100806_07480446/metrics.json results/raw/aid/remoteclip_vit_b32/rs_cpc/shot_16/M_1/random_group_mean/seed_2/20260519T104734_a2de8423/metrics.json results/raw/aid/remoteclip_vit_b32/rs_cpc/shot_16/M_1/random_group_mean/seed_3/20260519T134006_aac10478/metrics.json,results/raw/aid/remoteclip_vit_b32/rs_cpc/shot_16/M_1/random_group_mean/seed_1/20260519T100806_07480446 results/raw/aid/remoteclip_vit_b32/rs_cpc/shot_16/M_1/random_group_mean/seed_2/20260519T104734_a2de8423 results/raw/aid/remoteclip_vit_b32/rs_cpc/shot_16/M_1/random_group_mean/seed_3/20260519T134006_aac10478,outputs/preflight/post_run_result/aid_remoteclip_vit_b32/day4_rs_cpc_shot16_M1_random_group_mean_seed1_20260519T100806/aid_remoteclip_vit_b32_rs_cpc_seed1/20260519T100829/result_run_preflight_report.json outputs/preflight/post_run_result/aid_remoteclip_vit_b32/day4_rs_cpc_shot16_M1_random_group_mean_seed2_20260519T104734/aid_remoteclip_vit_b32_rs_cpc_seed2/20260519T104803/result_run_preflight_report.json outputs/preflight/post_run_result/aid_remoteclip_vit_b32/day4_rs_cpc_shot16_M1_random_group_mean_seed3_20260519T134006/aid_remoteclip_vit_b32_rs_cpc_seed3/20260519T134027/result_run_preflight_report.json,"Verified analysis table generated from full-matrix whitelist and post-run preflight, pending final paper-facing inclusion policy."
aid,16,remoteclip_vit_b32,rs_cpc,rs_cpc_M2_medoid,2,medoid,0.8851666666666667,0.003752776749732598,3,1 2 3,3,60,results/raw/aid/remoteclip_vit_b32/rs_cpc/shot_16/M_2/medoid/seed_1/20260519T100904_929998a2/metrics.json results/raw/aid/remoteclip_vit_b32/rs_cpc/shot_16/M_2/medoid/seed_2/20260519T104835_6ad27f6c/metrics.json results/raw/aid/remoteclip_vit_b32/rs_cpc/shot_16/M_2/medoid/seed_3/20260519T134055_93fe94aa/metrics.json,results/raw/aid/remoteclip_vit_b32/rs_cpc/shot_16/M_2/medoid/seed_1/20260519T100904_929998a2 results/raw/aid/remoteclip_vit_b32/rs_cpc/shot_16/M_2/medoid/seed_2/20260519T104835_6ad27f6c results/raw/aid/remoteclip_vit_b32/rs_cpc/shot_16/M_2/medoid/seed_3/20260519T134055_93fe94aa,outputs/preflight/post_run_result/aid_remoteclip_vit_b32/day4_rs_cpc_shot16_M2_medoid_seed1_20260519T100904/aid_remoteclip_vit_b32_rs_cpc_seed1/20260519T100923/result_run_preflight_report.json outputs/preflight/post_run_result/aid_remoteclip_vit_b32/day4_rs_cpc_shot16_M2_medoid_seed2_20260519T104835/aid_remoteclip_vit_b32_rs_cpc_seed2/20260519T104934/result_run_preflight_report.json outputs/preflight/post_run_result/aid_remoteclip_vit_b32/day4_rs_cpc_shot16_M2_medoid_seed3_20260519T134055/aid_remoteclip_vit_b32_rs_cpc_seed3/20260519T134140/result_run_preflight_report.json,"Verified analysis table generated from full-matrix whitelist and post-run preflight, pending final paper-facing inclusion policy."
aid,16,remoteclip_vit_b32,rs_cpc,rs_cpc_M2_random_group_mean,2,random_group_mean,0.9445,0.004358898943540678,3,1 2 3,3,60,results/raw/aid/remoteclip_vit_b32/rs_cpc/shot_16/M_2/random_group_mean/seed_1/20260519T100952_0da4659a/metrics.json results/raw/aid/remoteclip_vit_b32/rs_cpc/shot_16/M_2/random_group_mean/seed_2/20260519T105007_5967ad22/metrics.json results/raw/aid/remoteclip_vit_b32/rs_cpc/shot_16/M_2/random_group_mean/seed_3/20260519T134210_d512ab7f/metrics.json,results/raw/aid/remoteclip_vit_b32/rs_cpc/shot_16/M_2/random_group_mean/seed_1/20260519T100952_0da4659a results/raw/aid/remoteclip_vit_b32/rs_cpc/shot_16/M_2/random_group_mean/seed_2/20260519T105007_5967ad22 results/raw/aid/remoteclip_vit_b32/rs_cpc/shot_16/M_2/random_group_mean/seed_3/20260519T134210_d512ab7f,outputs/preflight/post_run_result/aid_remoteclip_vit_b32/day4_rs_cpc_shot16_M2_random_group_mean_seed1_20260519T100952/aid_remoteclip_vit_b32_rs_cpc_seed1/20260519T101017/result_run_preflight_report.json outputs/preflight/post_run_result/aid_remoteclip_vit_b32/day4_rs_cpc_shot16_M2_random_group_mean_seed2_20260519T105007/aid_remoteclip_vit_b32_rs_cpc_seed2/20260519T105057/result_run_preflight_report.json outputs/preflight/post_run_result/aid_remoteclip_vit_b32/day4_rs_cpc_shot16_M2_random_group_mean_seed3_20260519T134210/aid_remoteclip_vit_b32_rs_cpc_seed3/20260519T134231/result_run_preflight_report.json,"Verified analysis table generated from full-matrix whitelist and post-run preflight, pending final paper-facing inclusion policy."
aid,16,remoteclip_vit_b32,rs_cpc,rs_cpc_M4_medoid,4,medoid,0.8858333333333333,0.006006940430313373,3,1 2 3,3,120,results/raw/aid/remoteclip_vit_b32/rs_cpc/shot_16/M_4/medoid/seed_1/20260519T101106_99099e6a/metrics.json results/raw/aid/remoteclip_vit_b32/rs_cpc/shot_16/M_4/medoid/seed_2/20260519T105148_97a629e1/metrics.json results/raw/aid/remoteclip_vit_b32/rs_cpc/shot_16/M_4/medoid/seed_3/20260519T134305_54b99807/metrics.json,results/raw/aid/remoteclip_vit_b32/rs_cpc/shot_16/M_4/medoid/seed_1/20260519T101106_99099e6a results/raw/aid/remoteclip_vit_b32/rs_cpc/shot_16/M_4/medoid/seed_2/20260519T105148_97a629e1 results/raw/aid/remoteclip_vit_b32/rs_cpc/shot_16/M_4/medoid/seed_3/20260519T134305_54b99807,outputs/preflight/post_run_result/aid_remoteclip_vit_b32/day4_rs_cpc_shot16_M4_medoid_seed1_20260519T101106/aid_remoteclip_vit_b32_rs_cpc_seed1/20260519T101126/result_run_preflight_report.json outputs/preflight/post_run_result/aid_remoteclip_vit_b32/day4_rs_cpc_shot16_M4_medoid_seed2_20260519T105148/aid_remoteclip_vit_b32_rs_cpc_seed2/20260519T105221/result_run_preflight_report.json outputs/preflight/post_run_result/aid_remoteclip_vit_b32/day4_rs_cpc_shot16_M4_medoid_seed3_20260519T134305/aid_remoteclip_vit_b32_rs_cpc_seed3/20260519T134338/result_run_preflight_report.json,"Verified analysis table generated from full-matrix whitelist and post-run preflight, pending final paper-facing inclusion policy."
aid,16,remoteclip_vit_b32,rs_cpc,rs_cpc_M4_random_group_mean,4,random_group_mean,0.9421666666666666,0.006714412359494537,3,1 2 3,3,120,results/raw/aid/remoteclip_vit_b32/rs_cpc/shot_16/M_4/random_group_mean/seed_1/20260519T101158_0503f61f/metrics.json results/raw/aid/remoteclip_vit_b32/rs_cpc/shot_16/M_4/random_group_mean/seed_2/20260519T105308_65715aa3/metrics.json results/raw/aid/remoteclip_vit_b32/rs_cpc/shot_16/M_4/random_group_mean/seed_3/20260519T134418_71fa9639/metrics.json,results/raw/aid/remoteclip_vit_b32/rs_cpc/shot_16/M_4/random_group_mean/seed_1/20260519T101158_0503f61f results/raw/aid/remoteclip_vit_b32/rs_cpc/shot_16/M_4/random_group_mean/seed_2/20260519T105308_65715aa3 results/raw/aid/remoteclip_vit_b32/rs_cpc/shot_16/M_4/random_group_mean/seed_3/20260519T134418_71fa9639,outputs/preflight/post_run_result/aid_remoteclip_vit_b32/day4_rs_cpc_shot16_M4_random_group_mean_seed1_20260519T101158/aid_remoteclip_vit_b32_rs_cpc_seed1/20260519T101216/result_run_preflight_report.json outputs/preflight/post_run_result/aid_remoteclip_vit_b32/day4_rs_cpc_shot16_M4_random_group_mean_seed2_20260519T105308/aid_remoteclip_vit_b32_rs_cpc_seed2/20260519T105342/result_run_preflight_report.json outputs/preflight/post_run_result/aid_remoteclip_vit_b32/day4_rs_cpc_shot16_M4_random_group_mean_seed3_20260519T134418/aid_remoteclip_vit_b32_rs_cpc_seed3/20260519T134441/result_run_preflight_report.json,"Verified analysis table generated from full-matrix whitelist and post-run preflight, pending final paper-facing inclusion policy."
aid,16,remoteclip_vit_b32,rs_cpc,rs_cpc_M8_medoid,8,medoid,0.8993333333333333,0.004907477288111856,3,1 2 3,3,240,results/raw/aid/remoteclip_vit_b32/rs_cpc/shot_16/M_8/medoid/seed_1/20260519T101301_1c4210f8/metrics.json results/raw/aid/remoteclip_vit_b32/rs_cpc/shot_16/M_8/medoid/seed_2/20260519T105433_051c1374/metrics.json results/raw/aid/remoteclip_vit_b32/rs_cpc/shot_16/M_8/medoid/seed_3/20260519T134526_69840a4a/metrics.json,results/raw/aid/remoteclip_vit_b32/rs_cpc/shot_16/M_8/medoid/seed_1/20260519T101301_1c4210f8 results/raw/aid/remoteclip_vit_b32/rs_cpc/shot_16/M_8/medoid/seed_2/20260519T105433_051c1374 results/raw/aid/remoteclip_vit_b32/rs_cpc/shot_16/M_8/medoid/seed_3/20260519T134526_69840a4a,outputs/preflight/post_run_result/aid_remoteclip_vit_b32/day4_rs_cpc_shot16_M8_medoid_seed1_20260519T101301/aid_remoteclip_vit_b32_rs_cpc_seed1/20260519T101322/result_run_preflight_report.json outputs/preflight/post_run_result/aid_remoteclip_vit_b32/day4_rs_cpc_shot16_M8_medoid_seed2_20260519T105433/aid_remoteclip_vit_b32_rs_cpc_seed2/20260519T105501/result_run_preflight_report.json outputs/preflight/post_run_result/aid_remoteclip_vit_b32/day4_rs_cpc_shot16_M8_medoid_seed3_20260519T134526/aid_remoteclip_vit_b32_rs_cpc_seed3/20260519T134547/result_run_preflight_report.json,"Verified analysis table generated from full-matrix whitelist and post-run preflight, pending final paper-facing inclusion policy."
aid,16,remoteclip_vit_b32,rs_cpc,rs_cpc_M8_random_group_mean,8,random_group_mean,0.9373333333333332,0.0033291640592396855,3,1 2 3,3,240,results/raw/aid/remoteclip_vit_b32/rs_cpc/shot_16/M_8/random_group_mean/seed_1/20260519T101405_60a9a74f/metrics.json results/raw/aid/remoteclip_vit_b32/rs_cpc/shot_16/M_8/random_group_mean/seed_2/20260519T105553_dc88f946/metrics.json results/raw/aid/remoteclip_vit_b32/rs_cpc/shot_16/M_8/random_group_mean/seed_3/20260519T134630_b3e67a0b/metrics.json,results/raw/aid/remoteclip_vit_b32/rs_cpc/shot_16/M_8/random_group_mean/seed_1/20260519T101405_60a9a74f results/raw/aid/remoteclip_vit_b32/rs_cpc/shot_16/M_8/random_group_mean/seed_2/20260519T105553_dc88f946 results/raw/aid/remoteclip_vit_b32/rs_cpc/shot_16/M_8/random_group_mean/seed_3/20260519T134630_b3e67a0b,outputs/preflight/post_run_result/aid_remoteclip_vit_b32/day4_rs_cpc_shot16_M8_random_group_mean_seed1_20260519T101405/aid_remoteclip_vit_b32_rs_cpc_seed1/20260519T101423/result_run_preflight_report.json outputs/preflight/post_run_result/aid_remoteclip_vit_b32/day4_rs_cpc_shot16_M8_random_group_mean_seed2_20260519T105553/aid_remoteclip_vit_b32_rs_cpc_seed2/20260519T105628/result_run_preflight_report.json outputs/preflight/post_run_result/aid_remoteclip_vit_b32/day4_rs_cpc_shot16_M8_random_group_mean_seed3_20260519T134630/aid_remoteclip_vit_b32_rs_cpc_seed3/20260519T134653/result_run_preflight_report.json,"Verified analysis table generated from full-matrix whitelist and post-run preflight, pending final paper-facing inclusion policy."
aid,16,remoteclip_vit_b32,tip_adapter,tip_adapter,,,0.9175,0.00259807621135335,3,1 2 3,3,480,results/raw/aid/remoteclip_vit_b32/tip_adapter/shot_16/seed_1/20260518T142425_a1c25935/metrics.json results/raw/aid/remoteclip_vit_b32/tip_adapter/shot_16/seed_2/20260518T142943_de89d68b/metrics.json results/raw/aid/remoteclip_vit_b32/tip_adapter/shot_16/seed_3/20260518T143650_e69291b7/metrics.json,results/raw/aid/remoteclip_vit_b32/tip_adapter/shot_16/seed_1/20260518T142425_a1c25935 results/raw/aid/remoteclip_vit_b32/tip_adapter/shot_16/seed_2/20260518T142943_de89d68b results/raw/aid/remoteclip_vit_b32/tip_adapter/shot_16/seed_3/20260518T143650_e69291b7,outputs/preflight/post_run_result/aid_remoteclip_vit_b32/day4_tip_adapter_shot16_seed1_20260518T142425/aid_remoteclip_vit_b32_tip_adapter_seed1/20260518T142456/result_run_preflight_report.json outputs/preflight/post_run_result/aid_remoteclip_vit_b32/day4_tip_adapter_shot16_seed2_20260518T142943/aid_remoteclip_vit_b32_tip_adapter_seed2/20260518T143011/result_run_preflight_report.json outputs/preflight/post_run_result/aid_remoteclip_vit_b32/day4_tip_adapter_shot16_seed3_20260518T143650/aid_remoteclip_vit_b32_tip_adapter_seed3/20260518T143725/result_run_preflight_report.json,"Verified analysis table generated from full-matrix whitelist and post-run preflight, pending final paper-facing inclusion policy."
aid,2,remoteclip_vit_b32,proto_adapter,proto_adapter,,,0.9108333333333333,0.00682519840981441,3,1 2 3,3,30,results/raw/aid/remoteclip_vit_b32/proto_adapter/shot_2/seed_1/20260518T143936_c733d176/metrics.json results/raw/aid/remoteclip_vit_b32/proto_adapter/shot_2/seed_2/20260518T144557_8f4146c2/metrics.json results/raw/aid/remoteclip_vit_b32/proto_adapter/shot_2/seed_3/20260518T145010_2f19d086/metrics.json,results/raw/aid/remoteclip_vit_b32/proto_adapter/shot_2/seed_1/20260518T143936_c733d176 results/raw/aid/remoteclip_vit_b32/proto_adapter/shot_2/seed_2/20260518T144557_8f4146c2 results/raw/aid/remoteclip_vit_b32/proto_adapter/shot_2/seed_3/20260518T145010_2f19d086,outputs/preflight/post_run_result/aid_remoteclip_vit_b32/day4_proto_adapter_shot2_seed1_20260518T143936/aid_remoteclip_vit_b32_proto_adapter_seed1/20260518T144008/result_run_preflight_report.json outputs/preflight/post_run_result/aid_remoteclip_vit_b32/day4_proto_adapter_shot2_seed2_20260518T144557/aid_remoteclip_vit_b32_proto_adapter_seed2/20260518T144619/result_run_preflight_report.json outputs/preflight/post_run_result/aid_remoteclip_vit_b32/day4_proto_adapter_shot2_seed3_20260518T145010/aid_remoteclip_vit_b32_proto_adapter_seed3/20260518T145034/result_run_preflight_report.json,"Verified analysis table generated from full-matrix whitelist and post-run preflight, pending final paper-facing inclusion policy."
aid,2,remoteclip_vit_b32,rs_cpc,rs_cpc_M1_mean,1,mean,0.9108333333333333,0.00682519840981441,3,1 2 3,3,30,results/raw/aid/remoteclip_vit_b32/rs_cpc/shot_2/M_1/mean/seed_1/20260519T093509_62fe151e/metrics.json results/raw/aid/remoteclip_vit_b32/rs_cpc/shot_2/M_1/mean/seed_2/20260519T101747_d7888132/metrics.json results/raw/aid/remoteclip_vit_b32/rs_cpc/shot_2/M_1/mean/seed_3/20260519T132051_d025060d/metrics.json,results/raw/aid/remoteclip_vit_b32/rs_cpc/shot_2/M_1/mean/seed_1/20260519T093509_62fe151e results/raw/aid/remoteclip_vit_b32/rs_cpc/shot_2/M_1/mean/seed_2/20260519T101747_d7888132 results/raw/aid/remoteclip_vit_b32/rs_cpc/shot_2/M_1/mean/seed_3/20260519T132051_d025060d,outputs/preflight/post_run_result/aid_remoteclip_vit_b32/day4_rs_cpc_shot2_M1_mean_seed1_20260519T093509/aid_remoteclip_vit_b32_rs_cpc_seed1/20260519T093600/result_run_preflight_report.json outputs/preflight/post_run_result/aid_remoteclip_vit_b32/day4_rs_cpc_shot2_M1_mean_seed2_20260519T101747/aid_remoteclip_vit_b32_rs_cpc_seed2/20260519T101811/result_run_preflight_report.json outputs/preflight/post_run_result/aid_remoteclip_vit_b32/day4_rs_cpc_shot2_M1_mean_seed3_20260519T132051/aid_remoteclip_vit_b32_rs_cpc_seed3/20260519T132110/result_run_preflight_report.json,"Verified analysis table generated from full-matrix whitelist and post-run preflight, pending final paper-facing inclusion policy."
aid,2,remoteclip_vit_b32,rs_cpc,rs_cpc_M1_medoid,1,medoid,0.8546666666666667,0.01269186090899727,3,1 2 3,3,30,results/raw/aid/remoteclip_vit_b32/rs_cpc/shot_2/M_1/medoid/seed_1/20260519T093631_c77d63b8/metrics.json results/raw/aid/remoteclip_vit_b32/rs_cpc/shot_2/M_1/medoid/seed_2/20260519T101839_168d78cf/metrics.json results/raw/aid/remoteclip_vit_b32/rs_cpc/shot_2/M_1/medoid/seed_3/20260519T132138_0f6fe4b9/metrics.json,results/raw/aid/remoteclip_vit_b32/rs_cpc/shot_2/M_1/medoid/seed_1/20260519T093631_c77d63b8 results/raw/aid/remoteclip_vit_b32/rs_cpc/shot_2/M_1/medoid/seed_2/20260519T101839_168d78cf results/raw/aid/remoteclip_vit_b32/rs_cpc/shot_2/M_1/medoid/seed_3/20260519T132138_0f6fe4b9,outputs/preflight/post_run_result/aid_remoteclip_vit_b32/day4_rs_cpc_shot2_M1_medoid_seed1_20260519T093631/aid_remoteclip_vit_b32_rs_cpc_seed1/20260519T093652/result_run_preflight_report.json outputs/preflight/post_run_result/aid_remoteclip_vit_b32/day4_rs_cpc_shot2_M1_medoid_seed2_20260519T101839/aid_remoteclip_vit_b32_rs_cpc_seed2/20260519T101900/result_run_preflight_report.json outputs/preflight/post_run_result/aid_remoteclip_vit_b32/day4_rs_cpc_shot2_M1_medoid_seed3_20260519T132138/aid_remoteclip_vit_b32_rs_cpc_seed3/20260519T132159/result_run_preflight_report.json,"Verified analysis table generated from full-matrix whitelist and post-run preflight, pending final paper-facing inclusion policy."
aid,2,remoteclip_vit_b32,rs_cpc,rs_cpc_M1_random_group_mean,1,random_group_mean,0.9108333333333333,0.00682519840981441,3,1 2 3,3,30,results/raw/aid/remoteclip_vit_b32/rs_cpc/shot_2/M_1/random_group_mean/seed_1/20260519T093718_d8f2eb5f/metrics.json results/raw/aid/remoteclip_vit_b32/rs_cpc/shot_2/M_1/random_group_mean/seed_2/20260519T101925_09712a6f/metrics.json results/raw/aid/remoteclip_vit_b32/rs_cpc/shot_2/M_1/random_group_mean/seed_3/20260519T132223_a4ac2ee9/metrics.json,results/raw/aid/remoteclip_vit_b32/rs_cpc/shot_2/M_1/random_group_mean/seed_1/20260519T093718_d8f2eb5f results/raw/aid/remoteclip_vit_b32/rs_cpc/shot_2/M_1/random_group_mean/seed_2/20260519T101925_09712a6f results/raw/aid/remoteclip_vit_b32/rs_cpc/shot_2/M_1/random_group_mean/seed_3/20260519T132223_a4ac2ee9,outputs/preflight/post_run_result/aid_remoteclip_vit_b32/day4_rs_cpc_shot2_M1_random_group_mean_seed1_20260519T093718/aid_remoteclip_vit_b32_rs_cpc_seed1/20260519T093743/result_run_preflight_report.json outputs/preflight/post_run_result/aid_remoteclip_vit_b32/day4_rs_cpc_shot2_M1_random_group_mean_seed2_20260519T101925/aid_remoteclip_vit_b32_rs_cpc_seed2/20260519T101953/result_run_preflight_report.json outputs/preflight/post_run_result/aid_remoteclip_vit_b32/day4_rs_cpc_shot2_M1_random_group_mean_seed3_20260519T132223/aid_remoteclip_vit_b32_rs_cpc_seed3/20260519T132243/result_run_preflight_report.json,"Verified analysis table generated from full-matrix whitelist and post-run preflight, pending final paper-facing inclusion policy."
aid,2,remoteclip_vit_b32,rs_cpc,rs_cpc_M2_medoid,2,medoid,0.8748333333333332,0.00472581562625255,3,1 2 3,3,60,results/raw/aid/remoteclip_vit_b32/rs_cpc/shot_2/M_2/medoid/seed_1/20260519T093817_a2f3745b/metrics.json results/raw/aid/remoteclip_vit_b32/rs_cpc/shot_2/M_2/medoid/seed_2/20260519T102022_30163d79/metrics.json results/raw/aid/remoteclip_vit_b32/rs_cpc/shot_2/M_2/medoid/seed_3/20260519T132312_cf27d8ce/metrics.json,results/raw/aid/remoteclip_vit_b32/rs_cpc/shot_2/M_2/medoid/seed_1/20260519T093817_a2f3745b results/raw/aid/remoteclip_vit_b32/rs_cpc/shot_2/M_2/medoid/seed_2/20260519T102022_30163d79 results/raw/aid/remoteclip_vit_b32/rs_cpc/shot_2/M_2/medoid/seed_3/20260519T132312_cf27d8ce,outputs/preflight/post_run_result/aid_remoteclip_vit_b32/day4_rs_cpc_shot2_M2_medoid_seed1_20260519T093817/aid_remoteclip_vit_b32_rs_cpc_seed1/20260519T093837/result_run_preflight_report.json outputs/preflight/post_run_result/aid_remoteclip_vit_b32/day4_rs_cpc_shot2_M2_medoid_seed2_20260519T102022/aid_remoteclip_vit_b32_rs_cpc_seed2/20260519T102051/result_run_preflight_report.json outputs/preflight/post_run_result/aid_remoteclip_vit_b32/day4_rs_cpc_shot2_M2_medoid_seed3_20260519T132312/aid_remoteclip_vit_b32_rs_cpc_seed3/20260519T132329/result_run_preflight_report.json,"Verified analysis table generated from full-matrix whitelist and post-run preflight, pending final paper-facing inclusion policy."
aid,2,remoteclip_vit_b32,rs_cpc,rs_cpc_M2_random_group_mean,2,random_group_mean,0.8748333333333332,0.00472581562625255,3,1 2 3,3,60,results/raw/aid/remoteclip_vit_b32/rs_cpc/shot_2/M_2/random_group_mean/seed_1/20260519T093907_1ec3ea90/metrics.json results/raw/aid/remoteclip_vit_b32/rs_cpc/shot_2/M_2/random_group_mean/seed_2/20260519T102120_46b0f08f/metrics.json results/raw/aid/remoteclip_vit_b32/rs_cpc/shot_2/M_2/random_group_mean/seed_3/20260519T132358_b0962de1/metrics.json,results/raw/aid/remoteclip_vit_b32/rs_cpc/shot_2/M_2/random_group_mean/seed_1/20260519T093907_1ec3ea90 results/raw/aid/remoteclip_vit_b32/rs_cpc/shot_2/M_2/random_group_mean/seed_2/20260519T102120_46b0f08f results/raw/aid/remoteclip_vit_b32/rs_cpc/shot_2/M_2/random_group_mean/seed_3/20260519T132358_b0962de1,outputs/preflight/post_run_result/aid_remoteclip_vit_b32/day4_rs_cpc_shot2_M2_random_group_mean_seed1_20260519T093907/aid_remoteclip_vit_b32_rs_cpc_seed1/20260519T093936/result_run_preflight_report.json outputs/preflight/post_run_result/aid_remoteclip_vit_b32/day4_rs_cpc_shot2_M2_random_group_mean_seed2_20260519T102120/aid_remoteclip_vit_b32_rs_cpc_seed2/20260519T102141/result_run_preflight_report.json outputs/preflight/post_run_result/aid_remoteclip_vit_b32/day4_rs_cpc_shot2_M2_random_group_mean_seed3_20260519T132358/aid_remoteclip_vit_b32_rs_cpc_seed3/20260519T132419/result_run_preflight_report.json,"Verified analysis table generated from full-matrix whitelist and post-run preflight, pending final paper-facing inclusion policy."
aid,2,remoteclip_vit_b32,tip_adapter,tip_adapter,,,0.8849999999999999,0.0018027756377319655,3,1 2 3,3,60,results/raw/aid/remoteclip_vit_b32/tip_adapter/shot_2/seed_1/20260518T142024_d937c788/metrics.json results/raw/aid/remoteclip_vit_b32/tip_adapter/shot_2/seed_2/20260518T142613_9e7fa182/metrics.json results/raw/aid/remoteclip_vit_b32/tip_adapter/shot_2/seed_3/20260518T143257_53280004/metrics.json,results/raw/aid/remoteclip_vit_b32/tip_adapter/shot_2/seed_1/20260518T142024_d937c788 results/raw/aid/remoteclip_vit_b32/tip_adapter/shot_2/seed_2/20260518T142613_9e7fa182 results/raw/aid/remoteclip_vit_b32/tip_adapter/shot_2/seed_3/20260518T143257_53280004,outputs/preflight/post_run_result/aid_remoteclip_vit_b32/day4_tip_adapter_shot2_seed1_20260518T142024/aid_remoteclip_vit_b32_tip_adapter_seed1/20260518T142055/result_run_preflight_report.json outputs/preflight/post_run_result/aid_remoteclip_vit_b32/day4_tip_adapter_shot2_seed2_20260518T142613/aid_remoteclip_vit_b32_tip_adapter_seed2/20260518T142631/result_run_preflight_report.json outputs/preflight/post_run_result/aid_remoteclip_vit_b32/day4_tip_adapter_shot2_seed3_20260518T143257/aid_remoteclip_vit_b32_tip_adapter_seed3/20260518T143319/result_run_preflight_report.json,"Verified analysis table generated from full-matrix whitelist and post-run preflight, pending final paper-facing inclusion policy."
aid,4,remoteclip_vit_b32,proto_adapter,proto_adapter,,,0.9295,0.0025000000000000022,3,1 2 3,3,30,results/raw/aid/remoteclip_vit_b32/proto_adapter/shot_4/seed_1/20260518T144038_737a1f5f/metrics.json results/raw/aid/remoteclip_vit_b32/proto_adapter/shot_4/seed_2/20260518T144651_ae63ef4c/metrics.json results/raw/aid/remoteclip_vit_b32/proto_adapter/shot_4/seed_3/20260518T145117_eb9c1cbd/metrics.json,results/raw/aid/remoteclip_vit_b32/proto_adapter/shot_4/seed_1/20260518T144038_737a1f5f results/raw/aid/remoteclip_vit_b32/proto_adapter/shot_4/seed_2/20260518T144651_ae63ef4c results/raw/aid/remoteclip_vit_b32/proto_adapter/shot_4/seed_3/20260518T145117_eb9c1cbd,outputs/preflight/post_run_result/aid_remoteclip_vit_b32/day4_proto_adapter_shot4_seed1_20260518T144038/aid_remoteclip_vit_b32_proto_adapter_seed1/20260518T144154/result_run_preflight_report.json outputs/preflight/post_run_result/aid_remoteclip_vit_b32/day4_proto_adapter_shot4_seed2_20260518T144651/aid_remoteclip_vit_b32_proto_adapter_seed2/20260518T144710/result_run_preflight_report.json outputs/preflight/post_run_result/aid_remoteclip_vit_b32/day4_proto_adapter_shot4_seed3_20260518T145117/aid_remoteclip_vit_b32_proto_adapter_seed3/20260518T145140/result_run_preflight_report.json,"Verified analysis table generated from full-matrix whitelist and post-run preflight, pending final paper-facing inclusion policy."
aid,4,remoteclip_vit_b32,rs_cpc,rs_cpc_M1_mean,1,mean,0.9295,0.0025000000000000022,3,1 2 3,3,30,results/raw/aid/remoteclip_vit_b32/rs_cpc/shot_4/M_1/mean/seed_1/20260519T094005_d24c3d57/metrics.json results/raw/aid/remoteclip_vit_b32/rs_cpc/shot_4/M_1/mean/seed_2/20260519T102211_7a14e452/metrics.json results/raw/aid/remoteclip_vit_b32/rs_cpc/shot_4/M_1/mean/seed_3/20260519T132446_d83c77d7/metrics.json,results/raw/aid/remoteclip_vit_b32/rs_cpc/shot_4/M_1/mean/seed_1/20260519T094005_d24c3d57 results/raw/aid/remoteclip_vit_b32/rs_cpc/shot_4/M_1/mean/seed_2/20260519T102211_7a14e452 results/raw/aid/remoteclip_vit_b32/rs_cpc/shot_4/M_1/mean/seed_3/20260519T132446_d83c77d7,outputs/preflight/post_run_result/aid_remoteclip_vit_b32/day4_rs_cpc_shot4_M1_mean_seed1_20260519T094005/aid_remoteclip_vit_b32_rs_cpc_seed1/20260519T094024/result_run_preflight_report.json outputs/preflight/post_run_result/aid_remoteclip_vit_b32/day4_rs_cpc_shot4_M1_mean_seed2_20260519T102211/aid_remoteclip_vit_b32_rs_cpc_seed2/20260519T102239/result_run_preflight_report.json outputs/preflight/post_run_result/aid_remoteclip_vit_b32/day4_rs_cpc_shot4_M1_mean_seed3_20260519T132446/aid_remoteclip_vit_b32_rs_cpc_seed3/20260519T132504/result_run_preflight_report.json,"Verified analysis table generated from full-matrix whitelist and post-run preflight, pending final paper-facing inclusion policy."
aid,4,remoteclip_vit_b32,rs_cpc,rs_cpc_M1_medoid,1,medoid,0.8926666666666666,0.010774197572596027,3,1 2 3,3,30,results/raw/aid/remoteclip_vit_b32/rs_cpc/shot_4/M_1/medoid/seed_1/20260519T094049_dcd5907e/metrics.json results/raw/aid/remoteclip_vit_b32/rs_cpc/shot_4/M_1/medoid/seed_2/20260519T102305_d4d713c3/metrics.json results/raw/aid/remoteclip_vit_b32/rs_cpc/shot_4/M_1/medoid/seed_3/20260519T132528_23e36642/metrics.json,results/raw/aid/remoteclip_vit_b32/rs_cpc/shot_4/M_1/medoid/seed_1/20260519T094049_dcd5907e results/raw/aid/remoteclip_vit_b32/rs_cpc/shot_4/M_1/medoid/seed_2/20260519T102305_d4d713c3 results/raw/aid/remoteclip_vit_b32/rs_cpc/shot_4/M_1/medoid/seed_3/20260519T132528_23e36642,outputs/preflight/post_run_result/aid_remoteclip_vit_b32/day4_rs_cpc_shot4_M1_medoid_seed1_20260519T094049/aid_remoteclip_vit_b32_rs_cpc_seed1/20260519T094104/result_run_preflight_report.json outputs/preflight/post_run_result/aid_remoteclip_vit_b32/day4_rs_cpc_shot4_M1_medoid_seed2_20260519T102305/aid_remoteclip_vit_b32_rs_cpc_seed2/20260519T102327/result_run_preflight_report.json outputs/preflight/post_run_result/aid_remoteclip_vit_b32/day4_rs_cpc_shot4_M1_medoid_seed3_20260519T132528/aid_remoteclip_vit_b32_rs_cpc_seed3/20260519T132555/result_run_preflight_report.json,"Verified analysis table generated from full-matrix whitelist and post-run preflight, pending final paper-facing inclusion policy."
aid,4,remoteclip_vit_b32,rs_cpc,rs_cpc_M1_random_group_mean,1,random_group_mean,0.9295,0.0025000000000000022,3,1 2 3,3,30,results/raw/aid/remoteclip_vit_b32/rs_cpc/shot_4/M_1/random_group_mean/seed_1/20260519T094135_f15b06f0/metrics.json results/raw/aid/remoteclip_vit_b32/rs_cpc/shot_4/M_1/random_group_mean/seed_2/20260519T102359_1a51f3af/metrics.json results/raw/aid/remoteclip_vit_b32/rs_cpc/shot_4/M_1/random_group_mean/seed_3/20260519T132620_0d1d37ce/metrics.json,results/raw/aid/remoteclip_vit_b32/rs_cpc/shot_4/M_1/random_group_mean/seed_1/20260519T094135_f15b06f0 results/raw/aid/remoteclip_vit_b32/rs_cpc/shot_4/M_1/random_group_mean/seed_2/20260519T102359_1a51f3af results/raw/aid/remoteclip_vit_b32/rs_cpc/shot_4/M_1/random_group_mean/seed_3/20260519T132620_0d1d37ce,outputs/preflight/post_run_result/aid_remoteclip_vit_b32/day4_rs_cpc_shot4_M1_random_group_mean_seed1_20260519T094135/aid_remoteclip_vit_b32_rs_cpc_seed1/20260519T094643/result_run_preflight_report.json outputs/preflight/post_run_result/aid_remoteclip_vit_b32/day4_rs_cpc_shot4_M1_random_group_mean_seed2_20260519T102359/aid_remoteclip_vit_b32_rs_cpc_seed2/20260519T102420/result_run_preflight_report.json outputs/preflight/post_run_result/aid_remoteclip_vit_b32/day4_rs_cpc_shot4_M1_random_group_mean_seed3_20260519T132620/aid_remoteclip_vit_b32_rs_cpc_seed3/20260519T132638/result_run_preflight_report.json,"Verified analysis table generated from full-matrix whitelist and post-run preflight, pending final paper-facing inclusion policy."
aid,4,remoteclip_vit_b32,rs_cpc,rs_cpc_M2_medoid,2,medoid,0.8798333333333334,0.009451631252505182,3,1 2 3,3,60,results/raw/aid/remoteclip_vit_b32/rs_cpc/shot_4/M_2/medoid/seed_1/20260519T094744_3ee4fcd8/metrics.json results/raw/aid/remoteclip_vit_b32/rs_cpc/shot_4/M_2/medoid/seed_2/20260519T102551_881b165a/metrics.json results/raw/aid/remoteclip_vit_b32/rs_cpc/shot_4/M_2/medoid/seed_3/20260519T132708_d2ad6c95/metrics.json,results/raw/aid/remoteclip_vit_b32/rs_cpc/shot_4/M_2/medoid/seed_1/20260519T094744_3ee4fcd8 results/raw/aid/remoteclip_vit_b32/rs_cpc/shot_4/M_2/medoid/seed_2/20260519T102551_881b165a results/raw/aid/remoteclip_vit_b32/rs_cpc/shot_4/M_2/medoid/seed_3/20260519T132708_d2ad6c95,outputs/preflight/post_run_result/aid_remoteclip_vit_b32/day4_rs_cpc_shot4_M2_medoid_seed1_20260519T094744/aid_remoteclip_vit_b32_rs_cpc_seed1/20260519T094813/result_run_preflight_report.json outputs/preflight/post_run_result/aid_remoteclip_vit_b32/day4_rs_cpc_shot4_M2_medoid_seed2_20260519T102551/aid_remoteclip_vit_b32_rs_cpc_seed2/20260519T102610/result_run_preflight_report.json outputs/preflight/post_run_result/aid_remoteclip_vit_b32/day4_rs_cpc_shot4_M2_medoid_seed3_20260519T132708/aid_remoteclip_vit_b32_rs_cpc_seed3/20260519T132727/result_run_preflight_report.json,"Verified analysis table generated from full-matrix whitelist and post-run preflight, pending final paper-facing inclusion policy."
aid,4,remoteclip_vit_b32,rs_cpc,rs_cpc_M2_random_group_mean,2,random_group_mean,0.9196666666666666,0.002753785273643067,3,1 2 3,3,60,results/raw/aid/remoteclip_vit_b32/rs_cpc/shot_4/M_2/random_group_mean/seed_1/20260519T094900_43f0c3ae/metrics.json results/raw/aid/remoteclip_vit_b32/rs_cpc/shot_4/M_2/random_group_mean/seed_2/20260519T102638_c296127e/metrics.json results/raw/aid/remoteclip_vit_b32/rs_cpc/shot_4/M_2/random_group_mean/seed_3/20260519T132800_98127e99/metrics.json,results/raw/aid/remoteclip_vit_b32/rs_cpc/shot_4/M_2/random_group_mean/seed_1/20260519T094900_43f0c3ae results/raw/aid/remoteclip_vit_b32/rs_cpc/shot_4/M_2/random_group_mean/seed_2/20260519T102638_c296127e results/raw/aid/remoteclip_vit_b32/rs_cpc/shot_4/M_2/random_group_mean/seed_3/20260519T132800_98127e99,outputs/preflight/post_run_result/aid_remoteclip_vit_b32/day4_rs_cpc_shot4_M2_random_group_mean_seed1_20260519T094900/aid_remoteclip_vit_b32_rs_cpc_seed1/20260519T095503/result_run_preflight_report.json outputs/preflight/post_run_result/aid_remoteclip_vit_b32/day4_rs_cpc_shot4_M2_random_group_mean_seed2_20260519T102638/aid_remoteclip_vit_b32_rs_cpc_seed2/20260519T102717/result_run_preflight_report.json outputs/preflight/post_run_result/aid_remoteclip_vit_b32/day4_rs_cpc_shot4_M2_random_group_mean_seed3_20260519T132800/aid_remoteclip_vit_b32_rs_cpc_seed3/20260519T132822/result_run_preflight_report.json,"Verified analysis table generated from full-matrix whitelist and post-run preflight, pending final paper-facing inclusion policy."
aid,4,remoteclip_vit_b32,rs_cpc,rs_cpc_M4_medoid,4,medoid,0.9025,0.006946221994724876,3,1 2 3,3,120,results/raw/aid/remoteclip_vit_b32/rs_cpc/shot_4/M_4/medoid/seed_1/20260519T095537_6c43ff24/metrics.json results/raw/aid/remoteclip_vit_b32/rs_cpc/shot_4/M_4/medoid/seed_2/20260519T102829_f8651496/metrics.json results/raw/aid/remoteclip_vit_b32/rs_cpc/shot_4/M_4/medoid/seed_3/20260519T132855_06780907/metrics.json,results/raw/aid/remoteclip_vit_b32/rs_cpc/shot_4/M_4/medoid/seed_1/20260519T095537_6c43ff24 results/raw/aid/remoteclip_vit_b32/rs_cpc/shot_4/M_4/medoid/seed_2/20260519T102829_f8651496 results/raw/aid/remoteclip_vit_b32/rs_cpc/shot_4/M_4/medoid/seed_3/20260519T132855_06780907,outputs/preflight/post_run_result/aid_remoteclip_vit_b32/day4_rs_cpc_shot4_M4_medoid_seed1_20260519T095537/aid_remoteclip_vit_b32_rs_cpc_seed1/20260519T095629/result_run_preflight_report.json outputs/preflight/post_run_result/aid_remoteclip_vit_b32/day4_rs_cpc_shot4_M4_medoid_seed2_20260519T102829/aid_remoteclip_vit_b32_rs_cpc_seed2/20260519T102925/result_run_preflight_report.json outputs/preflight/post_run_result/aid_remoteclip_vit_b32/day4_rs_cpc_shot4_M4_medoid_seed3_20260519T132855/aid_remoteclip_vit_b32_rs_cpc_seed3/20260519T132914/result_run_preflight_report.json,"Verified analysis table generated from full-matrix whitelist and post-run preflight, pending final paper-facing inclusion policy."
aid,4,remoteclip_vit_b32,rs_cpc,rs_cpc_M4_random_group_mean,4,random_group_mean,0.9025,0.006946221994724876,3,1 2 3,3,120,results/raw/aid/remoteclip_vit_b32/rs_cpc/shot_4/M_4/random_group_mean/seed_1/20260519T095704_81f6d495/metrics.json results/raw/aid/remoteclip_vit_b32/rs_cpc/shot_4/M_4/random_group_mean/seed_2/20260519T102958_0324ebad/metrics.json results/raw/aid/remoteclip_vit_b32/rs_cpc/shot_4/M_4/random_group_mean/seed_3/20260519T132945_044fd5c2/metrics.json,results/raw/aid/remoteclip_vit_b32/rs_cpc/shot_4/M_4/random_group_mean/seed_1/20260519T095704_81f6d495 results/raw/aid/remoteclip_vit_b32/rs_cpc/shot_4/M_4/random_group_mean/seed_2/20260519T102958_0324ebad results/raw/aid/remoteclip_vit_b32/rs_cpc/shot_4/M_4/random_group_mean/seed_3/20260519T132945_044fd5c2,outputs/preflight/post_run_result/aid_remoteclip_vit_b32/day4_rs_cpc_shot4_M4_random_group_mean_seed1_20260519T095704/aid_remoteclip_vit_b32_rs_cpc_seed1/20260519T095734/result_run_preflight_report.json outputs/preflight/post_run_result/aid_remoteclip_vit_b32/day4_rs_cpc_shot4_M4_random_group_mean_seed2_20260519T102958/aid_remoteclip_vit_b32_rs_cpc_seed2/20260519T103017/result_run_preflight_report.json outputs/preflight/post_run_result/aid_remoteclip_vit_b32/day4_rs_cpc_shot4_M4_random_group_mean_seed3_20260519T132945/aid_remoteclip_vit_b32_rs_cpc_seed3/20260519T133004/result_run_preflight_report.json,"Verified analysis table generated from full-matrix whitelist and post-run preflight, pending final paper-facing inclusion policy."
aid,4,remoteclip_vit_b32,tip_adapter,tip_adapter,,,0.9081666666666667,0.007847504911329052,3,1 2 3,3,120,results/raw/aid/remoteclip_vit_b32/tip_adapter/shot_4/seed_1/20260518T142127_4d49e26f/metrics.json results/raw/aid/remoteclip_vit_b32/tip_adapter/shot_4/seed_2/20260518T142704_99eb06b9/metrics.json results/raw/aid/remoteclip_vit_b32/tip_adapter/shot_4/seed_3/20260518T143355_213e4f7a/metrics.json,results/raw/aid/remoteclip_vit_b32/tip_adapter/shot_4/seed_1/20260518T142127_4d49e26f results/raw/aid/remoteclip_vit_b32/tip_adapter/shot_4/seed_2/20260518T142704_99eb06b9 results/raw/aid/remoteclip_vit_b32/tip_adapter/shot_4/seed_3/20260518T143355_213e4f7a,outputs/preflight/post_run_result/aid_remoteclip_vit_b32/day4_tip_adapter_shot4_seed1_20260518T142127/aid_remoteclip_vit_b32_tip_adapter_seed1/20260518T142205/result_run_preflight_report.json outputs/preflight/post_run_result/aid_remoteclip_vit_b32/day4_tip_adapter_shot4_seed2_20260518T142704/aid_remoteclip_vit_b32_tip_adapter_seed2/20260518T142727/result_run_preflight_report.json outputs/preflight/post_run_result/aid_remoteclip_vit_b32/day4_tip_adapter_shot4_seed3_20260518T143355/aid_remoteclip_vit_b32_tip_adapter_seed3/20260518T143427/result_run_preflight_report.json,"Verified analysis table generated from full-matrix whitelist and post-run preflight, pending final paper-facing inclusion policy."
aid,8,remoteclip_vit_b32,proto_adapter,proto_adapter,,,0.9403333333333332,0.0073711147958319375,3,1 2 3,3,30,results/raw/aid/remoteclip_vit_b32/proto_adapter/shot_8/seed_1/20260518T144315_665da683/metrics.json results/raw/aid/remoteclip_vit_b32/proto_adapter/shot_8/seed_2/20260518T144739_d5cb485c/metrics.json results/raw/aid/remoteclip_vit_b32/proto_adapter/shot_8/seed_3/20260518T145207_1e7f5f1c/metrics.json,results/raw/aid/remoteclip_vit_b32/proto_adapter/shot_8/seed_1/20260518T144315_665da683 results/raw/aid/remoteclip_vit_b32/proto_adapter/shot_8/seed_2/20260518T144739_d5cb485c results/raw/aid/remoteclip_vit_b32/proto_adapter/shot_8/seed_3/20260518T145207_1e7f5f1c,outputs/preflight/post_run_result/aid_remoteclip_vit_b32/day4_proto_adapter_shot8_seed1_20260518T144315/aid_remoteclip_vit_b32_proto_adapter_seed1/20260518T144336/result_run_preflight_report.json outputs/preflight/post_run_result/aid_remoteclip_vit_b32/day4_proto_adapter_shot8_seed2_20260518T144739/aid_remoteclip_vit_b32_proto_adapter_seed2/20260518T144759/result_run_preflight_report.json outputs/preflight/post_run_result/aid_remoteclip_vit_b32/day4_proto_adapter_shot8_seed3_20260518T145207/aid_remoteclip_vit_b32_proto_adapter_seed3/20260518T145228/result_run_preflight_report.json,"Verified analysis table generated from full-matrix whitelist and post-run preflight, pending final paper-facing inclusion policy."
aid,8,remoteclip_vit_b32,rs_cpc,rs_cpc_M1_mean,1,mean,0.9403333333333332,0.0073711147958319375,3,1 2 3,3,30,results/raw/aid/remoteclip_vit_b32/rs_cpc/shot_8/M_1/mean/seed_1/20260519T095805_85090868/metrics.json results/raw/aid/remoteclip_vit_b32/rs_cpc/shot_8/M_1/mean/seed_2/20260519T103055_f57b2993/metrics.json results/raw/aid/remoteclip_vit_b32/rs_cpc/shot_8/M_1/mean/seed_3/20260519T133029_bf940255/metrics.json,results/raw/aid/remoteclip_vit_b32/rs_cpc/shot_8/M_1/mean/seed_1/20260519T095805_85090868 results/raw/aid/remoteclip_vit_b32/rs_cpc/shot_8/M_1/mean/seed_2/20260519T103055_f57b2993 results/raw/aid/remoteclip_vit_b32/rs_cpc/shot_8/M_1/mean/seed_3/20260519T133029_bf940255,outputs/preflight/post_run_result/aid_remoteclip_vit_b32/day4_rs_cpc_shot8_M1_mean_seed1_20260519T095805/aid_remoteclip_vit_b32_rs_cpc_seed1/20260519T095827/result_run_preflight_report.json outputs/preflight/post_run_result/aid_remoteclip_vit_b32/day4_rs_cpc_shot8_M1_mean_seed2_20260519T103055/aid_remoteclip_vit_b32_rs_cpc_seed2/20260519T103129/result_run_preflight_report.json outputs/preflight/post_run_result/aid_remoteclip_vit_b32/day4_rs_cpc_shot8_M1_mean_seed3_20260519T133029/aid_remoteclip_vit_b32_rs_cpc_seed3/20260519T133052/result_run_preflight_report.json,"Verified analysis table generated from full-matrix whitelist and post-run preflight, pending final paper-facing inclusion policy."
aid,8,remoteclip_vit_b32,rs_cpc,rs_cpc_M1_medoid,1,medoid,0.904,0.0050000000000000044,3,1 2 3,3,30,results/raw/aid/remoteclip_vit_b32/rs_cpc/shot_8/M_1/medoid/seed_1/20260519T095853_990857e1/metrics.json results/raw/aid/remoteclip_vit_b32/rs_cpc/shot_8/M_1/medoid/seed_2/20260519T103155_5d08748c/metrics.json results/raw/aid/remoteclip_vit_b32/rs_cpc/shot_8/M_1/medoid/seed_3/20260519T133115_c51a2153/metrics.json,results/raw/aid/remoteclip_vit_b32/rs_cpc/shot_8/M_1/medoid/seed_1/20260519T095853_990857e1 results/raw/aid/remoteclip_vit_b32/rs_cpc/shot_8/M_1/medoid/seed_2/20260519T103155_5d08748c results/raw/aid/remoteclip_vit_b32/rs_cpc/shot_8/M_1/medoid/seed_3/20260519T133115_c51a2153,outputs/preflight/post_run_result/aid_remoteclip_vit_b32/day4_rs_cpc_shot8_M1_medoid_seed1_20260519T095853/aid_remoteclip_vit_b32_rs_cpc_seed1/20260519T095911/result_run_preflight_report.json outputs/preflight/post_run_result/aid_remoteclip_vit_b32/day4_rs_cpc_shot8_M1_medoid_seed2_20260519T103155/aid_remoteclip_vit_b32_rs_cpc_seed2/20260519T103214/result_run_preflight_report.json outputs/preflight/post_run_result/aid_remoteclip_vit_b32/day4_rs_cpc_shot8_M1_medoid_seed3_20260519T133115/aid_remoteclip_vit_b32_rs_cpc_seed3/20260519T133134/result_run_preflight_report.json,"Verified analysis table generated from full-matrix whitelist and post-run preflight, pending final paper-facing inclusion policy."
aid,8,remoteclip_vit_b32,rs_cpc,rs_cpc_M1_random_group_mean,1,random_group_mean,0.9403333333333332,0.0073711147958319375,3,1 2 3,3,30,results/raw/aid/remoteclip_vit_b32/rs_cpc/shot_8/M_1/random_group_mean/seed_1/20260519T095938_80ce681b/metrics.json results/raw/aid/remoteclip_vit_b32/rs_cpc/shot_8/M_1/random_group_mean/seed_2/20260519T103239_b2b01a1c/metrics.json results/raw/aid/remoteclip_vit_b32/rs_cpc/shot_8/M_1/random_group_mean/seed_3/20260519T133200_e1ccea6a/metrics.json,results/raw/aid/remoteclip_vit_b32/rs_cpc/shot_8/M_1/random_group_mean/seed_1/20260519T095938_80ce681b results/raw/aid/remoteclip_vit_b32/rs_cpc/shot_8/M_1/random_group_mean/seed_2/20260519T103239_b2b01a1c results/raw/aid/remoteclip_vit_b32/rs_cpc/shot_8/M_1/random_group_mean/seed_3/20260519T133200_e1ccea6a,outputs/preflight/post_run_result/aid_remoteclip_vit_b32/day4_rs_cpc_shot8_M1_random_group_mean_seed1_20260519T095938/aid_remoteclip_vit_b32_rs_cpc_seed1/20260519T095957/result_run_preflight_report.json outputs/preflight/post_run_result/aid_remoteclip_vit_b32/day4_rs_cpc_shot8_M1_random_group_mean_seed2_20260519T103239/aid_remoteclip_vit_b32_rs_cpc_seed2/20260519T103400/result_run_preflight_report.json outputs/preflight/post_run_result/aid_remoteclip_vit_b32/day4_rs_cpc_shot8_M1_random_group_mean_seed3_20260519T133200/aid_remoteclip_vit_b32_rs_cpc_seed3/20260519T133217/result_run_preflight_report.json,"Verified analysis table generated from full-matrix whitelist and post-run preflight, pending final paper-facing inclusion policy."
aid,8,remoteclip_vit_b32,rs_cpc,rs_cpc_M2_medoid,2,medoid,0.8776666666666667,0.004310839052125828,3,1 2 3,3,60,results/raw/aid/remoteclip_vit_b32/rs_cpc/shot_8/M_2/medoid/seed_1/20260519T100034_5d416c0e/metrics.json results/raw/aid/remoteclip_vit_b32/rs_cpc/shot_8/M_2/medoid/seed_2/20260519T103556_15994b7c/metrics.json results/raw/aid/remoteclip_vit_b32/rs_cpc/shot_8/M_2/medoid/seed_3/20260519T133246_e98dffca/metrics.json,results/raw/aid/remoteclip_vit_b32/rs_cpc/shot_8/M_2/medoid/seed_1/20260519T100034_5d416c0e results/raw/aid/remoteclip_vit_b32/rs_cpc/shot_8/M_2/medoid/seed_2/20260519T103556_15994b7c results/raw/aid/remoteclip_vit_b32/rs_cpc/shot_8/M_2/medoid/seed_3/20260519T133246_e98dffca,outputs/preflight/post_run_result/aid_remoteclip_vit_b32/day4_rs_cpc_shot8_M2_medoid_seed1_20260519T100034/aid_remoteclip_vit_b32_rs_cpc_seed1/20260519T100056/result_run_preflight_report.json outputs/preflight/post_run_result/aid_remoteclip_vit_b32/day4_rs_cpc_shot8_M2_medoid_seed2_20260519T103556/aid_remoteclip_vit_b32_rs_cpc_seed2/20260519T103634/result_run_preflight_report.json outputs/preflight/post_run_result/aid_remoteclip_vit_b32/day4_rs_cpc_shot8_M2_medoid_seed3_20260519T133246/aid_remoteclip_vit_b32_rs_cpc_seed3/20260519T133305/result_run_preflight_report.json,"Verified analysis table generated from full-matrix whitelist and post-run preflight, pending final paper-facing inclusion policy."
aid,8,remoteclip_vit_b32,rs_cpc,rs_cpc_M2_random_group_mean,2,random_group_mean,0.9323333333333333,0.008460693430998013,3,1 2 3,3,60,results/raw/aid/remoteclip_vit_b32/rs_cpc/shot_8/M_2/random_group_mean/seed_1/20260519T100128_e4b55875/metrics.json results/raw/aid/remoteclip_vit_b32/rs_cpc/shot_8/M_2/random_group_mean/seed_2/20260519T103904_0e0c9875/metrics.json results/raw/aid/remoteclip_vit_b32/rs_cpc/shot_8/M_2/random_group_mean/seed_3/20260519T133331_d74e56a9/metrics.json,results/raw/aid/remoteclip_vit_b32/rs_cpc/shot_8/M_2/random_group_mean/seed_1/20260519T100128_e4b55875 results/raw/aid/remoteclip_vit_b32/rs_cpc/shot_8/M_2/random_group_mean/seed_2/20260519T103904_0e0c9875 results/raw/aid/remoteclip_vit_b32/rs_cpc/shot_8/M_2/random_group_mean/seed_3/20260519T133331_d74e56a9,outputs/preflight/post_run_result/aid_remoteclip_vit_b32/day4_rs_cpc_shot8_M2_random_group_mean_seed1_20260519T100128/aid_remoteclip_vit_b32_rs_cpc_seed1/20260519T100147/result_run_preflight_report.json outputs/preflight/post_run_result/aid_remoteclip_vit_b32/day4_rs_cpc_shot8_M2_random_group_mean_seed2_20260519T103904/aid_remoteclip_vit_b32_rs_cpc_seed2/20260519T103955/result_run_preflight_report.json outputs/preflight/post_run_result/aid_remoteclip_vit_b32/day4_rs_cpc_shot8_M2_random_group_mean_seed3_20260519T133331/aid_remoteclip_vit_b32_rs_cpc_seed3/20260519T133352/result_run_preflight_report.json,"Verified analysis table generated from full-matrix whitelist and post-run preflight, pending final paper-facing inclusion policy."
aid,8,remoteclip_vit_b32,rs_cpc,rs_cpc_M4_medoid,4,medoid,0.892,0.011694015563526528,3,1 2 3,3,120,results/raw/aid/remoteclip_vit_b32/rs_cpc/shot_8/M_4/medoid/seed_1/20260519T100224_2ba40207/metrics.json results/raw/aid/remoteclip_vit_b32/rs_cpc/shot_8/M_4/medoid/seed_2/20260519T104123_f8d65cf5/metrics.json results/raw/aid/remoteclip_vit_b32/rs_cpc/shot_8/M_4/medoid/seed_3/20260519T133427_4a5a1adb/metrics.json,results/raw/aid/remoteclip_vit_b32/rs_cpc/shot_8/M_4/medoid/seed_1/20260519T100224_2ba40207 results/raw/aid/remoteclip_vit_b32/rs_cpc/shot_8/M_4/medoid/seed_2/20260519T104123_f8d65cf5 results/raw/aid/remoteclip_vit_b32/rs_cpc/shot_8/M_4/medoid/seed_3/20260519T133427_4a5a1adb,outputs/preflight/post_run_result/aid_remoteclip_vit_b32/day4_rs_cpc_shot8_M4_medoid_seed1_20260519T100224/aid_remoteclip_vit_b32_rs_cpc_seed1/20260519T100250/result_run_preflight_report.json outputs/preflight/post_run_result/aid_remoteclip_vit_b32/day4_rs_cpc_shot8_M4_medoid_seed2_20260519T104123/aid_remoteclip_vit_b32_rs_cpc_seed2/20260519T104144/result_run_preflight_report.json outputs/preflight/post_run_result/aid_remoteclip_vit_b32/day4_rs_cpc_shot8_M4_medoid_seed3_20260519T133427/aid_remoteclip_vit_b32_rs_cpc_seed3/20260519T133443/result_run_preflight_report.json,"Verified analysis table generated from full-matrix whitelist and post-run preflight, pending final paper-facing inclusion policy."
aid,8,remoteclip_vit_b32,rs_cpc,rs_cpc_M4_random_group_mean,4,random_group_mean,0.9233333333333333,0.008693867570496679,3,1 2 3,3,120,results/raw/aid/remoteclip_vit_b32/rs_cpc/shot_8/M_4/random_group_mean/seed_1/20260519T100326_8803ae0a/metrics.json results/raw/aid/remoteclip_vit_b32/rs_cpc/shot_8/M_4/random_group_mean/seed_2/20260519T104221_49e6ab3a/metrics.json results/raw/aid/remoteclip_vit_b32/rs_cpc/shot_8/M_4/random_group_mean/seed_3/20260519T133515_eef26d3d/metrics.json,results/raw/aid/remoteclip_vit_b32/rs_cpc/shot_8/M_4/random_group_mean/seed_1/20260519T100326_8803ae0a results/raw/aid/remoteclip_vit_b32/rs_cpc/shot_8/M_4/random_group_mean/seed_2/20260519T104221_49e6ab3a results/raw/aid/remoteclip_vit_b32/rs_cpc/shot_8/M_4/random_group_mean/seed_3/20260519T133515_eef26d3d,outputs/preflight/post_run_result/aid_remoteclip_vit_b32/day4_rs_cpc_shot8_M4_random_group_mean_seed1_20260519T100326/aid_remoteclip_vit_b32_rs_cpc_seed1/20260519T100350/result_run_preflight_report.json outputs/preflight/post_run_result/aid_remoteclip_vit_b32/day4_rs_cpc_shot8_M4_random_group_mean_seed2_20260519T104221/aid_remoteclip_vit_b32_rs_cpc_seed2/20260519T104246/result_run_preflight_report.json outputs/preflight/post_run_result/aid_remoteclip_vit_b32/day4_rs_cpc_shot8_M4_random_group_mean_seed3_20260519T133515/aid_remoteclip_vit_b32_rs_cpc_seed3/20260519T133532/result_run_preflight_report.json,"Verified analysis table generated from full-matrix whitelist and post-run preflight, pending final paper-facing inclusion policy."
aid,8,remoteclip_vit_b32,rs_cpc,rs_cpc_M8_medoid,8,medoid,0.9065,0.011947803145348561,3,1 2 3,3,240,results/raw/aid/remoteclip_vit_b32/rs_cpc/shot_8/M_8/medoid/seed_1/20260519T100432_cba2d3fe/metrics.json results/raw/aid/remoteclip_vit_b32/rs_cpc/shot_8/M_8/medoid/seed_2/20260519T104331_3122b8e4/metrics.json results/raw/aid/remoteclip_vit_b32/rs_cpc/shot_8/M_8/medoid/seed_3/20260519T133613_ff53423e/metrics.json,results/raw/aid/remoteclip_vit_b32/rs_cpc/shot_8/M_8/medoid/seed_1/20260519T100432_cba2d3fe results/raw/aid/remoteclip_vit_b32/rs_cpc/shot_8/M_8/medoid/seed_2/20260519T104331_3122b8e4 results/raw/aid/remoteclip_vit_b32/rs_cpc/shot_8/M_8/medoid/seed_3/20260519T133613_ff53423e,outputs/preflight/post_run_result/aid_remoteclip_vit_b32/day4_rs_cpc_shot8_M8_medoid_seed1_20260519T100432/aid_remoteclip_vit_b32_rs_cpc_seed1/20260519T100452/result_run_preflight_report.json outputs/preflight/post_run_result/aid_remoteclip_vit_b32/day4_rs_cpc_shot8_M8_medoid_seed2_20260519T104331/aid_remoteclip_vit_b32_rs_cpc_seed2/20260519T104352/result_run_preflight_report.json outputs/preflight/post_run_result/aid_remoteclip_vit_b32/day4_rs_cpc_shot8_M8_medoid_seed3_20260519T133613/aid_remoteclip_vit_b32_rs_cpc_seed3/20260519T133652/result_run_preflight_report.json,"Verified analysis table generated from full-matrix whitelist and post-run preflight, pending final paper-facing inclusion policy."
aid,8,remoteclip_vit_b32,rs_cpc,rs_cpc_M8_random_group_mean,8,random_group_mean,0.9065,0.011947803145348561,3,1 2 3,3,240,results/raw/aid/remoteclip_vit_b32/rs_cpc/shot_8/M_8/random_group_mean/seed_1/20260519T100535_8e6acb15/metrics.json results/raw/aid/remoteclip_vit_b32/rs_cpc/shot_8/M_8/random_group_mean/seed_2/20260519T104437_89bc8edc/metrics.json results/raw/aid/remoteclip_vit_b32/rs_cpc/shot_8/M_8/random_group_mean/seed_3/20260519T133736_20353877/metrics.json,results/raw/aid/remoteclip_vit_b32/rs_cpc/shot_8/M_8/random_group_mean/seed_1/20260519T100535_8e6acb15 results/raw/aid/remoteclip_vit_b32/rs_cpc/shot_8/M_8/random_group_mean/seed_2/20260519T104437_89bc8edc results/raw/aid/remoteclip_vit_b32/rs_cpc/shot_8/M_8/random_group_mean/seed_3/20260519T133736_20353877,outputs/preflight/post_run_result/aid_remoteclip_vit_b32/day4_rs_cpc_shot8_M8_random_group_mean_seed1_20260519T100535/aid_remoteclip_vit_b32_rs_cpc_seed1/20260519T100559/result_run_preflight_report.json outputs/preflight/post_run_result/aid_remoteclip_vit_b32/day4_rs_cpc_shot8_M8_random_group_mean_seed2_20260519T104437/aid_remoteclip_vit_b32_rs_cpc_seed2/20260519T104504/result_run_preflight_report.json outputs/preflight/post_run_result/aid_remoteclip_vit_b32/day4_rs_cpc_shot8_M8_random_group_mean_seed3_20260519T133736/aid_remoteclip_vit_b32_rs_cpc_seed3/20260519T133800/result_run_preflight_report.json,"Verified analysis table generated from full-matrix whitelist and post-run preflight, pending final paper-facing inclusion policy."
aid,8,remoteclip_vit_b32,tip_adapter,tip_adapter,,,0.9098333333333333,0.009609023536933058,3,1 2 3,3,240,results/raw/aid/remoteclip_vit_b32/tip_adapter/shot_8/seed_1/20260518T142256_a1062381/metrics.json results/raw/aid/remoteclip_vit_b32/tip_adapter/shot_8/seed_2/20260518T142812_94440a4b/metrics.json results/raw/aid/remoteclip_vit_b32/tip_adapter/shot_8/seed_3/20260518T143509_5e5b1019/metrics.json,results/raw/aid/remoteclip_vit_b32/tip_adapter/shot_8/seed_1/20260518T142256_a1062381 results/raw/aid/remoteclip_vit_b32/tip_adapter/shot_8/seed_2/20260518T142812_94440a4b results/raw/aid/remoteclip_vit_b32/tip_adapter/shot_8/seed_3/20260518T143509_5e5b1019,outputs/preflight/post_run_result/aid_remoteclip_vit_b32/day4_tip_adapter_shot8_seed1_20260518T142256/aid_remoteclip_vit_b32_tip_adapter_seed1/20260518T142319/result_run_preflight_report.json outputs/preflight/post_run_result/aid_remoteclip_vit_b32/day4_tip_adapter_shot8_seed2_20260518T142812/aid_remoteclip_vit_b32_tip_adapter_seed2/20260518T142844/result_run_preflight_report.json outputs/preflight/post_run_result/aid_remoteclip_vit_b32/day4_tip_adapter_shot8_seed3_20260518T143509/aid_remoteclip_vit_b32_tip_adapter_seed3/20260518T143535/result_run_preflight_report.json,"Verified analysis table generated from full-matrix whitelist and post-run preflight, pending final paper-facing inclusion policy."
aid,zero_shot,remoteclip_vit_b32,zero_shot,zero_shot,,,0.8686666666666666,0.006714412359494599,3,1 2 3,3,30,results/raw/aid/remoteclip_vit_b32/zero_shot/seed_1/20260518T141359_b25abd9c/metrics.json results/raw/aid/remoteclip_vit_b32/zero_shot/seed_2/20260518T141605_24d795e1/metrics.json results/raw/aid/remoteclip_vit_b32/zero_shot/seed_3/20260518T141650_c55894b4/metrics.json,results/raw/aid/remoteclip_vit_b32/zero_shot/seed_1/20260518T141359_b25abd9c results/raw/aid/remoteclip_vit_b32/zero_shot/seed_2/20260518T141605_24d795e1 results/raw/aid/remoteclip_vit_b32/zero_shot/seed_3/20260518T141650_c55894b4,outputs/preflight/post_run_result/aid_remoteclip_vit_b32/day4_zero_shot_seed1_smoke_20260518T141359/aid_remoteclip_vit_b32_zero_shot_seed1/20260518T141532/result_run_preflight_report.json outputs/preflight/post_run_result/aid_remoteclip_vit_b32/day4_zero_shot_seed2_20260518T141605/aid_remoteclip_vit_b32_zero_shot_seed2/20260518T141626/result_run_preflight_report.json outputs/preflight/post_run_result/aid_remoteclip_vit_b32/day4_zero_shot_seed3_20260518T141650/aid_remoteclip_vit_b32_zero_shot_seed3/20260518T141718/result_run_preflight_report.json,"Verified analysis table generated from full-matrix whitelist and post-run preflight, pending final paper-facing inclusion policy."
