dataset,shot,shot_label,backbone,method,method_variant,seed,cache_entries,trainable_params,training_time_sec,inference_time_sec,images_per_second,gpu_memory_mb,num_prototypes_per_class,prototype_init,run_dir,metrics_json_path,preflight_report_path
eurosat,,zero_shot,remoteclip_vit_b32,zero_shot,zero_shot,1,10,0,0.0,3.049597067758441,3541.4514639267977,,,,results/raw/eurosat/remoteclip_vit_b32/zero_shot/seed_1/20260518T015034_f59d27c9,results/raw/eurosat/remoteclip_vit_b32/zero_shot/seed_1/20260518T015034_f59d27c9/metrics.json,outputs/preflight/post_run_result/eurosat_remoteclip_vit_b32/full_matrix_20260518T022057Z/cmd_001_zero_shot_seed1_shotNone/eurosat_remoteclip_vit_b32_zero_shot_seed1/20260518T022058/result_run_preflight_report.json
eurosat,1,1,remoteclip_vit_b32,tip_adapter,tip_adapter,1,10,0,0.0,6.169653065502644,1750.5036158982336,,,,results/raw/eurosat/remoteclip_vit_b32/tip_adapter/shot_1/seed_1/20260518T015043_72b93509,results/raw/eurosat/remoteclip_vit_b32/tip_adapter/shot_1/seed_1/20260518T015043_72b93509/metrics.json,outputs/preflight/post_run_result/eurosat_remoteclip_vit_b32/full_matrix_20260518T022057Z/cmd_002_tip_adapter_seed1_shot1/eurosat_remoteclip_vit_b32_tip_adapter_seed1/20260518T022100/result_run_preflight_report.json
eurosat,2,2,remoteclip_vit_b32,tip_adapter,tip_adapter,1,20,0,0.0,8.196315940469503,1317.6651654769364,,,,results/raw/eurosat/remoteclip_vit_b32/tip_adapter/shot_2/seed_1/20260518T015054_ee174669,results/raw/eurosat/remoteclip_vit_b32/tip_adapter/shot_2/seed_1/20260518T015054_ee174669/metrics.json,outputs/preflight/post_run_result/eurosat_remoteclip_vit_b32/full_matrix_20260518T022057Z/cmd_003_tip_adapter_seed1_shot2/eurosat_remoteclip_vit_b32_tip_adapter_seed1/20260518T022101/result_run_preflight_report.json
eurosat,4,4,remoteclip_vit_b32,tip_adapter,tip_adapter,1,40,0,0.0,12.348161771893501,874.6241100098496,,,,results/raw/eurosat/remoteclip_vit_b32/tip_adapter/shot_4/seed_1/20260518T015109_5f31e42f,results/raw/eurosat/remoteclip_vit_b32/tip_adapter/shot_4/seed_1/20260518T015109_5f31e42f/metrics.json,outputs/preflight/post_run_result/eurosat_remoteclip_vit_b32/full_matrix_20260518T022057Z/cmd_004_tip_adapter_seed1_shot4/eurosat_remoteclip_vit_b32_tip_adapter_seed1/20260518T022103/result_run_preflight_report.json
eurosat,8,8,remoteclip_vit_b32,tip_adapter,tip_adapter,1,80,0,0.0,20.893640717491508,516.9036907463702,,,,results/raw/eurosat/remoteclip_vit_b32/tip_adapter/shot_8/seed_1/20260518T015133_06f31ed0,results/raw/eurosat/remoteclip_vit_b32/tip_adapter/shot_8/seed_1/20260518T015133_06f31ed0/metrics.json,outputs/preflight/post_run_result/eurosat_remoteclip_vit_b32/full_matrix_20260518T022057Z/cmd_005_tip_adapter_seed1_shot8/eurosat_remoteclip_vit_b32_tip_adapter_seed1/20260518T022104/result_run_preflight_report.json
eurosat,16,16,remoteclip_vit_b32,tip_adapter,tip_adapter,1,160,0,0.0,37.421792371198535,288.60188985261317,,,,results/raw/eurosat/remoteclip_vit_b32/tip_adapter/shot_16/seed_1/20260518T015213_5f991925,results/raw/eurosat/remoteclip_vit_b32/tip_adapter/shot_16/seed_1/20260518T015213_5f991925/metrics.json,outputs/preflight/post_run_result/eurosat_remoteclip_vit_b32/full_matrix_20260518T022057Z/cmd_006_tip_adapter_seed1_shot16/eurosat_remoteclip_vit_b32_tip_adapter_seed1/20260518T022105/result_run_preflight_report.json
eurosat,1,1,remoteclip_vit_b32,proto_adapter,proto_adapter,1,10,0,0.0,6.184855056926608,1746.200986214665,,,,results/raw/eurosat/remoteclip_vit_b32/proto_adapter/shot_1/seed_1/20260518T015222_cde6535c,results/raw/eurosat/remoteclip_vit_b32/proto_adapter/shot_1/seed_1/20260518T015222_cde6535c/metrics.json,outputs/preflight/post_run_result/eurosat_remoteclip_vit_b32/full_matrix_20260518T022057Z/cmd_007_proto_adapter_seed1_shot1/eurosat_remoteclip_vit_b32_proto_adapter_seed1/20260518T022107/result_run_preflight_report.json
eurosat,2,2,remoteclip_vit_b32,proto_adapter,proto_adapter,1,10,0,0.0,6.3275925777852535,1706.8102706100829,,,,results/raw/eurosat/remoteclip_vit_b32/proto_adapter/shot_2/seed_1/20260518T015232_a68e0170,results/raw/eurosat/remoteclip_vit_b32/proto_adapter/shot_2/seed_1/20260518T015232_a68e0170/metrics.json,outputs/preflight/post_run_result/eurosat_remoteclip_vit_b32/full_matrix_20260518T022057Z/cmd_008_proto_adapter_seed1_shot2/eurosat_remoteclip_vit_b32_proto_adapter_seed1/20260518T022108/result_run_preflight_report.json
eurosat,4,4,remoteclip_vit_b32,proto_adapter,proto_adapter,1,10,0,0.0,6.417099911719561,1683.003248909362,,,,results/raw/eurosat/remoteclip_vit_b32/proto_adapter/shot_4/seed_1/20260518T015241_39ebe443,results/raw/eurosat/remoteclip_vit_b32/proto_adapter/shot_4/seed_1/20260518T015241_39ebe443/metrics.json,outputs/preflight/post_run_result/eurosat_remoteclip_vit_b32/full_matrix_20260518T022057Z/cmd_009_proto_adapter_seed1_shot4/eurosat_remoteclip_vit_b32_proto_adapter_seed1/20260518T022109/result_run_preflight_report.json
eurosat,8,8,remoteclip_vit_b32,proto_adapter,proto_adapter,1,10,0,0.0,6.386322107166052,1691.1141998117175,,,,results/raw/eurosat/remoteclip_vit_b32/proto_adapter/shot_8/seed_1/20260518T015250_176baef7,results/raw/eurosat/remoteclip_vit_b32/proto_adapter/shot_8/seed_1/20260518T015250_176baef7/metrics.json,outputs/preflight/post_run_result/eurosat_remoteclip_vit_b32/full_matrix_20260518T022057Z/cmd_010_proto_adapter_seed1_shot8/eurosat_remoteclip_vit_b32_proto_adapter_seed1/20260518T022111/result_run_preflight_report.json
eurosat,16,16,remoteclip_vit_b32,proto_adapter,proto_adapter,1,10,0,0.0,6.273519452661276,1721.521720223336,,,,results/raw/eurosat/remoteclip_vit_b32/proto_adapter/shot_16/seed_1/20260518T015259_099bf872,results/raw/eurosat/remoteclip_vit_b32/proto_adapter/shot_16/seed_1/20260518T015259_099bf872/metrics.json,outputs/preflight/post_run_result/eurosat_remoteclip_vit_b32/full_matrix_20260518T022057Z/cmd_011_proto_adapter_seed1_shot16/eurosat_remoteclip_vit_b32_proto_adapter_seed1/20260518T022112/result_run_preflight_report.json
eurosat,1,1,remoteclip_vit_b32,rs_cpc,rs_cpc_M1_mean,1,10,0,0.0,6.119160233065486,1764.9480629124785,,1,mean,results/raw/eurosat/remoteclip_vit_b32/rs_cpc/shot_1/M_1/mean/seed_1/20260518T015308_2cb11fdc,results/raw/eurosat/remoteclip_vit_b32/rs_cpc/shot_1/M_1/mean/seed_1/20260518T015308_2cb11fdc/metrics.json,outputs/preflight/post_run_result/eurosat_remoteclip_vit_b32/full_matrix_20260518T022057Z/cmd_012_rs_cpc_seed1_shot1/eurosat_remoteclip_vit_b32_rs_cpc_seed1/20260518T022113/result_run_preflight_report.json
eurosat,1,1,remoteclip_vit_b32,rs_cpc,rs_cpc_M1_random_group_mean,1,10,0,0.0,6.195501429960132,1743.200307851353,,1,random_group_mean,results/raw/eurosat/remoteclip_vit_b32/rs_cpc/shot_1/M_1/random_group_mean/seed_1/20260518T015317_cd697509,results/raw/eurosat/remoteclip_vit_b32/rs_cpc/shot_1/M_1/random_group_mean/seed_1/20260518T015317_cd697509/metrics.json,outputs/preflight/post_run_result/eurosat_remoteclip_vit_b32/full_matrix_20260518T022057Z/cmd_013_rs_cpc_seed1_shot1/eurosat_remoteclip_vit_b32_rs_cpc_seed1/20260518T022115/result_run_preflight_report.json
eurosat,1,1,remoteclip_vit_b32,rs_cpc,rs_cpc_M1_medoid,1,10,0,0.0,6.23573150858283,1731.953979278122,,1,medoid,results/raw/eurosat/remoteclip_vit_b32/rs_cpc/shot_1/M_1/medoid/seed_1/20260518T015327_4fa427f7,results/raw/eurosat/remoteclip_vit_b32/rs_cpc/shot_1/M_1/medoid/seed_1/20260518T015327_4fa427f7/metrics.json,outputs/preflight/post_run_result/eurosat_remoteclip_vit_b32/full_matrix_20260518T022057Z/cmd_014_rs_cpc_seed1_shot1/eurosat_remoteclip_vit_b32_rs_cpc_seed1/20260518T022116/result_run_preflight_report.json
eurosat,2,2,remoteclip_vit_b32,rs_cpc,rs_cpc_M1_mean,1,10,0,0.0,6.274547845125198,1721.239564439803,,1,mean,results/raw/eurosat/remoteclip_vit_b32/rs_cpc/shot_2/M_1/mean/seed_1/20260518T015336_de6bbd96,results/raw/eurosat/remoteclip_vit_b32/rs_cpc/shot_2/M_1/mean/seed_1/20260518T015336_de6bbd96/metrics.json,outputs/preflight/post_run_result/eurosat_remoteclip_vit_b32/full_matrix_20260518T022057Z/cmd_015_rs_cpc_seed1_shot2/eurosat_remoteclip_vit_b32_rs_cpc_seed1/20260518T022117/result_run_preflight_report.json
eurosat,2,2,remoteclip_vit_b32,rs_cpc,rs_cpc_M1_random_group_mean,1,10,0,0.0,6.263114023953676,1724.3818264675872,,1,random_group_mean,results/raw/eurosat/remoteclip_vit_b32/rs_cpc/shot_2/M_1/random_group_mean/seed_1/20260518T015345_bbbc49d4,results/raw/eurosat/remoteclip_vit_b32/rs_cpc/shot_2/M_1/random_group_mean/seed_1/20260518T015345_bbbc49d4/metrics.json,outputs/preflight/post_run_result/eurosat_remoteclip_vit_b32/full_matrix_20260518T022057Z/cmd_016_rs_cpc_seed1_shot2/eurosat_remoteclip_vit_b32_rs_cpc_seed1/20260518T022119/result_run_preflight_report.json
eurosat,2,2,remoteclip_vit_b32,rs_cpc,rs_cpc_M2_random_group_mean,1,20,0,0.0,8.357100943103433,1292.3141737222322,,2,random_group_mean,results/raw/eurosat/remoteclip_vit_b32/rs_cpc/shot_2/M_2/random_group_mean/seed_1/20260518T015356_401ce8cc,results/raw/eurosat/remoteclip_vit_b32/rs_cpc/shot_2/M_2/random_group_mean/seed_1/20260518T015356_401ce8cc/metrics.json,outputs/preflight/post_run_result/eurosat_remoteclip_vit_b32/full_matrix_20260518T022057Z/cmd_017_rs_cpc_seed1_shot2/eurosat_remoteclip_vit_b32_rs_cpc_seed1/20260518T022120/result_run_preflight_report.json
eurosat,2,2,remoteclip_vit_b32,rs_cpc,rs_cpc_M1_medoid,1,10,0,0.0,6.3400894701480865,1703.4459924976015,,1,medoid,results/raw/eurosat/remoteclip_vit_b32/rs_cpc/shot_2/M_1/medoid/seed_1/20260518T015406_10b441d6,results/raw/eurosat/remoteclip_vit_b32/rs_cpc/shot_2/M_1/medoid/seed_1/20260518T015406_10b441d6/metrics.json,outputs/preflight/post_run_result/eurosat_remoteclip_vit_b32/full_matrix_20260518T022057Z/cmd_018_rs_cpc_seed1_shot2/eurosat_remoteclip_vit_b32_rs_cpc_seed1/20260518T022121/result_run_preflight_report.json
eurosat,2,2,remoteclip_vit_b32,rs_cpc,rs_cpc_M2_medoid,1,20,0,0.0,8.340499006211758,1294.8865519864553,,2,medoid,results/raw/eurosat/remoteclip_vit_b32/rs_cpc/shot_2/M_2/medoid/seed_1/20260518T015417_146ecd26,results/raw/eurosat/remoteclip_vit_b32/rs_cpc/shot_2/M_2/medoid/seed_1/20260518T015417_146ecd26/metrics.json,outputs/preflight/post_run_result/eurosat_remoteclip_vit_b32/full_matrix_20260518T022057Z/cmd_019_rs_cpc_seed1_shot2/eurosat_remoteclip_vit_b32_rs_cpc_seed1/20260518T022123/result_run_preflight_report.json
eurosat,4,4,remoteclip_vit_b32,rs_cpc,rs_cpc_M1_mean,1,10,0,0.0,6.399315992370248,1687.6803728518146,,1,mean,results/raw/eurosat/remoteclip_vit_b32/rs_cpc/shot_4/M_1/mean/seed_1/20260518T015426_07df4253,results/raw/eurosat/remoteclip_vit_b32/rs_cpc/shot_4/M_1/mean/seed_1/20260518T015426_07df4253/metrics.json,outputs/preflight/post_run_result/eurosat_remoteclip_vit_b32/full_matrix_20260518T022057Z/cmd_020_rs_cpc_seed1_shot4/eurosat_remoteclip_vit_b32_rs_cpc_seed1/20260518T022124/result_run_preflight_report.json
eurosat,4,4,remoteclip_vit_b32,rs_cpc,rs_cpc_M1_random_group_mean,1,10,0,0.0,6.146692633628845,1757.042468808785,,1,random_group_mean,results/raw/eurosat/remoteclip_vit_b32/rs_cpc/shot_4/M_1/random_group_mean/seed_1/20260518T015436_36797338,results/raw/eurosat/remoteclip_vit_b32/rs_cpc/shot_4/M_1/random_group_mean/seed_1/20260518T015436_36797338/metrics.json,outputs/preflight/post_run_result/eurosat_remoteclip_vit_b32/full_matrix_20260518T022057Z/cmd_021_rs_cpc_seed1_shot4/eurosat_remoteclip_vit_b32_rs_cpc_seed1/20260518T022126/result_run_preflight_report.json
eurosat,4,4,remoteclip_vit_b32,rs_cpc,rs_cpc_M2_random_group_mean,1,20,0,0.0,8.551252195611596,1262.9729252450811,,2,random_group_mean,results/raw/eurosat/remoteclip_vit_b32/rs_cpc/shot_4/M_2/random_group_mean/seed_1/20260518T015447_d26594c4,results/raw/eurosat/remoteclip_vit_b32/rs_cpc/shot_4/M_2/random_group_mean/seed_1/20260518T015447_d26594c4/metrics.json,outputs/preflight/post_run_result/eurosat_remoteclip_vit_b32/full_matrix_20260518T022057Z/cmd_022_rs_cpc_seed1_shot4/eurosat_remoteclip_vit_b32_rs_cpc_seed1/20260518T022127/result_run_preflight_report.json
eurosat,4,4,remoteclip_vit_b32,rs_cpc,rs_cpc_M4_random_group_mean,1,40,0,0.0,12.151820940896869,888.7556895816886,,4,random_group_mean,results/raw/eurosat/remoteclip_vit_b32/rs_cpc/shot_4/M_4/random_group_mean/seed_1/20260518T015502_39f7d75f,results/raw/eurosat/remoteclip_vit_b32/rs_cpc/shot_4/M_4/random_group_mean/seed_1/20260518T015502_39f7d75f/metrics.json,outputs/preflight/post_run_result/eurosat_remoteclip_vit_b32/full_matrix_20260518T022057Z/cmd_023_rs_cpc_seed1_shot4/eurosat_remoteclip_vit_b32_rs_cpc_seed1/20260518T022128/result_run_preflight_report.json
eurosat,4,4,remoteclip_vit_b32,rs_cpc,rs_cpc_M1_medoid,1,10,0,0.0,6.0712686367332935,1778.870388744822,,1,medoid,results/raw/eurosat/remoteclip_vit_b32/rs_cpc/shot_4/M_1/medoid/seed_1/20260518T015511_9fd249b0,results/raw/eurosat/remoteclip_vit_b32/rs_cpc/shot_4/M_1/medoid/seed_1/20260518T015511_9fd249b0/metrics.json,outputs/preflight/post_run_result/eurosat_remoteclip_vit_b32/full_matrix_20260518T022057Z/cmd_024_rs_cpc_seed1_shot4/eurosat_remoteclip_vit_b32_rs_cpc_seed1/20260518T022130/result_run_preflight_report.json
eurosat,4,4,remoteclip_vit_b32,rs_cpc,rs_cpc_M2_medoid,1,20,0,0.0,8.406080147251487,1284.7843240622976,,2,medoid,results/raw/eurosat/remoteclip_vit_b32/rs_cpc/shot_4/M_2/medoid/seed_1/20260518T015523_f5368308,results/raw/eurosat/remoteclip_vit_b32/rs_cpc/shot_4/M_2/medoid/seed_1/20260518T015523_f5368308/metrics.json,outputs/preflight/post_run_result/eurosat_remoteclip_vit_b32/full_matrix_20260518T022057Z/cmd_025_rs_cpc_seed1_shot4/eurosat_remoteclip_vit_b32_rs_cpc_seed1/20260518T022131/result_run_preflight_report.json
eurosat,4,4,remoteclip_vit_b32,rs_cpc,rs_cpc_M4_medoid,1,40,0,0.0,12.278869207948446,879.5598207861735,,4,medoid,results/raw/eurosat/remoteclip_vit_b32/rs_cpc/shot_4/M_4/medoid/seed_1/20260518T015538_871961da,results/raw/eurosat/remoteclip_vit_b32/rs_cpc/shot_4/M_4/medoid/seed_1/20260518T015538_871961da/metrics.json,outputs/preflight/post_run_result/eurosat_remoteclip_vit_b32/full_matrix_20260518T022057Z/cmd_026_rs_cpc_seed1_shot4/eurosat_remoteclip_vit_b32_rs_cpc_seed1/20260518T022132/result_run_preflight_report.json
eurosat,8,8,remoteclip_vit_b32,rs_cpc,rs_cpc_M1_mean,1,10,0,0.0,6.303457261994481,1713.3454786973148,,1,mean,results/raw/eurosat/remoteclip_vit_b32/rs_cpc/shot_8/M_1/mean/seed_1/20260518T015547_31f82f17,results/raw/eurosat/remoteclip_vit_b32/rs_cpc/shot_8/M_1/mean/seed_1/20260518T015547_31f82f17/metrics.json,outputs/preflight/post_run_result/eurosat_remoteclip_vit_b32/full_matrix_20260518T022057Z/cmd_027_rs_cpc_seed1_shot8/eurosat_remoteclip_vit_b32_rs_cpc_seed1/20260518T022134/result_run_preflight_report.json
eurosat,8,8,remoteclip_vit_b32,rs_cpc,rs_cpc_M1_random_group_mean,1,10,0,0.0,6.347111821174622,1701.5613249431156,,1,random_group_mean,results/raw/eurosat/remoteclip_vit_b32/rs_cpc/shot_8/M_1/random_group_mean/seed_1/20260518T015557_50f6107e,results/raw/eurosat/remoteclip_vit_b32/rs_cpc/shot_8/M_1/random_group_mean/seed_1/20260518T015557_50f6107e/metrics.json,outputs/preflight/post_run_result/eurosat_remoteclip_vit_b32/full_matrix_20260518T022057Z/cmd_028_rs_cpc_seed1_shot8/eurosat_remoteclip_vit_b32_rs_cpc_seed1/20260518T022135/result_run_preflight_report.json
eurosat,8,8,remoteclip_vit_b32,rs_cpc,rs_cpc_M2_random_group_mean,1,20,0,0.0,8.503092151135206,1270.1261856321462,,2,random_group_mean,results/raw/eurosat/remoteclip_vit_b32/rs_cpc/shot_8/M_2/random_group_mean/seed_1/20260518T015608_d67d77e5,results/raw/eurosat/remoteclip_vit_b32/rs_cpc/shot_8/M_2/random_group_mean/seed_1/20260518T015608_d67d77e5/metrics.json,outputs/preflight/post_run_result/eurosat_remoteclip_vit_b32/full_matrix_20260518T022057Z/cmd_029_rs_cpc_seed1_shot8/eurosat_remoteclip_vit_b32_rs_cpc_seed1/20260518T022136/result_run_preflight_report.json
eurosat,8,8,remoteclip_vit_b32,rs_cpc,rs_cpc_M4_random_group_mean,1,40,0,0.0,12.4438266903162,867.9002262547237,,4,random_group_mean,results/raw/eurosat/remoteclip_vit_b32/rs_cpc/shot_8/M_4/random_group_mean/seed_1/20260518T015624_73d97f23,results/raw/eurosat/remoteclip_vit_b32/rs_cpc/shot_8/M_4/random_group_mean/seed_1/20260518T015624_73d97f23/metrics.json,outputs/preflight/post_run_result/eurosat_remoteclip_vit_b32/full_matrix_20260518T022057Z/cmd_030_rs_cpc_seed1_shot8/eurosat_remoteclip_vit_b32_rs_cpc_seed1/20260518T022138/result_run_preflight_report.json
eurosat,8,8,remoteclip_vit_b32,rs_cpc,rs_cpc_M8_random_group_mean,1,80,0,0.0,20.752678709104657,520.414745073936,,8,random_group_mean,results/raw/eurosat/remoteclip_vit_b32/rs_cpc/shot_8/M_8/random_group_mean/seed_1/20260518T015648_e6f4b088,results/raw/eurosat/remoteclip_vit_b32/rs_cpc/shot_8/M_8/random_group_mean/seed_1/20260518T015648_e6f4b088/metrics.json,outputs/preflight/post_run_result/eurosat_remoteclip_vit_b32/full_matrix_20260518T022057Z/cmd_031_rs_cpc_seed1_shot8/eurosat_remoteclip_vit_b32_rs_cpc_seed1/20260518T022139/result_run_preflight_report.json
eurosat,8,8,remoteclip_vit_b32,rs_cpc,rs_cpc_M1_medoid,1,10,0,0.0,6.185222204774618,1746.0973336839947,,1,medoid,results/raw/eurosat/remoteclip_vit_b32/rs_cpc/shot_8/M_1/medoid/seed_1/20260518T015657_db5944f4,results/raw/eurosat/remoteclip_vit_b32/rs_cpc/shot_8/M_1/medoid/seed_1/20260518T015657_db5944f4/metrics.json,outputs/preflight/post_run_result/eurosat_remoteclip_vit_b32/full_matrix_20260518T022057Z/cmd_032_rs_cpc_seed1_shot8/eurosat_remoteclip_vit_b32_rs_cpc_seed1/20260518T022140/result_run_preflight_report.json
eurosat,8,8,remoteclip_vit_b32,rs_cpc,rs_cpc_M2_medoid,1,20,0,0.0,8.33481908775866,1295.768976661047,,2,medoid,results/raw/eurosat/remoteclip_vit_b32/rs_cpc/shot_8/M_2/medoid/seed_1/20260518T015708_8f4b8aa2,results/raw/eurosat/remoteclip_vit_b32/rs_cpc/shot_8/M_2/medoid/seed_1/20260518T015708_8f4b8aa2/metrics.json,outputs/preflight/post_run_result/eurosat_remoteclip_vit_b32/full_matrix_20260518T022057Z/cmd_033_rs_cpc_seed1_shot8/eurosat_remoteclip_vit_b32_rs_cpc_seed1/20260518T022142/result_run_preflight_report.json
eurosat,8,8,remoteclip_vit_b32,rs_cpc,rs_cpc_M4_medoid,1,40,0,0.0,13.251645328477025,814.9931372515246,,4,medoid,results/raw/eurosat/remoteclip_vit_b32/rs_cpc/shot_8/M_4/medoid/seed_1/20260518T015724_1aac3f16,results/raw/eurosat/remoteclip_vit_b32/rs_cpc/shot_8/M_4/medoid/seed_1/20260518T015724_1aac3f16/metrics.json,outputs/preflight/post_run_result/eurosat_remoteclip_vit_b32/full_matrix_20260518T022057Z/cmd_034_rs_cpc_seed1_shot8/eurosat_remoteclip_vit_b32_rs_cpc_seed1/20260518T022143/result_run_preflight_report.json
eurosat,8,8,remoteclip_vit_b32,rs_cpc,rs_cpc_M8_medoid,1,80,0,0.0,20.33628836646676,531.0703607944756,,8,medoid,results/raw/eurosat/remoteclip_vit_b32/rs_cpc/shot_8/M_8/medoid/seed_1/20260518T015747_f9dc0638,results/raw/eurosat/remoteclip_vit_b32/rs_cpc/shot_8/M_8/medoid/seed_1/20260518T015747_f9dc0638/metrics.json,outputs/preflight/post_run_result/eurosat_remoteclip_vit_b32/full_matrix_20260518T022057Z/cmd_035_rs_cpc_seed1_shot8/eurosat_remoteclip_vit_b32_rs_cpc_seed1/20260518T022144/result_run_preflight_report.json
eurosat,16,16,remoteclip_vit_b32,rs_cpc,rs_cpc_M1_mean,1,10,0,0.0,6.149780785664916,1756.1601586148734,,1,mean,results/raw/eurosat/remoteclip_vit_b32/rs_cpc/shot_16/M_1/mean/seed_1/20260518T015757_ae1e24f0,results/raw/eurosat/remoteclip_vit_b32/rs_cpc/shot_16/M_1/mean/seed_1/20260518T015757_ae1e24f0/metrics.json,outputs/preflight/post_run_result/eurosat_remoteclip_vit_b32/full_matrix_20260518T022057Z/cmd_036_rs_cpc_seed1_shot16/eurosat_remoteclip_vit_b32_rs_cpc_seed1/20260518T022146/result_run_preflight_report.json
eurosat,16,16,remoteclip_vit_b32,rs_cpc,rs_cpc_M1_random_group_mean,1,10,0,0.0,6.132571324706078,1761.0883637815045,,1,random_group_mean,results/raw/eurosat/remoteclip_vit_b32/rs_cpc/shot_16/M_1/random_group_mean/seed_1/20260518T015806_c8533cee,results/raw/eurosat/remoteclip_vit_b32/rs_cpc/shot_16/M_1/random_group_mean/seed_1/20260518T015806_c8533cee/metrics.json,outputs/preflight/post_run_result/eurosat_remoteclip_vit_b32/full_matrix_20260518T022057Z/cmd_037_rs_cpc_seed1_shot16/eurosat_remoteclip_vit_b32_rs_cpc_seed1/20260518T022147/result_run_preflight_report.json
eurosat,16,16,remoteclip_vit_b32,rs_cpc,rs_cpc_M2_random_group_mean,1,20,0,0.0,8.261855417862535,1307.2124182480698,,2,random_group_mean,results/raw/eurosat/remoteclip_vit_b32/rs_cpc/shot_16/M_2/random_group_mean/seed_1/20260518T015817_aad4b555,results/raw/eurosat/remoteclip_vit_b32/rs_cpc/shot_16/M_2/random_group_mean/seed_1/20260518T015817_aad4b555/metrics.json,outputs/preflight/post_run_result/eurosat_remoteclip_vit_b32/full_matrix_20260518T022057Z/cmd_038_rs_cpc_seed1_shot16/eurosat_remoteclip_vit_b32_rs_cpc_seed1/20260518T022148/result_run_preflight_report.json
eurosat,16,16,remoteclip_vit_b32,rs_cpc,rs_cpc_M4_random_group_mean,1,40,0,0.0,12.193911986425519,885.6878753941108,,4,random_group_mean,results/raw/eurosat/remoteclip_vit_b32/rs_cpc/shot_16/M_4/random_group_mean/seed_1/20260518T015832_f28033e8,results/raw/eurosat/remoteclip_vit_b32/rs_cpc/shot_16/M_4/random_group_mean/seed_1/20260518T015832_f28033e8/metrics.json,outputs/preflight/post_run_result/eurosat_remoteclip_vit_b32/full_matrix_20260518T022057Z/cmd_039_rs_cpc_seed1_shot16/eurosat_remoteclip_vit_b32_rs_cpc_seed1/20260518T022150/result_run_preflight_report.json
eurosat,16,16,remoteclip_vit_b32,rs_cpc,rs_cpc_M8_random_group_mean,1,80,0,0.0,20.17091647721827,535.4243577478442,,8,random_group_mean,results/raw/eurosat/remoteclip_vit_b32/rs_cpc/shot_16/M_8/random_group_mean/seed_1/20260518T015855_1028f2e6,results/raw/eurosat/remoteclip_vit_b32/rs_cpc/shot_16/M_8/random_group_mean/seed_1/20260518T015855_1028f2e6/metrics.json,outputs/preflight/post_run_result/eurosat_remoteclip_vit_b32/full_matrix_20260518T022057Z/cmd_040_rs_cpc_seed1_shot16/eurosat_remoteclip_vit_b32_rs_cpc_seed1/20260518T022151/result_run_preflight_report.json
eurosat,16,16,remoteclip_vit_b32,rs_cpc,rs_cpc_M1_medoid,1,10,0,0.0,6.114971350878477,1766.157088936888,,1,medoid,results/raw/eurosat/remoteclip_vit_b32/rs_cpc/shot_16/M_1/medoid/seed_1/20260518T015905_75da690a,results/raw/eurosat/remoteclip_vit_b32/rs_cpc/shot_16/M_1/medoid/seed_1/20260518T015905_75da690a/metrics.json,outputs/preflight/post_run_result/eurosat_remoteclip_vit_b32/full_matrix_20260518T022057Z/cmd_041_rs_cpc_seed1_shot16/eurosat_remoteclip_vit_b32_rs_cpc_seed1/20260518T022153/result_run_preflight_report.json
eurosat,16,16,remoteclip_vit_b32,rs_cpc,rs_cpc_M2_medoid,1,20,0,0.0,8.174517063423991,1321.1789658282632,,2,medoid,results/raw/eurosat/remoteclip_vit_b32/rs_cpc/shot_16/M_2/medoid/seed_1/20260518T015916_4b368d1b,results/raw/eurosat/remoteclip_vit_b32/rs_cpc/shot_16/M_2/medoid/seed_1/20260518T015916_4b368d1b/metrics.json,outputs/preflight/post_run_result/eurosat_remoteclip_vit_b32/full_matrix_20260518T022057Z/cmd_042_rs_cpc_seed1_shot16/eurosat_remoteclip_vit_b32_rs_cpc_seed1/20260518T022154/result_run_preflight_report.json
eurosat,16,16,remoteclip_vit_b32,rs_cpc,rs_cpc_M4_medoid,1,40,0,0.0,12.195060892030597,885.6044340916526,,4,medoid,results/raw/eurosat/remoteclip_vit_b32/rs_cpc/shot_16/M_4/medoid/seed_1/20260518T015931_8b011395,results/raw/eurosat/remoteclip_vit_b32/rs_cpc/shot_16/M_4/medoid/seed_1/20260518T015931_8b011395/metrics.json,outputs/preflight/post_run_result/eurosat_remoteclip_vit_b32/full_matrix_20260518T022057Z/cmd_043_rs_cpc_seed1_shot16/eurosat_remoteclip_vit_b32_rs_cpc_seed1/20260518T022155/result_run_preflight_report.json
eurosat,16,16,remoteclip_vit_b32,rs_cpc,rs_cpc_M8_medoid,1,80,0,0.0,21.313507422804832,506.7209157909089,,8,medoid,results/raw/eurosat/remoteclip_vit_b32/rs_cpc/shot_16/M_8/medoid/seed_1/20260518T015955_ea1a8364,results/raw/eurosat/remoteclip_vit_b32/rs_cpc/shot_16/M_8/medoid/seed_1/20260518T015955_ea1a8364/metrics.json,outputs/preflight/post_run_result/eurosat_remoteclip_vit_b32/full_matrix_20260518T022057Z/cmd_044_rs_cpc_seed1_shot16/eurosat_remoteclip_vit_b32_rs_cpc_seed1/20260518T022157/result_run_preflight_report.json
eurosat,,zero_shot,remoteclip_vit_b32,zero_shot,zero_shot,2,10,0,0.0,3.0461765620857477,3545.428106309482,,,,results/raw/eurosat/remoteclip_vit_b32/zero_shot/seed_2/20260518T020001_93abd5a1,results/raw/eurosat/remoteclip_vit_b32/zero_shot/seed_2/20260518T020001_93abd5a1/metrics.json,outputs/preflight/post_run_result/eurosat_remoteclip_vit_b32/full_matrix_20260518T022057Z/cmd_045_zero_shot_seed2_shotNone/eurosat_remoteclip_vit_b32_zero_shot_seed2/20260518T022158/result_run_preflight_report.json
eurosat,1,1,remoteclip_vit_b32,tip_adapter,tip_adapter,2,10,0,0.0,6.344928150996566,1702.1469342097591,,,,results/raw/eurosat/remoteclip_vit_b32/tip_adapter/shot_1/seed_2/20260518T020011_1a02610c,results/raw/eurosat/remoteclip_vit_b32/tip_adapter/shot_1/seed_2/20260518T020011_1a02610c/metrics.json,outputs/preflight/post_run_result/eurosat_remoteclip_vit_b32/full_matrix_20260518T022057Z/cmd_046_tip_adapter_seed2_shot1/eurosat_remoteclip_vit_b32_tip_adapter_seed2/20260518T022159/result_run_preflight_report.json
eurosat,2,2,remoteclip_vit_b32,tip_adapter,tip_adapter,2,20,0,0.0,8.260821759700775,1307.3759868160137,,,,results/raw/eurosat/remoteclip_vit_b32/tip_adapter/shot_2/seed_2/20260518T020022_17e6633a,results/raw/eurosat/remoteclip_vit_b32/tip_adapter/shot_2/seed_2/20260518T020022_17e6633a/metrics.json,outputs/preflight/post_run_result/eurosat_remoteclip_vit_b32/full_matrix_20260518T022057Z/cmd_047_tip_adapter_seed2_shot2/eurosat_remoteclip_vit_b32_tip_adapter_seed2/20260518T022201/result_run_preflight_report.json
eurosat,4,4,remoteclip_vit_b32,tip_adapter,tip_adapter,2,40,0,0.0,12.32662421092391,876.1522875361927,,,,results/raw/eurosat/remoteclip_vit_b32/tip_adapter/shot_4/seed_2/20260518T020037_31c7c88c,results/raw/eurosat/remoteclip_vit_b32/tip_adapter/shot_4/seed_2/20260518T020037_31c7c88c/metrics.json,outputs/preflight/post_run_result/eurosat_remoteclip_vit_b32/full_matrix_20260518T022057Z/cmd_048_tip_adapter_seed2_shot4/eurosat_remoteclip_vit_b32_tip_adapter_seed2/20260518T022202/result_run_preflight_report.json
eurosat,8,8,remoteclip_vit_b32,tip_adapter,tip_adapter,2,80,0,0.0,20.312142269685864,531.7016716704509,,,,results/raw/eurosat/remoteclip_vit_b32/tip_adapter/shot_8/seed_2/20260518T020100_f33199bb,results/raw/eurosat/remoteclip_vit_b32/tip_adapter/shot_8/seed_2/20260518T020100_f33199bb/metrics.json,outputs/preflight/post_run_result/eurosat_remoteclip_vit_b32/full_matrix_20260518T022057Z/cmd_049_tip_adapter_seed2_shot8/eurosat_remoteclip_vit_b32_tip_adapter_seed2/20260518T022203/result_run_preflight_report.json
eurosat,16,16,remoteclip_vit_b32,tip_adapter,tip_adapter,2,160,0,0.0,36.55724649876356,295.42706397116854,,,,results/raw/eurosat/remoteclip_vit_b32/tip_adapter/shot_16/seed_2/20260518T020140_e25b322f,results/raw/eurosat/remoteclip_vit_b32/tip_adapter/shot_16/seed_2/20260518T020140_e25b322f/metrics.json,outputs/preflight/post_run_result/eurosat_remoteclip_vit_b32/full_matrix_20260518T022057Z/cmd_050_tip_adapter_seed2_shot16/eurosat_remoteclip_vit_b32_tip_adapter_seed2/20260518T022205/result_run_preflight_report.json
eurosat,1,1,remoteclip_vit_b32,proto_adapter,proto_adapter,2,10,0,0.0,6.54518092982471,1650.068976823417,,,,results/raw/eurosat/remoteclip_vit_b32/proto_adapter/shot_1/seed_2/20260518T020149_9d0c8b9d,results/raw/eurosat/remoteclip_vit_b32/proto_adapter/shot_1/seed_2/20260518T020149_9d0c8b9d/metrics.json,outputs/preflight/post_run_result/eurosat_remoteclip_vit_b32/full_matrix_20260518T022057Z/cmd_051_proto_adapter_seed2_shot1/eurosat_remoteclip_vit_b32_proto_adapter_seed2/20260518T022206/result_run_preflight_report.json
eurosat,2,2,remoteclip_vit_b32,proto_adapter,proto_adapter,2,10,0,0.0,6.413298679515719,1684.0007833247412,,,,results/raw/eurosat/remoteclip_vit_b32/proto_adapter/shot_2/seed_2/20260518T020158_893dfb62,results/raw/eurosat/remoteclip_vit_b32/proto_adapter/shot_2/seed_2/20260518T020158_893dfb62/metrics.json,outputs/preflight/post_run_result/eurosat_remoteclip_vit_b32/full_matrix_20260518T022057Z/cmd_052_proto_adapter_seed2_shot2/eurosat_remoteclip_vit_b32_proto_adapter_seed2/20260518T022208/result_run_preflight_report.json
eurosat,4,4,remoteclip_vit_b32,proto_adapter,proto_adapter,2,10,0,0.0,6.339831093326211,1703.51541563448,,,,results/raw/eurosat/remoteclip_vit_b32/proto_adapter/shot_4/seed_2/20260518T020208_a4c0b802,results/raw/eurosat/remoteclip_vit_b32/proto_adapter/shot_4/seed_2/20260518T020208_a4c0b802/metrics.json,outputs/preflight/post_run_result/eurosat_remoteclip_vit_b32/full_matrix_20260518T022057Z/cmd_053_proto_adapter_seed2_shot4/eurosat_remoteclip_vit_b32_proto_adapter_seed2/20260518T022209/result_run_preflight_report.json
eurosat,8,8,remoteclip_vit_b32,proto_adapter,proto_adapter,2,10,0,0.0,6.284212125465274,1718.5925274921212,,,,results/raw/eurosat/remoteclip_vit_b32/proto_adapter/shot_8/seed_2/20260518T020217_fc5e926f,results/raw/eurosat/remoteclip_vit_b32/proto_adapter/shot_8/seed_2/20260518T020217_fc5e926f/metrics.json,outputs/preflight/post_run_result/eurosat_remoteclip_vit_b32/full_matrix_20260518T022057Z/cmd_054_proto_adapter_seed2_shot8/eurosat_remoteclip_vit_b32_proto_adapter_seed2/20260518T022210/result_run_preflight_report.json
eurosat,16,16,remoteclip_vit_b32,proto_adapter,proto_adapter,2,10,0,0.0,6.377627611160278,1693.4196629952123,,,,results/raw/eurosat/remoteclip_vit_b32/proto_adapter/shot_16/seed_2/20260518T020226_4e6927ca,results/raw/eurosat/remoteclip_vit_b32/proto_adapter/shot_16/seed_2/20260518T020226_4e6927ca/metrics.json,outputs/preflight/post_run_result/eurosat_remoteclip_vit_b32/full_matrix_20260518T022057Z/cmd_055_proto_adapter_seed2_shot16/eurosat_remoteclip_vit_b32_proto_adapter_seed2/20260518T022212/result_run_preflight_report.json
eurosat,1,1,remoteclip_vit_b32,rs_cpc,rs_cpc_M1_mean,2,10,0,0.0,6.204395150765777,1740.7015087791453,,1,mean,results/raw/eurosat/remoteclip_vit_b32/rs_cpc/shot_1/M_1/mean/seed_2/20260518T020235_690e0aad,results/raw/eurosat/remoteclip_vit_b32/rs_cpc/shot_1/M_1/mean/seed_2/20260518T020235_690e0aad/metrics.json,outputs/preflight/post_run_result/eurosat_remoteclip_vit_b32/full_matrix_20260518T022057Z/cmd_056_rs_cpc_seed2_shot1/eurosat_remoteclip_vit_b32_rs_cpc_seed2/20260518T022213/result_run_preflight_report.json
eurosat,1,1,remoteclip_vit_b32,rs_cpc,rs_cpc_M1_random_group_mean,2,10,0,0.0,6.146301848813891,1757.154182410383,,1,random_group_mean,results/raw/eurosat/remoteclip_vit_b32/rs_cpc/shot_1/M_1/random_group_mean/seed_2/20260518T020244_a7cc3038,results/raw/eurosat/remoteclip_vit_b32/rs_cpc/shot_1/M_1/random_group_mean/seed_2/20260518T020244_a7cc3038/metrics.json,outputs/preflight/post_run_result/eurosat_remoteclip_vit_b32/full_matrix_20260518T022057Z/cmd_057_rs_cpc_seed2_shot1/eurosat_remoteclip_vit_b32_rs_cpc_seed2/20260518T022214/result_run_preflight_report.json
eurosat,1,1,remoteclip_vit_b32,rs_cpc,rs_cpc_M1_medoid,2,10,0,0.0,6.293081235140562,1716.1704412288223,,1,medoid,results/raw/eurosat/remoteclip_vit_b32/rs_cpc/shot_1/M_1/medoid/seed_2/20260518T020254_4d8a8c8f,results/raw/eurosat/remoteclip_vit_b32/rs_cpc/shot_1/M_1/medoid/seed_2/20260518T020254_4d8a8c8f/metrics.json,outputs/preflight/post_run_result/eurosat_remoteclip_vit_b32/full_matrix_20260518T022057Z/cmd_058_rs_cpc_seed2_shot1/eurosat_remoteclip_vit_b32_rs_cpc_seed2/20260518T022216/result_run_preflight_report.json
eurosat,2,2,remoteclip_vit_b32,rs_cpc,rs_cpc_M1_mean,2,10,0,0.0,6.125689322128892,1763.0668863641654,,1,mean,results/raw/eurosat/remoteclip_vit_b32/rs_cpc/shot_2/M_1/mean/seed_2/20260518T020303_3b9810a3,results/raw/eurosat/remoteclip_vit_b32/rs_cpc/shot_2/M_1/mean/seed_2/20260518T020303_3b9810a3/metrics.json,outputs/preflight/post_run_result/eurosat_remoteclip_vit_b32/full_matrix_20260518T022057Z/cmd_059_rs_cpc_seed2_shot2/eurosat_remoteclip_vit_b32_rs_cpc_seed2/20260518T022217/result_run_preflight_report.json
eurosat,2,2,remoteclip_vit_b32,rs_cpc,rs_cpc_M1_random_group_mean,2,10,0,0.0,6.140140984207392,1758.9172671731628,,1,random_group_mean,results/raw/eurosat/remoteclip_vit_b32/rs_cpc/shot_2/M_1/random_group_mean/seed_2/20260518T020312_922c37b0,results/raw/eurosat/remoteclip_vit_b32/rs_cpc/shot_2/M_1/random_group_mean/seed_2/20260518T020312_922c37b0/metrics.json,outputs/preflight/post_run_result/eurosat_remoteclip_vit_b32/full_matrix_20260518T022057Z/cmd_060_rs_cpc_seed2_shot2/eurosat_remoteclip_vit_b32_rs_cpc_seed2/20260518T022219/result_run_preflight_report.json
eurosat,2,2,remoteclip_vit_b32,rs_cpc,rs_cpc_M2_random_group_mean,2,20,0,0.0,8.090548440814018,1334.8909630795529,,2,random_group_mean,results/raw/eurosat/remoteclip_vit_b32/rs_cpc/shot_2/M_2/random_group_mean/seed_2/20260518T020323_ebcf09d9,results/raw/eurosat/remoteclip_vit_b32/rs_cpc/shot_2/M_2/random_group_mean/seed_2/20260518T020323_ebcf09d9/metrics.json,outputs/preflight/post_run_result/eurosat_remoteclip_vit_b32/full_matrix_20260518T022057Z/cmd_061_rs_cpc_seed2_shot2/eurosat_remoteclip_vit_b32_rs_cpc_seed2/20260518T022220/result_run_preflight_report.json
eurosat,2,2,remoteclip_vit_b32,rs_cpc,rs_cpc_M1_medoid,2,10,0,0.0,6.173245785757899,1749.4848536431741,,1,medoid,results/raw/eurosat/remoteclip_vit_b32/rs_cpc/shot_2/M_1/medoid/seed_2/20260518T020332_6fb73d16,results/raw/eurosat/remoteclip_vit_b32/rs_cpc/shot_2/M_1/medoid/seed_2/20260518T020332_6fb73d16/metrics.json,outputs/preflight/post_run_result/eurosat_remoteclip_vit_b32/full_matrix_20260518T022057Z/cmd_062_rs_cpc_seed2_shot2/eurosat_remoteclip_vit_b32_rs_cpc_seed2/20260518T022221/result_run_preflight_report.json
eurosat,2,2,remoteclip_vit_b32,rs_cpc,rs_cpc_M2_medoid,2,20,0,0.0,8.468994095921516,1275.2399963534094,,2,medoid,results/raw/eurosat/remoteclip_vit_b32/rs_cpc/shot_2/M_2/medoid/seed_2/20260518T020343_0b97e6d5,results/raw/eurosat/remoteclip_vit_b32/rs_cpc/shot_2/M_2/medoid/seed_2/20260518T020343_0b97e6d5/metrics.json,outputs/preflight/post_run_result/eurosat_remoteclip_vit_b32/full_matrix_20260518T022057Z/cmd_063_rs_cpc_seed2_shot2/eurosat_remoteclip_vit_b32_rs_cpc_seed2/20260518T022223/result_run_preflight_report.json
eurosat,4,4,remoteclip_vit_b32,rs_cpc,rs_cpc_M1_mean,2,10,0,0.0,6.331497341394424,1705.7576458875128,,1,mean,results/raw/eurosat/remoteclip_vit_b32/rs_cpc/shot_4/M_1/mean/seed_2/20260518T020353_6e2f38e7,results/raw/eurosat/remoteclip_vit_b32/rs_cpc/shot_4/M_1/mean/seed_2/20260518T020353_6e2f38e7/metrics.json,outputs/preflight/post_run_result/eurosat_remoteclip_vit_b32/full_matrix_20260518T022057Z/cmd_064_rs_cpc_seed2_shot4/eurosat_remoteclip_vit_b32_rs_cpc_seed2/20260518T022224/result_run_preflight_report.json
eurosat,4,4,remoteclip_vit_b32,rs_cpc,rs_cpc_M1_random_group_mean,2,10,0,0.0,6.300904078409076,1714.0397418535067,,1,random_group_mean,results/raw/eurosat/remoteclip_vit_b32/rs_cpc/shot_4/M_1/random_group_mean/seed_2/20260518T020402_9a39a223,results/raw/eurosat/remoteclip_vit_b32/rs_cpc/shot_4/M_1/random_group_mean/seed_2/20260518T020402_9a39a223/metrics.json,outputs/preflight/post_run_result/eurosat_remoteclip_vit_b32/full_matrix_20260518T022057Z/cmd_065_rs_cpc_seed2_shot4/eurosat_remoteclip_vit_b32_rs_cpc_seed2/20260518T022225/result_run_preflight_report.json
eurosat,4,4,remoteclip_vit_b32,rs_cpc,rs_cpc_M2_random_group_mean,2,20,0,0.0,8.41251938790083,1283.8009045819172,,2,random_group_mean,results/raw/eurosat/remoteclip_vit_b32/rs_cpc/shot_4/M_2/random_group_mean/seed_2/20260518T020414_c2545257,results/raw/eurosat/remoteclip_vit_b32/rs_cpc/shot_4/M_2/random_group_mean/seed_2/20260518T020414_c2545257/metrics.json,outputs/preflight/post_run_result/eurosat_remoteclip_vit_b32/full_matrix_20260518T022057Z/cmd_066_rs_cpc_seed2_shot4/eurosat_remoteclip_vit_b32_rs_cpc_seed2/20260518T022227/result_run_preflight_report.json
eurosat,4,4,remoteclip_vit_b32,rs_cpc,rs_cpc_M4_random_group_mean,2,40,0,0.0,12.394139928743243,871.3795440499849,,4,random_group_mean,results/raw/eurosat/remoteclip_vit_b32/rs_cpc/shot_4/M_4/random_group_mean/seed_2/20260518T020429_5978d815,results/raw/eurosat/remoteclip_vit_b32/rs_cpc/shot_4/M_4/random_group_mean/seed_2/20260518T020429_5978d815/metrics.json,outputs/preflight/post_run_result/eurosat_remoteclip_vit_b32/full_matrix_20260518T022057Z/cmd_067_rs_cpc_seed2_shot4/eurosat_remoteclip_vit_b32_rs_cpc_seed2/20260518T022228/result_run_preflight_report.json
eurosat,4,4,remoteclip_vit_b32,rs_cpc,rs_cpc_M1_medoid,2,10,0,0.0,6.237901361659169,1731.3515193397343,,1,medoid,results/raw/eurosat/remoteclip_vit_b32/rs_cpc/shot_4/M_1/medoid/seed_2/20260518T020438_0e51ec44,results/raw/eurosat/remoteclip_vit_b32/rs_cpc/shot_4/M_1/medoid/seed_2/20260518T020438_0e51ec44/metrics.json,outputs/preflight/post_run_result/eurosat_remoteclip_vit_b32/full_matrix_20260518T022057Z/cmd_068_rs_cpc_seed2_shot4/eurosat_remoteclip_vit_b32_rs_cpc_seed2/20260518T022230/result_run_preflight_report.json
eurosat,4,4,remoteclip_vit_b32,rs_cpc,rs_cpc_M2_medoid,2,20,0,0.0,8.17123993486166,1321.7088331873645,,2,medoid,results/raw/eurosat/remoteclip_vit_b32/rs_cpc/shot_4/M_2/medoid/seed_2/20260518T020449_363800f9,results/raw/eurosat/remoteclip_vit_b32/rs_cpc/shot_4/M_2/medoid/seed_2/20260518T020449_363800f9/metrics.json,outputs/preflight/post_run_result/eurosat_remoteclip_vit_b32/full_matrix_20260518T022057Z/cmd_069_rs_cpc_seed2_shot4/eurosat_remoteclip_vit_b32_rs_cpc_seed2/20260518T022231/result_run_preflight_report.json
eurosat,4,4,remoteclip_vit_b32,rs_cpc,rs_cpc_M4_medoid,2,40,0,0.0,12.53886359743774,861.3220740519844,,4,medoid,results/raw/eurosat/remoteclip_vit_b32/rs_cpc/shot_4/M_4/medoid/seed_2/20260518T020505_110fd87b,results/raw/eurosat/remoteclip_vit_b32/rs_cpc/shot_4/M_4/medoid/seed_2/20260518T020505_110fd87b/metrics.json,outputs/preflight/post_run_result/eurosat_remoteclip_vit_b32/full_matrix_20260518T022057Z/cmd_070_rs_cpc_seed2_shot4/eurosat_remoteclip_vit_b32_rs_cpc_seed2/20260518T022232/result_run_preflight_report.json
eurosat,8,8,remoteclip_vit_b32,rs_cpc,rs_cpc_M1_mean,2,10,0,0.0,6.4572286158800125,1672.5441582538951,,1,mean,results/raw/eurosat/remoteclip_vit_b32/rs_cpc/shot_8/M_1/mean/seed_2/20260518T020515_42afca04,results/raw/eurosat/remoteclip_vit_b32/rs_cpc/shot_8/M_1/mean/seed_2/20260518T020515_42afca04/metrics.json,outputs/preflight/post_run_result/eurosat_remoteclip_vit_b32/full_matrix_20260518T022057Z/cmd_071_rs_cpc_seed2_shot8/eurosat_remoteclip_vit_b32_rs_cpc_seed2/20260518T022234/result_run_preflight_report.json
eurosat,8,8,remoteclip_vit_b32,rs_cpc,rs_cpc_M1_random_group_mean,2,10,0,0.0,6.501610137522221,1661.1269780190028,,1,random_group_mean,results/raw/eurosat/remoteclip_vit_b32/rs_cpc/shot_8/M_1/random_group_mean/seed_2/20260518T020524_87167ea3,results/raw/eurosat/remoteclip_vit_b32/rs_cpc/shot_8/M_1/random_group_mean/seed_2/20260518T020524_87167ea3/metrics.json,outputs/preflight/post_run_result/eurosat_remoteclip_vit_b32/full_matrix_20260518T022057Z/cmd_072_rs_cpc_seed2_shot8/eurosat_remoteclip_vit_b32_rs_cpc_seed2/20260518T022235/result_run_preflight_report.json
eurosat,8,8,remoteclip_vit_b32,rs_cpc,rs_cpc_M2_random_group_mean,2,20,0,0.0,8.561952788382769,1261.3944817184592,,2,random_group_mean,results/raw/eurosat/remoteclip_vit_b32/rs_cpc/shot_8/M_2/random_group_mean/seed_2/20260518T020536_f58c1631,results/raw/eurosat/remoteclip_vit_b32/rs_cpc/shot_8/M_2/random_group_mean/seed_2/20260518T020536_f58c1631/metrics.json,outputs/preflight/post_run_result/eurosat_remoteclip_vit_b32/full_matrix_20260518T022057Z/cmd_073_rs_cpc_seed2_shot8/eurosat_remoteclip_vit_b32_rs_cpc_seed2/20260518T022237/result_run_preflight_report.json
eurosat,8,8,remoteclip_vit_b32,rs_cpc,rs_cpc_M4_random_group_mean,2,40,0,0.0,12.587640525773168,857.9844632428947,,4,random_group_mean,results/raw/eurosat/remoteclip_vit_b32/rs_cpc/shot_8/M_4/random_group_mean/seed_2/20260518T020551_d2b6b0d0,results/raw/eurosat/remoteclip_vit_b32/rs_cpc/shot_8/M_4/random_group_mean/seed_2/20260518T020551_d2b6b0d0/metrics.json,outputs/preflight/post_run_result/eurosat_remoteclip_vit_b32/full_matrix_20260518T022057Z/cmd_074_rs_cpc_seed2_shot8/eurosat_remoteclip_vit_b32_rs_cpc_seed2/20260518T022238/result_run_preflight_report.json
eurosat,8,8,remoteclip_vit_b32,rs_cpc,rs_cpc_M8_random_group_mean,2,80,0,0.0,20.427175311371684,528.7074612801558,,8,random_group_mean,results/raw/eurosat/remoteclip_vit_b32/rs_cpc/shot_8/M_8/random_group_mean/seed_2/20260518T020615_29116958,results/raw/eurosat/remoteclip_vit_b32/rs_cpc/shot_8/M_8/random_group_mean/seed_2/20260518T020615_29116958/metrics.json,outputs/preflight/post_run_result/eurosat_remoteclip_vit_b32/full_matrix_20260518T022057Z/cmd_075_rs_cpc_seed2_shot8/eurosat_remoteclip_vit_b32_rs_cpc_seed2/20260518T022239/result_run_preflight_report.json
eurosat,8,8,remoteclip_vit_b32,rs_cpc,rs_cpc_M1_medoid,2,10,0,0.0,6.205402137711644,1740.4190349511657,,1,medoid,results/raw/eurosat/remoteclip_vit_b32/rs_cpc/shot_8/M_1/medoid/seed_2/20260518T020624_bf94f877,results/raw/eurosat/remoteclip_vit_b32/rs_cpc/shot_8/M_1/medoid/seed_2/20260518T020624_bf94f877/metrics.json,outputs/preflight/post_run_result/eurosat_remoteclip_vit_b32/full_matrix_20260518T022057Z/cmd_076_rs_cpc_seed2_shot8/eurosat_remoteclip_vit_b32_rs_cpc_seed2/20260518T022241/result_run_preflight_report.json
eurosat,8,8,remoteclip_vit_b32,rs_cpc,rs_cpc_M2_medoid,2,20,0,0.0,8.179029684513807,1320.4500309430034,,2,medoid,results/raw/eurosat/remoteclip_vit_b32/rs_cpc/shot_8/M_2/medoid/seed_2/20260518T020635_94d8b8f3,results/raw/eurosat/remoteclip_vit_b32/rs_cpc/shot_8/M_2/medoid/seed_2/20260518T020635_94d8b8f3/metrics.json,outputs/preflight/post_run_result/eurosat_remoteclip_vit_b32/full_matrix_20260518T022057Z/cmd_077_rs_cpc_seed2_shot8/eurosat_remoteclip_vit_b32_rs_cpc_seed2/20260518T022242/result_run_preflight_report.json
eurosat,8,8,remoteclip_vit_b32,rs_cpc,rs_cpc_M4_medoid,2,40,0,0.0,12.137011608108878,889.8401310570054,,4,medoid,results/raw/eurosat/remoteclip_vit_b32/rs_cpc/shot_8/M_4/medoid/seed_2/20260518T020650_b6d8bc89,results/raw/eurosat/remoteclip_vit_b32/rs_cpc/shot_8/M_4/medoid/seed_2/20260518T020650_b6d8bc89/metrics.json,outputs/preflight/post_run_result/eurosat_remoteclip_vit_b32/full_matrix_20260518T022057Z/cmd_078_rs_cpc_seed2_shot8/eurosat_remoteclip_vit_b32_rs_cpc_seed2/20260518T022244/result_run_preflight_report.json
eurosat,8,8,remoteclip_vit_b32,rs_cpc,rs_cpc_M8_medoid,2,80,0,0.0,20.05881038494408,538.4167751097722,,8,medoid,results/raw/eurosat/remoteclip_vit_b32/rs_cpc/shot_8/M_8/medoid/seed_2/20260518T020713_ab0fe5af,results/raw/eurosat/remoteclip_vit_b32/rs_cpc/shot_8/M_8/medoid/seed_2/20260518T020713_ab0fe5af/metrics.json,outputs/preflight/post_run_result/eurosat_remoteclip_vit_b32/full_matrix_20260518T022057Z/cmd_079_rs_cpc_seed2_shot8/eurosat_remoteclip_vit_b32_rs_cpc_seed2/20260518T022245/result_run_preflight_report.json
eurosat,16,16,remoteclip_vit_b32,rs_cpc,rs_cpc_M1_mean,2,10,0,0.0,6.111610239371657,1767.1283961181337,,1,mean,results/raw/eurosat/remoteclip_vit_b32/rs_cpc/shot_16/M_1/mean/seed_2/20260518T020723_59354275,results/raw/eurosat/remoteclip_vit_b32/rs_cpc/shot_16/M_1/mean/seed_2/20260518T020723_59354275/metrics.json,outputs/preflight/post_run_result/eurosat_remoteclip_vit_b32/full_matrix_20260518T022057Z/cmd_080_rs_cpc_seed2_shot16/eurosat_remoteclip_vit_b32_rs_cpc_seed2/20260518T022246/result_run_preflight_report.json
eurosat,16,16,remoteclip_vit_b32,rs_cpc,rs_cpc_M1_random_group_mean,2,10,0,0.0,6.121630420908332,1764.2358746638429,,1,random_group_mean,results/raw/eurosat/remoteclip_vit_b32/rs_cpc/shot_16/M_1/random_group_mean/seed_2/20260518T020732_578a7e8d,results/raw/eurosat/remoteclip_vit_b32/rs_cpc/shot_16/M_1/random_group_mean/seed_2/20260518T020732_578a7e8d/metrics.json,outputs/preflight/post_run_result/eurosat_remoteclip_vit_b32/full_matrix_20260518T022057Z/cmd_081_rs_cpc_seed2_shot16/eurosat_remoteclip_vit_b32_rs_cpc_seed2/20260518T022248/result_run_preflight_report.json
eurosat,16,16,remoteclip_vit_b32,rs_cpc,rs_cpc_M2_random_group_mean,2,20,0,0.0,8.275012709200382,1305.1339471650924,,2,random_group_mean,results/raw/eurosat/remoteclip_vit_b32/rs_cpc/shot_16/M_2/random_group_mean/seed_2/20260518T020743_75ccbe0a,results/raw/eurosat/remoteclip_vit_b32/rs_cpc/shot_16/M_2/random_group_mean/seed_2/20260518T020743_75ccbe0a/metrics.json,outputs/preflight/post_run_result/eurosat_remoteclip_vit_b32/full_matrix_20260518T022057Z/cmd_082_rs_cpc_seed2_shot16/eurosat_remoteclip_vit_b32_rs_cpc_seed2/20260518T022249/result_run_preflight_report.json
eurosat,16,16,remoteclip_vit_b32,rs_cpc,rs_cpc_M4_random_group_mean,2,40,0,0.0,12.508688427507877,863.399873023434,,4,random_group_mean,results/raw/eurosat/remoteclip_vit_b32/rs_cpc/shot_16/M_4/random_group_mean/seed_2/20260518T020758_0db3d496,results/raw/eurosat/remoteclip_vit_b32/rs_cpc/shot_16/M_4/random_group_mean/seed_2/20260518T020758_0db3d496/metrics.json,outputs/preflight/post_run_result/eurosat_remoteclip_vit_b32/full_matrix_20260518T022057Z/cmd_083_rs_cpc_seed2_shot16/eurosat_remoteclip_vit_b32_rs_cpc_seed2/20260518T022251/result_run_preflight_report.json
eurosat,16,16,remoteclip_vit_b32,rs_cpc,rs_cpc_M8_random_group_mean,2,80,0,0.0,20.527763839811087,526.1167307008238,,8,random_group_mean,results/raw/eurosat/remoteclip_vit_b32/rs_cpc/shot_16/M_8/random_group_mean/seed_2/20260518T020822_005b9ad8,results/raw/eurosat/remoteclip_vit_b32/rs_cpc/shot_16/M_8/random_group_mean/seed_2/20260518T020822_005b9ad8/metrics.json,outputs/preflight/post_run_result/eurosat_remoteclip_vit_b32/full_matrix_20260518T022057Z/cmd_084_rs_cpc_seed2_shot16/eurosat_remoteclip_vit_b32_rs_cpc_seed2/20260518T022252/result_run_preflight_report.json
eurosat,16,16,remoteclip_vit_b32,rs_cpc,rs_cpc_M1_medoid,2,10,0,0.0,6.227100133895874,1734.3546382388383,,1,medoid,results/raw/eurosat/remoteclip_vit_b32/rs_cpc/shot_16/M_1/medoid/seed_2/20260518T020831_eb931f27,results/raw/eurosat/remoteclip_vit_b32/rs_cpc/shot_16/M_1/medoid/seed_2/20260518T020831_eb931f27/metrics.json,outputs/preflight/post_run_result/eurosat_remoteclip_vit_b32/full_matrix_20260518T022057Z/cmd_085_rs_cpc_seed2_shot16/eurosat_remoteclip_vit_b32_rs_cpc_seed2/20260518T022253/result_run_preflight_report.json
eurosat,16,16,remoteclip_vit_b32,rs_cpc,rs_cpc_M2_medoid,2,20,0,0.0,8.139452220872045,1326.8706181855207,,2,medoid,results/raw/eurosat/remoteclip_vit_b32/rs_cpc/shot_16/M_2/medoid/seed_2/20260518T020842_0025c166,results/raw/eurosat/remoteclip_vit_b32/rs_cpc/shot_16/M_2/medoid/seed_2/20260518T020842_0025c166/metrics.json,outputs/preflight/post_run_result/eurosat_remoteclip_vit_b32/full_matrix_20260518T022057Z/cmd_086_rs_cpc_seed2_shot16/eurosat_remoteclip_vit_b32_rs_cpc_seed2/20260518T022255/result_run_preflight_report.json
eurosat,16,16,remoteclip_vit_b32,rs_cpc,rs_cpc_M4_medoid,2,40,0,0.0,12.108827924355865,891.9112623837631,,4,medoid,results/raw/eurosat/remoteclip_vit_b32/rs_cpc/shot_16/M_4/medoid/seed_2/20260518T020857_df7c34e2,results/raw/eurosat/remoteclip_vit_b32/rs_cpc/shot_16/M_4/medoid/seed_2/20260518T020857_df7c34e2/metrics.json,outputs/preflight/post_run_result/eurosat_remoteclip_vit_b32/full_matrix_20260518T022057Z/cmd_087_rs_cpc_seed2_shot16/eurosat_remoteclip_vit_b32_rs_cpc_seed2/20260518T022256/result_run_preflight_report.json
eurosat,16,16,remoteclip_vit_b32,rs_cpc,rs_cpc_M8_medoid,2,80,0,0.0,20.03958085924387,538.9334275930312,,8,medoid,results/raw/eurosat/remoteclip_vit_b32/rs_cpc/shot_16/M_8/medoid/seed_2/20260518T020920_655db868,results/raw/eurosat/remoteclip_vit_b32/rs_cpc/shot_16/M_8/medoid/seed_2/20260518T020920_655db868/metrics.json,outputs/preflight/post_run_result/eurosat_remoteclip_vit_b32/full_matrix_20260518T022057Z/cmd_088_rs_cpc_seed2_shot16/eurosat_remoteclip_vit_b32_rs_cpc_seed2/20260518T022257/result_run_preflight_report.json
eurosat,,zero_shot,remoteclip_vit_b32,zero_shot,zero_shot,3,10,0,0.0,3.0341952554881573,3559.4281483583823,,,,results/raw/eurosat/remoteclip_vit_b32/zero_shot/seed_3/20260518T020926_a283843e,results/raw/eurosat/remoteclip_vit_b32/zero_shot/seed_3/20260518T020926_a283843e/metrics.json,outputs/preflight/post_run_result/eurosat_remoteclip_vit_b32/full_matrix_20260518T022057Z/cmd_089_zero_shot_seed3_shotNone/eurosat_remoteclip_vit_b32_zero_shot_seed3/20260518T022259/result_run_preflight_report.json
eurosat,1,1,remoteclip_vit_b32,tip_adapter,tip_adapter,3,10,0,0.0,6.291326651349664,1716.6490628305082,,,,results/raw/eurosat/remoteclip_vit_b32/tip_adapter/shot_1/seed_3/20260518T020936_77760384,results/raw/eurosat/remoteclip_vit_b32/tip_adapter/shot_1/seed_3/20260518T020936_77760384/metrics.json,outputs/preflight/post_run_result/eurosat_remoteclip_vit_b32/full_matrix_20260518T022057Z/cmd_090_tip_adapter_seed3_shot1/eurosat_remoteclip_vit_b32_tip_adapter_seed3/20260518T022300/result_run_preflight_report.json
eurosat,2,2,remoteclip_vit_b32,tip_adapter,tip_adapter,3,20,0,0.0,8.125732943415642,1329.1108722384658,,,,results/raw/eurosat/remoteclip_vit_b32/tip_adapter/shot_2/seed_3/20260518T020947_7b177c75,results/raw/eurosat/remoteclip_vit_b32/tip_adapter/shot_2/seed_3/20260518T020947_7b177c75/metrics.json,outputs/preflight/post_run_result/eurosat_remoteclip_vit_b32/full_matrix_20260518T022057Z/cmd_091_tip_adapter_seed3_shot2/eurosat_remoteclip_vit_b32_tip_adapter_seed3/20260518T022301/result_run_preflight_report.json
eurosat,4,4,remoteclip_vit_b32,tip_adapter,tip_adapter,3,40,0,0.0,12.479531096294522,865.4171311938783,,,,results/raw/eurosat/remoteclip_vit_b32/tip_adapter/shot_4/seed_3/20260518T021002_863047ec,results/raw/eurosat/remoteclip_vit_b32/tip_adapter/shot_4/seed_3/20260518T021002_863047ec/metrics.json,outputs/preflight/post_run_result/eurosat_remoteclip_vit_b32/full_matrix_20260518T022057Z/cmd_092_tip_adapter_seed3_shot4/eurosat_remoteclip_vit_b32_tip_adapter_seed3/20260518T022303/result_run_preflight_report.json
eurosat,8,8,remoteclip_vit_b32,tip_adapter,tip_adapter,3,80,0,0.0,20.33496629446745,531.1048881816129,,,,results/raw/eurosat/remoteclip_vit_b32/tip_adapter/shot_8/seed_3/20260518T021025_92b1139c,results/raw/eurosat/remoteclip_vit_b32/tip_adapter/shot_8/seed_3/20260518T021025_92b1139c/metrics.json,outputs/preflight/post_run_result/eurosat_remoteclip_vit_b32/full_matrix_20260518T022057Z/cmd_093_tip_adapter_seed3_shot8/eurosat_remoteclip_vit_b32_tip_adapter_seed3/20260518T022304/result_run_preflight_report.json
eurosat,16,16,remoteclip_vit_b32,tip_adapter,tip_adapter,3,160,0,0.0,36.5003719907254,295.88739541460666,,,,results/raw/eurosat/remoteclip_vit_b32/tip_adapter/shot_16/seed_3/20260518T021105_b0451b8b,results/raw/eurosat/remoteclip_vit_b32/tip_adapter/shot_16/seed_3/20260518T021105_b0451b8b/metrics.json,outputs/preflight/post_run_result/eurosat_remoteclip_vit_b32/full_matrix_20260518T022057Z/cmd_094_tip_adapter_seed3_shot16/eurosat_remoteclip_vit_b32_tip_adapter_seed3/20260518T022306/result_run_preflight_report.json
eurosat,1,1,remoteclip_vit_b32,proto_adapter,proto_adapter,3,10,0,0.0,6.12162028439343,1764.2387959824487,,,,results/raw/eurosat/remoteclip_vit_b32/proto_adapter/shot_1/seed_3/20260518T021114_115cd8ca,results/raw/eurosat/remoteclip_vit_b32/proto_adapter/shot_1/seed_3/20260518T021114_115cd8ca/metrics.json,outputs/preflight/post_run_result/eurosat_remoteclip_vit_b32/full_matrix_20260518T022057Z/cmd_095_proto_adapter_seed3_shot1/eurosat_remoteclip_vit_b32_proto_adapter_seed3/20260518T022307/result_run_preflight_report.json
eurosat,2,2,remoteclip_vit_b32,proto_adapter,proto_adapter,3,10,0,0.0,6.343503588810563,1702.5291857720933,,,,results/raw/eurosat/remoteclip_vit_b32/proto_adapter/shot_2/seed_3/20260518T021123_a1341d7a,results/raw/eurosat/remoteclip_vit_b32/proto_adapter/shot_2/seed_3/20260518T021123_a1341d7a/metrics.json,outputs/preflight/post_run_result/eurosat_remoteclip_vit_b32/full_matrix_20260518T022057Z/cmd_096_proto_adapter_seed3_shot2/eurosat_remoteclip_vit_b32_proto_adapter_seed3/20260518T022308/result_run_preflight_report.json
eurosat,4,4,remoteclip_vit_b32,proto_adapter,proto_adapter,3,10,0,0.0,6.208633193746209,1739.5132975287625,,,,results/raw/eurosat/remoteclip_vit_b32/proto_adapter/shot_4/seed_3/20260518T021132_2a3c93ea,results/raw/eurosat/remoteclip_vit_b32/proto_adapter/shot_4/seed_3/20260518T021132_2a3c93ea/metrics.json,outputs/preflight/post_run_result/eurosat_remoteclip_vit_b32/full_matrix_20260518T022057Z/cmd_097_proto_adapter_seed3_shot4/eurosat_remoteclip_vit_b32_proto_adapter_seed3/20260518T022310/result_run_preflight_report.json
eurosat,8,8,remoteclip_vit_b32,proto_adapter,proto_adapter,3,10,0,0.0,6.268345609307289,1722.9426507632372,,,,results/raw/eurosat/remoteclip_vit_b32/proto_adapter/shot_8/seed_3/20260518T021141_5e100150,results/raw/eurosat/remoteclip_vit_b32/proto_adapter/shot_8/seed_3/20260518T021141_5e100150/metrics.json,outputs/preflight/post_run_result/eurosat_remoteclip_vit_b32/full_matrix_20260518T022057Z/cmd_098_proto_adapter_seed3_shot8/eurosat_remoteclip_vit_b32_proto_adapter_seed3/20260518T022311/result_run_preflight_report.json
eurosat,16,16,remoteclip_vit_b32,proto_adapter,proto_adapter,3,10,0,0.0,6.353822143748403,1699.7642923679005,,,,results/raw/eurosat/remoteclip_vit_b32/proto_adapter/shot_16/seed_3/20260518T021150_c331de42,results/raw/eurosat/remoteclip_vit_b32/proto_adapter/shot_16/seed_3/20260518T021150_c331de42/metrics.json,outputs/preflight/post_run_result/eurosat_remoteclip_vit_b32/full_matrix_20260518T022057Z/cmd_099_proto_adapter_seed3_shot16/eurosat_remoteclip_vit_b32_proto_adapter_seed3/20260518T022312/result_run_preflight_report.json
eurosat,1,1,remoteclip_vit_b32,rs_cpc,rs_cpc_M1_mean,3,10,0,0.0,6.171645572409034,1749.9384683207495,,1,mean,results/raw/eurosat/remoteclip_vit_b32/rs_cpc/shot_1/M_1/mean/seed_3/20260518T021159_a2b1366d,results/raw/eurosat/remoteclip_vit_b32/rs_cpc/shot_1/M_1/mean/seed_3/20260518T021159_a2b1366d/metrics.json,outputs/preflight/post_run_result/eurosat_remoteclip_vit_b32/full_matrix_20260518T022057Z/cmd_100_rs_cpc_seed3_shot1/eurosat_remoteclip_vit_b32_rs_cpc_seed3/20260518T022314/result_run_preflight_report.json
eurosat,1,1,remoteclip_vit_b32,rs_cpc,rs_cpc_M1_random_group_mean,3,10,0,0.0,6.1302622351795435,1761.7517139841716,,1,random_group_mean,results/raw/eurosat/remoteclip_vit_b32/rs_cpc/shot_1/M_1/random_group_mean/seed_3/20260518T021209_5b3c2946,results/raw/eurosat/remoteclip_vit_b32/rs_cpc/shot_1/M_1/random_group_mean/seed_3/20260518T021209_5b3c2946/metrics.json,outputs/preflight/post_run_result/eurosat_remoteclip_vit_b32/full_matrix_20260518T022057Z/cmd_101_rs_cpc_seed3_shot1/eurosat_remoteclip_vit_b32_rs_cpc_seed3/20260518T022315/result_run_preflight_report.json
eurosat,1,1,remoteclip_vit_b32,rs_cpc,rs_cpc_M1_medoid,3,10,0,0.0,6.240019841119647,1730.7637275175964,,1,medoid,results/raw/eurosat/remoteclip_vit_b32/rs_cpc/shot_1/M_1/medoid/seed_3/20260518T021218_0d732748,results/raw/eurosat/remoteclip_vit_b32/rs_cpc/shot_1/M_1/medoid/seed_3/20260518T021218_0d732748/metrics.json,outputs/preflight/post_run_result/eurosat_remoteclip_vit_b32/full_matrix_20260518T022057Z/cmd_102_rs_cpc_seed3_shot1/eurosat_remoteclip_vit_b32_rs_cpc_seed3/20260518T022316/result_run_preflight_report.json
eurosat,2,2,remoteclip_vit_b32,rs_cpc,rs_cpc_M1_mean,3,10,0,0.0,6.376768201589584,1693.6478884880594,,1,mean,results/raw/eurosat/remoteclip_vit_b32/rs_cpc/shot_2/M_1/mean/seed_3/20260518T021227_eb2553ae,results/raw/eurosat/remoteclip_vit_b32/rs_cpc/shot_2/M_1/mean/seed_3/20260518T021227_eb2553ae/metrics.json,outputs/preflight/post_run_result/eurosat_remoteclip_vit_b32/full_matrix_20260518T022057Z/cmd_103_rs_cpc_seed3_shot2/eurosat_remoteclip_vit_b32_rs_cpc_seed3/20260518T022318/result_run_preflight_report.json
eurosat,2,2,remoteclip_vit_b32,rs_cpc,rs_cpc_M1_random_group_mean,3,10,0,0.0,6.259022234007716,1725.5091284576968,,1,random_group_mean,results/raw/eurosat/remoteclip_vit_b32/rs_cpc/shot_2/M_1/random_group_mean/seed_3/20260518T021236_7fb78670,results/raw/eurosat/remoteclip_vit_b32/rs_cpc/shot_2/M_1/random_group_mean/seed_3/20260518T021236_7fb78670/metrics.json,outputs/preflight/post_run_result/eurosat_remoteclip_vit_b32/full_matrix_20260518T022057Z/cmd_104_rs_cpc_seed3_shot2/eurosat_remoteclip_vit_b32_rs_cpc_seed3/20260518T022319/result_run_preflight_report.json
eurosat,2,2,remoteclip_vit_b32,rs_cpc,rs_cpc_M2_random_group_mean,3,20,0,0.0,8.26575756445527,1306.595301856248,,2,random_group_mean,results/raw/eurosat/remoteclip_vit_b32/rs_cpc/shot_2/M_2/random_group_mean/seed_3/20260518T021248_b85c2886,results/raw/eurosat/remoteclip_vit_b32/rs_cpc/shot_2/M_2/random_group_mean/seed_3/20260518T021248_b85c2886/metrics.json,outputs/preflight/post_run_result/eurosat_remoteclip_vit_b32/full_matrix_20260518T022057Z/cmd_105_rs_cpc_seed3_shot2/eurosat_remoteclip_vit_b32_rs_cpc_seed3/20260518T022321/result_run_preflight_report.json
eurosat,2,2,remoteclip_vit_b32,rs_cpc,rs_cpc_M1_medoid,3,10,0,0.0,6.174509385600686,1749.126825393808,,1,medoid,results/raw/eurosat/remoteclip_vit_b32/rs_cpc/shot_2/M_1/medoid/seed_3/20260518T021257_0da50067,results/raw/eurosat/remoteclip_vit_b32/rs_cpc/shot_2/M_1/medoid/seed_3/20260518T021257_0da50067/metrics.json,outputs/preflight/post_run_result/eurosat_remoteclip_vit_b32/full_matrix_20260518T022057Z/cmd_106_rs_cpc_seed3_shot2/eurosat_remoteclip_vit_b32_rs_cpc_seed3/20260518T022322/result_run_preflight_report.json
eurosat,2,2,remoteclip_vit_b32,rs_cpc,rs_cpc_M2_medoid,3,20,0,0.0,8.285837491974235,1303.4288942380315,,2,medoid,results/raw/eurosat/remoteclip_vit_b32/rs_cpc/shot_2/M_2/medoid/seed_3/20260518T021308_9a9d1c23,results/raw/eurosat/remoteclip_vit_b32/rs_cpc/shot_2/M_2/medoid/seed_3/20260518T021308_9a9d1c23/metrics.json,outputs/preflight/post_run_result/eurosat_remoteclip_vit_b32/full_matrix_20260518T022057Z/cmd_107_rs_cpc_seed3_shot2/eurosat_remoteclip_vit_b32_rs_cpc_seed3/20260518T022323/result_run_preflight_report.json
eurosat,4,4,remoteclip_vit_b32,rs_cpc,rs_cpc_M1_mean,3,10,0,0.0,6.084008410573006,1775.1454750179794,,1,mean,results/raw/eurosat/remoteclip_vit_b32/rs_cpc/shot_4/M_1/mean/seed_3/20260518T021317_9794ce67,results/raw/eurosat/remoteclip_vit_b32/rs_cpc/shot_4/M_1/mean/seed_3/20260518T021317_9794ce67/metrics.json,outputs/preflight/post_run_result/eurosat_remoteclip_vit_b32/full_matrix_20260518T022057Z/cmd_108_rs_cpc_seed3_shot4/eurosat_remoteclip_vit_b32_rs_cpc_seed3/20260518T022325/result_run_preflight_report.json
eurosat,4,4,remoteclip_vit_b32,rs_cpc,rs_cpc_M1_random_group_mean,3,10,0,0.0,6.128333343192935,1762.3062250678863,,1,random_group_mean,results/raw/eurosat/remoteclip_vit_b32/rs_cpc/shot_4/M_1/random_group_mean/seed_3/20260518T021326_72d78476,results/raw/eurosat/remoteclip_vit_b32/rs_cpc/shot_4/M_1/random_group_mean/seed_3/20260518T021326_72d78476/metrics.json,outputs/preflight/post_run_result/eurosat_remoteclip_vit_b32/full_matrix_20260518T022057Z/cmd_109_rs_cpc_seed3_shot4/eurosat_remoteclip_vit_b32_rs_cpc_seed3/20260518T022326/result_run_preflight_report.json
eurosat,4,4,remoteclip_vit_b32,rs_cpc,rs_cpc_M2_random_group_mean,3,20,0,0.0,8.329835258424282,1296.5442490687371,,2,random_group_mean,results/raw/eurosat/remoteclip_vit_b32/rs_cpc/shot_4/M_2/random_group_mean/seed_3/20260518T021338_d0215484,results/raw/eurosat/remoteclip_vit_b32/rs_cpc/shot_4/M_2/random_group_mean/seed_3/20260518T021338_d0215484/metrics.json,outputs/preflight/post_run_result/eurosat_remoteclip_vit_b32/full_matrix_20260518T022057Z/cmd_110_rs_cpc_seed3_shot4/eurosat_remoteclip_vit_b32_rs_cpc_seed3/20260518T022327/result_run_preflight_report.json
eurosat,4,4,remoteclip_vit_b32,rs_cpc,rs_cpc_M4_random_group_mean,3,40,0,0.0,12.298712097108364,878.1407284539381,,4,random_group_mean,results/raw/eurosat/remoteclip_vit_b32/rs_cpc/shot_4/M_4/random_group_mean/seed_3/20260518T021353_df0790fc,results/raw/eurosat/remoteclip_vit_b32/rs_cpc/shot_4/M_4/random_group_mean/seed_3/20260518T021353_df0790fc/metrics.json,outputs/preflight/post_run_result/eurosat_remoteclip_vit_b32/full_matrix_20260518T022057Z/cmd_111_rs_cpc_seed3_shot4/eurosat_remoteclip_vit_b32_rs_cpc_seed3/20260518T022329/result_run_preflight_report.json
eurosat,4,4,remoteclip_vit_b32,rs_cpc,rs_cpc_M1_medoid,3,10,0,0.0,6.307810148224235,1712.1631352586603,,1,medoid,results/raw/eurosat/remoteclip_vit_b32/rs_cpc/shot_4/M_1/medoid/seed_3/20260518T021402_d87c27bf,results/raw/eurosat/remoteclip_vit_b32/rs_cpc/shot_4/M_1/medoid/seed_3/20260518T021402_d87c27bf/metrics.json,outputs/preflight/post_run_result/eurosat_remoteclip_vit_b32/full_matrix_20260518T022057Z/cmd_112_rs_cpc_seed3_shot4/eurosat_remoteclip_vit_b32_rs_cpc_seed3/20260518T022330/result_run_preflight_report.json
eurosat,4,4,remoteclip_vit_b32,rs_cpc,rs_cpc_M2_medoid,3,20,0,0.0,8.367244644090533,1290.7474873018837,,2,medoid,results/raw/eurosat/remoteclip_vit_b32/rs_cpc/shot_4/M_2/medoid/seed_3/20260518T021414_4dab192d,results/raw/eurosat/remoteclip_vit_b32/rs_cpc/shot_4/M_2/medoid/seed_3/20260518T021414_4dab192d/metrics.json,outputs/preflight/post_run_result/eurosat_remoteclip_vit_b32/full_matrix_20260518T022057Z/cmd_113_rs_cpc_seed3_shot4/eurosat_remoteclip_vit_b32_rs_cpc_seed3/20260518T022331/result_run_preflight_report.json
eurosat,4,4,remoteclip_vit_b32,rs_cpc,rs_cpc_M4_medoid,3,40,0,0.0,12.221868820488453,883.6619144443061,,4,medoid,results/raw/eurosat/remoteclip_vit_b32/rs_cpc/shot_4/M_4/medoid/seed_3/20260518T021429_f6b4881a,results/raw/eurosat/remoteclip_vit_b32/rs_cpc/shot_4/M_4/medoid/seed_3/20260518T021429_f6b4881a/metrics.json,outputs/preflight/post_run_result/eurosat_remoteclip_vit_b32/full_matrix_20260518T022057Z/cmd_114_rs_cpc_seed3_shot4/eurosat_remoteclip_vit_b32_rs_cpc_seed3/20260518T022333/result_run_preflight_report.json
eurosat,8,8,remoteclip_vit_b32,rs_cpc,rs_cpc_M1_mean,3,10,0,0.0,6.336846124380827,1704.3178559200485,,1,mean,results/raw/eurosat/remoteclip_vit_b32/rs_cpc/shot_8/M_1/mean/seed_3/20260518T021438_b4d5fd68,results/raw/eurosat/remoteclip_vit_b32/rs_cpc/shot_8/M_1/mean/seed_3/20260518T021438_b4d5fd68/metrics.json,outputs/preflight/post_run_result/eurosat_remoteclip_vit_b32/full_matrix_20260518T022057Z/cmd_115_rs_cpc_seed3_shot8/eurosat_remoteclip_vit_b32_rs_cpc_seed3/20260518T022334/result_run_preflight_report.json
eurosat,8,8,remoteclip_vit_b32,rs_cpc,rs_cpc_M1_random_group_mean,3,10,0,0.0,6.22559324465692,1734.7744344314556,,1,random_group_mean,results/raw/eurosat/remoteclip_vit_b32/rs_cpc/shot_8/M_1/random_group_mean/seed_3/20260518T021447_de4a2faf,results/raw/eurosat/remoteclip_vit_b32/rs_cpc/shot_8/M_1/random_group_mean/seed_3/20260518T021447_de4a2faf/metrics.json,outputs/preflight/post_run_result/eurosat_remoteclip_vit_b32/full_matrix_20260518T022057Z/cmd_116_rs_cpc_seed3_shot8/eurosat_remoteclip_vit_b32_rs_cpc_seed3/20260518T022335/result_run_preflight_report.json
eurosat,8,8,remoteclip_vit_b32,rs_cpc,rs_cpc_M2_random_group_mean,3,20,0,0.0,8.254856051877141,1308.3208153029025,,2,random_group_mean,results/raw/eurosat/remoteclip_vit_b32/rs_cpc/shot_8/M_2/random_group_mean/seed_3/20260518T021458_bac0b5a5,results/raw/eurosat/remoteclip_vit_b32/rs_cpc/shot_8/M_2/random_group_mean/seed_3/20260518T021458_bac0b5a5/metrics.json,outputs/preflight/post_run_result/eurosat_remoteclip_vit_b32/full_matrix_20260518T022057Z/cmd_117_rs_cpc_seed3_shot8/eurosat_remoteclip_vit_b32_rs_cpc_seed3/20260518T022337/result_run_preflight_report.json
eurosat,8,8,remoteclip_vit_b32,rs_cpc,rs_cpc_M4_random_group_mean,3,40,0,0.0,12.135863056406379,889.9243465258787,,4,random_group_mean,results/raw/eurosat/remoteclip_vit_b32/rs_cpc/shot_8/M_4/random_group_mean/seed_3/20260518T021514_bc427936,results/raw/eurosat/remoteclip_vit_b32/rs_cpc/shot_8/M_4/random_group_mean/seed_3/20260518T021514_bc427936/metrics.json,outputs/preflight/post_run_result/eurosat_remoteclip_vit_b32/full_matrix_20260518T022057Z/cmd_118_rs_cpc_seed3_shot8/eurosat_remoteclip_vit_b32_rs_cpc_seed3/20260518T022338/result_run_preflight_report.json
eurosat,8,8,remoteclip_vit_b32,rs_cpc,rs_cpc_M8_random_group_mean,3,80,0,0.0,20.390581181272864,529.6563106263467,,8,random_group_mean,results/raw/eurosat/remoteclip_vit_b32/rs_cpc/shot_8/M_8/random_group_mean/seed_3/20260518T021537_2fa597b4,results/raw/eurosat/remoteclip_vit_b32/rs_cpc/shot_8/M_8/random_group_mean/seed_3/20260518T021537_2fa597b4/metrics.json,outputs/preflight/post_run_result/eurosat_remoteclip_vit_b32/full_matrix_20260518T022057Z/cmd_119_rs_cpc_seed3_shot8/eurosat_remoteclip_vit_b32_rs_cpc_seed3/20260518T022340/result_run_preflight_report.json
eurosat,8,8,remoteclip_vit_b32,rs_cpc,rs_cpc_M1_medoid,3,10,0,0.0,6.261625602841377,1724.7917210347448,,1,medoid,results/raw/eurosat/remoteclip_vit_b32/rs_cpc/shot_8/M_1/medoid/seed_3/20260518T021546_05152b12,results/raw/eurosat/remoteclip_vit_b32/rs_cpc/shot_8/M_1/medoid/seed_3/20260518T021546_05152b12/metrics.json,outputs/preflight/post_run_result/eurosat_remoteclip_vit_b32/full_matrix_20260518T022057Z/cmd_120_rs_cpc_seed3_shot8/eurosat_remoteclip_vit_b32_rs_cpc_seed3/20260518T022341/result_run_preflight_report.json
eurosat,8,8,remoteclip_vit_b32,rs_cpc,rs_cpc_M2_medoid,3,20,0,0.0,8.142413912340999,1326.3879871828976,,2,medoid,results/raw/eurosat/remoteclip_vit_b32/rs_cpc/shot_8/M_2/medoid/seed_3/20260518T021557_001618d6,results/raw/eurosat/remoteclip_vit_b32/rs_cpc/shot_8/M_2/medoid/seed_3/20260518T021557_001618d6/metrics.json,outputs/preflight/post_run_result/eurosat_remoteclip_vit_b32/full_matrix_20260518T022057Z/cmd_121_rs_cpc_seed3_shot8/eurosat_remoteclip_vit_b32_rs_cpc_seed3/20260518T022342/result_run_preflight_report.json
eurosat,8,8,remoteclip_vit_b32,rs_cpc,rs_cpc_M4_medoid,3,40,0,0.0,12.216230399906635,884.0697700071653,,4,medoid,results/raw/eurosat/remoteclip_vit_b32/rs_cpc/shot_8/M_4/medoid/seed_3/20260518T021612_120131c8,results/raw/eurosat/remoteclip_vit_b32/rs_cpc/shot_8/M_4/medoid/seed_3/20260518T021612_120131c8/metrics.json,outputs/preflight/post_run_result/eurosat_remoteclip_vit_b32/full_matrix_20260518T022057Z/cmd_122_rs_cpc_seed3_shot8/eurosat_remoteclip_vit_b32_rs_cpc_seed3/20260518T022344/result_run_preflight_report.json
eurosat,8,8,remoteclip_vit_b32,rs_cpc,rs_cpc_M8_medoid,3,80,0,0.0,20.769684430211782,519.9886419213099,,8,medoid,results/raw/eurosat/remoteclip_vit_b32/rs_cpc/shot_8/M_8/medoid/seed_3/20260518T021636_8ee85c76,results/raw/eurosat/remoteclip_vit_b32/rs_cpc/shot_8/M_8/medoid/seed_3/20260518T021636_8ee85c76/metrics.json,outputs/preflight/post_run_result/eurosat_remoteclip_vit_b32/full_matrix_20260518T022057Z/cmd_123_rs_cpc_seed3_shot8/eurosat_remoteclip_vit_b32_rs_cpc_seed3/20260518T022345/result_run_preflight_report.json
eurosat,16,16,remoteclip_vit_b32,rs_cpc,rs_cpc_M1_mean,3,10,0,0.0,6.394393909722567,1688.9794642739766,,1,mean,results/raw/eurosat/remoteclip_vit_b32/rs_cpc/shot_16/M_1/mean/seed_3/20260518T021646_43ac3fea,results/raw/eurosat/remoteclip_vit_b32/rs_cpc/shot_16/M_1/mean/seed_3/20260518T021646_43ac3fea/metrics.json,outputs/preflight/post_run_result/eurosat_remoteclip_vit_b32/full_matrix_20260518T022057Z/cmd_124_rs_cpc_seed3_shot16/eurosat_remoteclip_vit_b32_rs_cpc_seed3/20260518T022346/result_run_preflight_report.json
eurosat,16,16,remoteclip_vit_b32,rs_cpc,rs_cpc_M1_random_group_mean,3,10,0,0.0,6.21103628911078,1738.8402671120461,,1,random_group_mean,results/raw/eurosat/remoteclip_vit_b32/rs_cpc/shot_16/M_1/random_group_mean/seed_3/20260518T021655_09837043,results/raw/eurosat/remoteclip_vit_b32/rs_cpc/shot_16/M_1/random_group_mean/seed_3/20260518T021655_09837043/metrics.json,outputs/preflight/post_run_result/eurosat_remoteclip_vit_b32/full_matrix_20260518T022057Z/cmd_125_rs_cpc_seed3_shot16/eurosat_remoteclip_vit_b32_rs_cpc_seed3/20260518T022348/result_run_preflight_report.json
eurosat,16,16,remoteclip_vit_b32,rs_cpc,rs_cpc_M2_random_group_mean,3,20,0,0.0,8.195046892389655,1317.8692131742941,,2,random_group_mean,results/raw/eurosat/remoteclip_vit_b32/rs_cpc/shot_16/M_2/random_group_mean/seed_3/20260518T021706_835330c5,results/raw/eurosat/remoteclip_vit_b32/rs_cpc/shot_16/M_2/random_group_mean/seed_3/20260518T021706_835330c5/metrics.json,outputs/preflight/post_run_result/eurosat_remoteclip_vit_b32/full_matrix_20260518T022057Z/cmd_126_rs_cpc_seed3_shot16/eurosat_remoteclip_vit_b32_rs_cpc_seed3/20260518T022349/result_run_preflight_report.json
eurosat,16,16,remoteclip_vit_b32,rs_cpc,rs_cpc_M4_random_group_mean,3,40,0,0.0,12.168130949139595,887.5644127386437,,4,random_group_mean,results/raw/eurosat/remoteclip_vit_b32/rs_cpc/shot_16/M_4/random_group_mean/seed_3/20260518T021721_40f22602,results/raw/eurosat/remoteclip_vit_b32/rs_cpc/shot_16/M_4/random_group_mean/seed_3/20260518T021721_40f22602/metrics.json,outputs/preflight/post_run_result/eurosat_remoteclip_vit_b32/full_matrix_20260518T022057Z/cmd_127_rs_cpc_seed3_shot16/eurosat_remoteclip_vit_b32_rs_cpc_seed3/20260518T022351/result_run_preflight_report.json
eurosat,16,16,remoteclip_vit_b32,rs_cpc,rs_cpc_M8_random_group_mean,3,80,0,0.0,20.092235462740064,537.5210747469091,,8,random_group_mean,results/raw/eurosat/remoteclip_vit_b32/rs_cpc/shot_16/M_8/random_group_mean/seed_3/20260518T021744_ec9b8125,results/raw/eurosat/remoteclip_vit_b32/rs_cpc/shot_16/M_8/random_group_mean/seed_3/20260518T021744_ec9b8125/metrics.json,outputs/preflight/post_run_result/eurosat_remoteclip_vit_b32/full_matrix_20260518T022057Z/cmd_128_rs_cpc_seed3_shot16/eurosat_remoteclip_vit_b32_rs_cpc_seed3/20260518T022352/result_run_preflight_report.json
eurosat,16,16,remoteclip_vit_b32,rs_cpc,rs_cpc_M1_medoid,3,10,0,0.0,6.1091056782752275,1767.852868940572,,1,medoid,results/raw/eurosat/remoteclip_vit_b32/rs_cpc/shot_16/M_1/medoid/seed_3/20260518T021753_8e34718e,results/raw/eurosat/remoteclip_vit_b32/rs_cpc/shot_16/M_1/medoid/seed_3/20260518T021753_8e34718e/metrics.json,outputs/preflight/post_run_result/eurosat_remoteclip_vit_b32/full_matrix_20260518T022057Z/cmd_129_rs_cpc_seed3_shot16/eurosat_remoteclip_vit_b32_rs_cpc_seed3/20260518T022353/result_run_preflight_report.json
eurosat,16,16,remoteclip_vit_b32,rs_cpc,rs_cpc_M2_medoid,3,20,0,0.0,8.191331803798676,1318.4669182844689,,2,medoid,results/raw/eurosat/remoteclip_vit_b32/rs_cpc/shot_16/M_2/medoid/seed_3/20260518T021804_b4afd544,results/raw/eurosat/remoteclip_vit_b32/rs_cpc/shot_16/M_2/medoid/seed_3/20260518T021804_b4afd544/metrics.json,outputs/preflight/post_run_result/eurosat_remoteclip_vit_b32/full_matrix_20260518T022057Z/cmd_130_rs_cpc_seed3_shot16/eurosat_remoteclip_vit_b32_rs_cpc_seed3/20260518T022355/result_run_preflight_report.json
eurosat,16,16,remoteclip_vit_b32,rs_cpc,rs_cpc_M4_medoid,3,40,0,0.0,12.293056124821305,878.5447565144824,,4,medoid,results/raw/eurosat/remoteclip_vit_b32/rs_cpc/shot_16/M_4/medoid/seed_3/20260518T021820_118b6d4d,results/raw/eurosat/remoteclip_vit_b32/rs_cpc/shot_16/M_4/medoid/seed_3/20260518T021820_118b6d4d/metrics.json,outputs/preflight/post_run_result/eurosat_remoteclip_vit_b32/full_matrix_20260518T022057Z/cmd_131_rs_cpc_seed3_shot16/eurosat_remoteclip_vit_b32_rs_cpc_seed3/20260518T022356/result_run_preflight_report.json
eurosat,16,16,remoteclip_vit_b32,rs_cpc,rs_cpc_M8_medoid,3,80,0,0.0,20.756288280710578,520.3242436190652,,8,medoid,results/raw/eurosat/remoteclip_vit_b32/rs_cpc/shot_16/M_8/medoid/seed_3/20260518T021844_f572bda0,results/raw/eurosat/remoteclip_vit_b32/rs_cpc/shot_16/M_8/medoid/seed_3/20260518T021844_f572bda0/metrics.json,outputs/preflight/post_run_result/eurosat_remoteclip_vit_b32/full_matrix_20260518T022057Z/cmd_132_rs_cpc_seed3_shot16/eurosat_remoteclip_vit_b32_rs_cpc_seed3/20260518T022357/result_run_preflight_report.json
