dataset,shot,shot_label,backbone,method,method_variant,seed,top1_acc,top1_acc_source,num_prototypes_per_class,prototype_init,cache_entries,execution_env,run_mode,raw_metrics_is_paper_result,raw_metrics_eligible_for_paper_tables,run_dir,metrics_json_path,metadata_json_path,preflight_report_path
eurosat,,zero_shot,remoteclip_vit_b32,zero_shot,zero_shot,1,0.32611111111111113,top1_acc,,,10,remote_server,server_full,False,False,results/raw/eurosat/remoteclip_vit_b32/zero_shot/seed_1/20260518T015034_f59d27c9,results/raw/eurosat/remoteclip_vit_b32/zero_shot/seed_1/20260518T015034_f59d27c9/metrics.json,results/raw/eurosat/remoteclip_vit_b32/zero_shot/seed_1/20260518T015034_f59d27c9/metadata.json,outputs/preflight/post_run_result/eurosat_remoteclip_vit_b32/full_matrix_20260518T022057Z/cmd_001_zero_shot_seed1_shotNone/eurosat_remoteclip_vit_b32_zero_shot_seed1/20260518T022058/result_run_preflight_report.json
eurosat,1,1,remoteclip_vit_b32,tip_adapter,tip_adapter,1,0.6061111111111112,top1_acc,,,10,remote_server,server_full,False,False,results/raw/eurosat/remoteclip_vit_b32/tip_adapter/shot_1/seed_1/20260518T015043_72b93509,results/raw/eurosat/remoteclip_vit_b32/tip_adapter/shot_1/seed_1/20260518T015043_72b93509/metrics.json,results/raw/eurosat/remoteclip_vit_b32/tip_adapter/shot_1/seed_1/20260518T015043_72b93509/metadata.json,outputs/preflight/post_run_result/eurosat_remoteclip_vit_b32/full_matrix_20260518T022057Z/cmd_002_tip_adapter_seed1_shot1/eurosat_remoteclip_vit_b32_tip_adapter_seed1/20260518T022100/result_run_preflight_report.json
eurosat,2,2,remoteclip_vit_b32,tip_adapter,tip_adapter,1,0.7112962962962963,top1_acc,,,20,remote_server,server_full,False,False,results/raw/eurosat/remoteclip_vit_b32/tip_adapter/shot_2/seed_1/20260518T015054_ee174669,results/raw/eurosat/remoteclip_vit_b32/tip_adapter/shot_2/seed_1/20260518T015054_ee174669/metrics.json,results/raw/eurosat/remoteclip_vit_b32/tip_adapter/shot_2/seed_1/20260518T015054_ee174669/metadata.json,outputs/preflight/post_run_result/eurosat_remoteclip_vit_b32/full_matrix_20260518T022057Z/cmd_003_tip_adapter_seed1_shot2/eurosat_remoteclip_vit_b32_tip_adapter_seed1/20260518T022101/result_run_preflight_report.json
eurosat,4,4,remoteclip_vit_b32,tip_adapter,tip_adapter,1,0.7409259259259259,top1_acc,,,40,remote_server,server_full,False,False,results/raw/eurosat/remoteclip_vit_b32/tip_adapter/shot_4/seed_1/20260518T015109_5f31e42f,results/raw/eurosat/remoteclip_vit_b32/tip_adapter/shot_4/seed_1/20260518T015109_5f31e42f/metrics.json,results/raw/eurosat/remoteclip_vit_b32/tip_adapter/shot_4/seed_1/20260518T015109_5f31e42f/metadata.json,outputs/preflight/post_run_result/eurosat_remoteclip_vit_b32/full_matrix_20260518T022057Z/cmd_004_tip_adapter_seed1_shot4/eurosat_remoteclip_vit_b32_tip_adapter_seed1/20260518T022103/result_run_preflight_report.json
eurosat,8,8,remoteclip_vit_b32,tip_adapter,tip_adapter,1,0.7670370370370371,top1_acc,,,80,remote_server,server_full,False,False,results/raw/eurosat/remoteclip_vit_b32/tip_adapter/shot_8/seed_1/20260518T015133_06f31ed0,results/raw/eurosat/remoteclip_vit_b32/tip_adapter/shot_8/seed_1/20260518T015133_06f31ed0/metrics.json,results/raw/eurosat/remoteclip_vit_b32/tip_adapter/shot_8/seed_1/20260518T015133_06f31ed0/metadata.json,outputs/preflight/post_run_result/eurosat_remoteclip_vit_b32/full_matrix_20260518T022057Z/cmd_005_tip_adapter_seed1_shot8/eurosat_remoteclip_vit_b32_tip_adapter_seed1/20260518T022104/result_run_preflight_report.json
eurosat,16,16,remoteclip_vit_b32,tip_adapter,tip_adapter,1,0.8062962962962963,top1_acc,,,160,remote_server,server_full,False,False,results/raw/eurosat/remoteclip_vit_b32/tip_adapter/shot_16/seed_1/20260518T015213_5f991925,results/raw/eurosat/remoteclip_vit_b32/tip_adapter/shot_16/seed_1/20260518T015213_5f991925/metrics.json,results/raw/eurosat/remoteclip_vit_b32/tip_adapter/shot_16/seed_1/20260518T015213_5f991925/metadata.json,outputs/preflight/post_run_result/eurosat_remoteclip_vit_b32/full_matrix_20260518T022057Z/cmd_006_tip_adapter_seed1_shot16/eurosat_remoteclip_vit_b32_tip_adapter_seed1/20260518T022105/result_run_preflight_report.json
eurosat,1,1,remoteclip_vit_b32,proto_adapter,proto_adapter,1,0.6114814814814815,top1_acc,,,10,remote_server,server_full,False,False,results/raw/eurosat/remoteclip_vit_b32/proto_adapter/shot_1/seed_1/20260518T015222_cde6535c,results/raw/eurosat/remoteclip_vit_b32/proto_adapter/shot_1/seed_1/20260518T015222_cde6535c/metrics.json,results/raw/eurosat/remoteclip_vit_b32/proto_adapter/shot_1/seed_1/20260518T015222_cde6535c/metadata.json,outputs/preflight/post_run_result/eurosat_remoteclip_vit_b32/full_matrix_20260518T022057Z/cmd_007_proto_adapter_seed1_shot1/eurosat_remoteclip_vit_b32_proto_adapter_seed1/20260518T022107/result_run_preflight_report.json
eurosat,2,2,remoteclip_vit_b32,proto_adapter,proto_adapter,1,0.6762962962962963,top1_acc,,,10,remote_server,server_full,False,False,results/raw/eurosat/remoteclip_vit_b32/proto_adapter/shot_2/seed_1/20260518T015232_a68e0170,results/raw/eurosat/remoteclip_vit_b32/proto_adapter/shot_2/seed_1/20260518T015232_a68e0170/metrics.json,results/raw/eurosat/remoteclip_vit_b32/proto_adapter/shot_2/seed_1/20260518T015232_a68e0170/metadata.json,outputs/preflight/post_run_result/eurosat_remoteclip_vit_b32/full_matrix_20260518T022057Z/cmd_008_proto_adapter_seed1_shot2/eurosat_remoteclip_vit_b32_proto_adapter_seed1/20260518T022108/result_run_preflight_report.json
eurosat,4,4,remoteclip_vit_b32,proto_adapter,proto_adapter,1,0.697962962962963,top1_acc,,,10,remote_server,server_full,False,False,results/raw/eurosat/remoteclip_vit_b32/proto_adapter/shot_4/seed_1/20260518T015241_39ebe443,results/raw/eurosat/remoteclip_vit_b32/proto_adapter/shot_4/seed_1/20260518T015241_39ebe443/metrics.json,results/raw/eurosat/remoteclip_vit_b32/proto_adapter/shot_4/seed_1/20260518T015241_39ebe443/metadata.json,outputs/preflight/post_run_result/eurosat_remoteclip_vit_b32/full_matrix_20260518T022057Z/cmd_009_proto_adapter_seed1_shot4/eurosat_remoteclip_vit_b32_proto_adapter_seed1/20260518T022109/result_run_preflight_report.json
eurosat,8,8,remoteclip_vit_b32,proto_adapter,proto_adapter,1,0.7279629629629629,top1_acc,,,10,remote_server,server_full,False,False,results/raw/eurosat/remoteclip_vit_b32/proto_adapter/shot_8/seed_1/20260518T015250_176baef7,results/raw/eurosat/remoteclip_vit_b32/proto_adapter/shot_8/seed_1/20260518T015250_176baef7/metrics.json,results/raw/eurosat/remoteclip_vit_b32/proto_adapter/shot_8/seed_1/20260518T015250_176baef7/metadata.json,outputs/preflight/post_run_result/eurosat_remoteclip_vit_b32/full_matrix_20260518T022057Z/cmd_010_proto_adapter_seed1_shot8/eurosat_remoteclip_vit_b32_proto_adapter_seed1/20260518T022111/result_run_preflight_report.json
eurosat,16,16,remoteclip_vit_b32,proto_adapter,proto_adapter,1,0.7322222222222222,top1_acc,,,10,remote_server,server_full,False,False,results/raw/eurosat/remoteclip_vit_b32/proto_adapter/shot_16/seed_1/20260518T015259_099bf872,results/raw/eurosat/remoteclip_vit_b32/proto_adapter/shot_16/seed_1/20260518T015259_099bf872/metrics.json,results/raw/eurosat/remoteclip_vit_b32/proto_adapter/shot_16/seed_1/20260518T015259_099bf872/metadata.json,outputs/preflight/post_run_result/eurosat_remoteclip_vit_b32/full_matrix_20260518T022057Z/cmd_011_proto_adapter_seed1_shot16/eurosat_remoteclip_vit_b32_proto_adapter_seed1/20260518T022112/result_run_preflight_report.json
eurosat,1,1,remoteclip_vit_b32,rs_cpc,rs_cpc_M1_mean,1,0.6114814814814815,top1_acc,1,mean,10,remote_server,server_full,False,False,results/raw/eurosat/remoteclip_vit_b32/rs_cpc/shot_1/M_1/mean/seed_1/20260518T015308_2cb11fdc,results/raw/eurosat/remoteclip_vit_b32/rs_cpc/shot_1/M_1/mean/seed_1/20260518T015308_2cb11fdc/metrics.json,results/raw/eurosat/remoteclip_vit_b32/rs_cpc/shot_1/M_1/mean/seed_1/20260518T015308_2cb11fdc/metadata.json,outputs/preflight/post_run_result/eurosat_remoteclip_vit_b32/full_matrix_20260518T022057Z/cmd_012_rs_cpc_seed1_shot1/eurosat_remoteclip_vit_b32_rs_cpc_seed1/20260518T022113/result_run_preflight_report.json
eurosat,1,1,remoteclip_vit_b32,rs_cpc,rs_cpc_M1_random_group_mean,1,0.6114814814814815,top1_acc,1,random_group_mean,10,remote_server,server_full,False,False,results/raw/eurosat/remoteclip_vit_b32/rs_cpc/shot_1/M_1/random_group_mean/seed_1/20260518T015317_cd697509,results/raw/eurosat/remoteclip_vit_b32/rs_cpc/shot_1/M_1/random_group_mean/seed_1/20260518T015317_cd697509/metrics.json,results/raw/eurosat/remoteclip_vit_b32/rs_cpc/shot_1/M_1/random_group_mean/seed_1/20260518T015317_cd697509/metadata.json,outputs/preflight/post_run_result/eurosat_remoteclip_vit_b32/full_matrix_20260518T022057Z/cmd_013_rs_cpc_seed1_shot1/eurosat_remoteclip_vit_b32_rs_cpc_seed1/20260518T022115/result_run_preflight_report.json
eurosat,1,1,remoteclip_vit_b32,rs_cpc,rs_cpc_M1_medoid,1,0.6114814814814815,top1_acc,1,medoid,10,remote_server,server_full,False,False,results/raw/eurosat/remoteclip_vit_b32/rs_cpc/shot_1/M_1/medoid/seed_1/20260518T015327_4fa427f7,results/raw/eurosat/remoteclip_vit_b32/rs_cpc/shot_1/M_1/medoid/seed_1/20260518T015327_4fa427f7/metrics.json,results/raw/eurosat/remoteclip_vit_b32/rs_cpc/shot_1/M_1/medoid/seed_1/20260518T015327_4fa427f7/metadata.json,outputs/preflight/post_run_result/eurosat_remoteclip_vit_b32/full_matrix_20260518T022057Z/cmd_014_rs_cpc_seed1_shot1/eurosat_remoteclip_vit_b32_rs_cpc_seed1/20260518T022116/result_run_preflight_report.json
eurosat,2,2,remoteclip_vit_b32,rs_cpc,rs_cpc_M1_mean,1,0.6762962962962963,top1_acc,1,mean,10,remote_server,server_full,False,False,results/raw/eurosat/remoteclip_vit_b32/rs_cpc/shot_2/M_1/mean/seed_1/20260518T015336_de6bbd96,results/raw/eurosat/remoteclip_vit_b32/rs_cpc/shot_2/M_1/mean/seed_1/20260518T015336_de6bbd96/metrics.json,results/raw/eurosat/remoteclip_vit_b32/rs_cpc/shot_2/M_1/mean/seed_1/20260518T015336_de6bbd96/metadata.json,outputs/preflight/post_run_result/eurosat_remoteclip_vit_b32/full_matrix_20260518T022057Z/cmd_015_rs_cpc_seed1_shot2/eurosat_remoteclip_vit_b32_rs_cpc_seed1/20260518T022117/result_run_preflight_report.json
eurosat,2,2,remoteclip_vit_b32,rs_cpc,rs_cpc_M1_random_group_mean,1,0.6762962962962963,top1_acc,1,random_group_mean,10,remote_server,server_full,False,False,results/raw/eurosat/remoteclip_vit_b32/rs_cpc/shot_2/M_1/random_group_mean/seed_1/20260518T015345_bbbc49d4,results/raw/eurosat/remoteclip_vit_b32/rs_cpc/shot_2/M_1/random_group_mean/seed_1/20260518T015345_bbbc49d4/metrics.json,results/raw/eurosat/remoteclip_vit_b32/rs_cpc/shot_2/M_1/random_group_mean/seed_1/20260518T015345_bbbc49d4/metadata.json,outputs/preflight/post_run_result/eurosat_remoteclip_vit_b32/full_matrix_20260518T022057Z/cmd_016_rs_cpc_seed1_shot2/eurosat_remoteclip_vit_b32_rs_cpc_seed1/20260518T022119/result_run_preflight_report.json
eurosat,2,2,remoteclip_vit_b32,rs_cpc,rs_cpc_M2_random_group_mean,1,0.7094444444444444,top1_acc,2,random_group_mean,20,remote_server,server_full,False,False,results/raw/eurosat/remoteclip_vit_b32/rs_cpc/shot_2/M_2/random_group_mean/seed_1/20260518T015356_401ce8cc,results/raw/eurosat/remoteclip_vit_b32/rs_cpc/shot_2/M_2/random_group_mean/seed_1/20260518T015356_401ce8cc/metrics.json,results/raw/eurosat/remoteclip_vit_b32/rs_cpc/shot_2/M_2/random_group_mean/seed_1/20260518T015356_401ce8cc/metadata.json,outputs/preflight/post_run_result/eurosat_remoteclip_vit_b32/full_matrix_20260518T022057Z/cmd_017_rs_cpc_seed1_shot2/eurosat_remoteclip_vit_b32_rs_cpc_seed1/20260518T022120/result_run_preflight_report.json
eurosat,2,2,remoteclip_vit_b32,rs_cpc,rs_cpc_M1_medoid,1,0.6511111111111111,top1_acc,1,medoid,10,remote_server,server_full,False,False,results/raw/eurosat/remoteclip_vit_b32/rs_cpc/shot_2/M_1/medoid/seed_1/20260518T015406_10b441d6,results/raw/eurosat/remoteclip_vit_b32/rs_cpc/shot_2/M_1/medoid/seed_1/20260518T015406_10b441d6/metrics.json,results/raw/eurosat/remoteclip_vit_b32/rs_cpc/shot_2/M_1/medoid/seed_1/20260518T015406_10b441d6/metadata.json,outputs/preflight/post_run_result/eurosat_remoteclip_vit_b32/full_matrix_20260518T022057Z/cmd_018_rs_cpc_seed1_shot2/eurosat_remoteclip_vit_b32_rs_cpc_seed1/20260518T022121/result_run_preflight_report.json
eurosat,2,2,remoteclip_vit_b32,rs_cpc,rs_cpc_M2_medoid,1,0.7094444444444444,top1_acc,2,medoid,20,remote_server,server_full,False,False,results/raw/eurosat/remoteclip_vit_b32/rs_cpc/shot_2/M_2/medoid/seed_1/20260518T015417_146ecd26,results/raw/eurosat/remoteclip_vit_b32/rs_cpc/shot_2/M_2/medoid/seed_1/20260518T015417_146ecd26/metrics.json,results/raw/eurosat/remoteclip_vit_b32/rs_cpc/shot_2/M_2/medoid/seed_1/20260518T015417_146ecd26/metadata.json,outputs/preflight/post_run_result/eurosat_remoteclip_vit_b32/full_matrix_20260518T022057Z/cmd_019_rs_cpc_seed1_shot2/eurosat_remoteclip_vit_b32_rs_cpc_seed1/20260518T022123/result_run_preflight_report.json
eurosat,4,4,remoteclip_vit_b32,rs_cpc,rs_cpc_M1_mean,1,0.697962962962963,top1_acc,1,mean,10,remote_server,server_full,False,False,results/raw/eurosat/remoteclip_vit_b32/rs_cpc/shot_4/M_1/mean/seed_1/20260518T015426_07df4253,results/raw/eurosat/remoteclip_vit_b32/rs_cpc/shot_4/M_1/mean/seed_1/20260518T015426_07df4253/metrics.json,results/raw/eurosat/remoteclip_vit_b32/rs_cpc/shot_4/M_1/mean/seed_1/20260518T015426_07df4253/metadata.json,outputs/preflight/post_run_result/eurosat_remoteclip_vit_b32/full_matrix_20260518T022057Z/cmd_020_rs_cpc_seed1_shot4/eurosat_remoteclip_vit_b32_rs_cpc_seed1/20260518T022124/result_run_preflight_report.json
eurosat,4,4,remoteclip_vit_b32,rs_cpc,rs_cpc_M1_random_group_mean,1,0.697962962962963,top1_acc,1,random_group_mean,10,remote_server,server_full,False,False,results/raw/eurosat/remoteclip_vit_b32/rs_cpc/shot_4/M_1/random_group_mean/seed_1/20260518T015436_36797338,results/raw/eurosat/remoteclip_vit_b32/rs_cpc/shot_4/M_1/random_group_mean/seed_1/20260518T015436_36797338/metrics.json,results/raw/eurosat/remoteclip_vit_b32/rs_cpc/shot_4/M_1/random_group_mean/seed_1/20260518T015436_36797338/metadata.json,outputs/preflight/post_run_result/eurosat_remoteclip_vit_b32/full_matrix_20260518T022057Z/cmd_021_rs_cpc_seed1_shot4/eurosat_remoteclip_vit_b32_rs_cpc_seed1/20260518T022126/result_run_preflight_report.json
eurosat,4,4,remoteclip_vit_b32,rs_cpc,rs_cpc_M2_random_group_mean,1,0.730925925925926,top1_acc,2,random_group_mean,20,remote_server,server_full,False,False,results/raw/eurosat/remoteclip_vit_b32/rs_cpc/shot_4/M_2/random_group_mean/seed_1/20260518T015447_d26594c4,results/raw/eurosat/remoteclip_vit_b32/rs_cpc/shot_4/M_2/random_group_mean/seed_1/20260518T015447_d26594c4/metrics.json,results/raw/eurosat/remoteclip_vit_b32/rs_cpc/shot_4/M_2/random_group_mean/seed_1/20260518T015447_d26594c4/metadata.json,outputs/preflight/post_run_result/eurosat_remoteclip_vit_b32/full_matrix_20260518T022057Z/cmd_022_rs_cpc_seed1_shot4/eurosat_remoteclip_vit_b32_rs_cpc_seed1/20260518T022127/result_run_preflight_report.json
eurosat,4,4,remoteclip_vit_b32,rs_cpc,rs_cpc_M4_random_group_mean,1,0.7340740740740741,top1_acc,4,random_group_mean,40,remote_server,server_full,False,False,results/raw/eurosat/remoteclip_vit_b32/rs_cpc/shot_4/M_4/random_group_mean/seed_1/20260518T015502_39f7d75f,results/raw/eurosat/remoteclip_vit_b32/rs_cpc/shot_4/M_4/random_group_mean/seed_1/20260518T015502_39f7d75f/metrics.json,results/raw/eurosat/remoteclip_vit_b32/rs_cpc/shot_4/M_4/random_group_mean/seed_1/20260518T015502_39f7d75f/metadata.json,outputs/preflight/post_run_result/eurosat_remoteclip_vit_b32/full_matrix_20260518T022057Z/cmd_023_rs_cpc_seed1_shot4/eurosat_remoteclip_vit_b32_rs_cpc_seed1/20260518T022128/result_run_preflight_report.json
eurosat,4,4,remoteclip_vit_b32,rs_cpc,rs_cpc_M1_medoid,1,0.6346296296296297,top1_acc,1,medoid,10,remote_server,server_full,False,False,results/raw/eurosat/remoteclip_vit_b32/rs_cpc/shot_4/M_1/medoid/seed_1/20260518T015511_9fd249b0,results/raw/eurosat/remoteclip_vit_b32/rs_cpc/shot_4/M_1/medoid/seed_1/20260518T015511_9fd249b0/metrics.json,results/raw/eurosat/remoteclip_vit_b32/rs_cpc/shot_4/M_1/medoid/seed_1/20260518T015511_9fd249b0/metadata.json,outputs/preflight/post_run_result/eurosat_remoteclip_vit_b32/full_matrix_20260518T022057Z/cmd_024_rs_cpc_seed1_shot4/eurosat_remoteclip_vit_b32_rs_cpc_seed1/20260518T022130/result_run_preflight_report.json
eurosat,4,4,remoteclip_vit_b32,rs_cpc,rs_cpc_M2_medoid,1,0.6466666666666666,top1_acc,2,medoid,20,remote_server,server_full,False,False,results/raw/eurosat/remoteclip_vit_b32/rs_cpc/shot_4/M_2/medoid/seed_1/20260518T015523_f5368308,results/raw/eurosat/remoteclip_vit_b32/rs_cpc/shot_4/M_2/medoid/seed_1/20260518T015523_f5368308/metrics.json,results/raw/eurosat/remoteclip_vit_b32/rs_cpc/shot_4/M_2/medoid/seed_1/20260518T015523_f5368308/metadata.json,outputs/preflight/post_run_result/eurosat_remoteclip_vit_b32/full_matrix_20260518T022057Z/cmd_025_rs_cpc_seed1_shot4/eurosat_remoteclip_vit_b32_rs_cpc_seed1/20260518T022131/result_run_preflight_report.json
eurosat,4,4,remoteclip_vit_b32,rs_cpc,rs_cpc_M4_medoid,1,0.7340740740740741,top1_acc,4,medoid,40,remote_server,server_full,False,False,results/raw/eurosat/remoteclip_vit_b32/rs_cpc/shot_4/M_4/medoid/seed_1/20260518T015538_871961da,results/raw/eurosat/remoteclip_vit_b32/rs_cpc/shot_4/M_4/medoid/seed_1/20260518T015538_871961da/metrics.json,results/raw/eurosat/remoteclip_vit_b32/rs_cpc/shot_4/M_4/medoid/seed_1/20260518T015538_871961da/metadata.json,outputs/preflight/post_run_result/eurosat_remoteclip_vit_b32/full_matrix_20260518T022057Z/cmd_026_rs_cpc_seed1_shot4/eurosat_remoteclip_vit_b32_rs_cpc_seed1/20260518T022132/result_run_preflight_report.json
eurosat,8,8,remoteclip_vit_b32,rs_cpc,rs_cpc_M1_mean,1,0.7279629629629629,top1_acc,1,mean,10,remote_server,server_full,False,False,results/raw/eurosat/remoteclip_vit_b32/rs_cpc/shot_8/M_1/mean/seed_1/20260518T015547_31f82f17,results/raw/eurosat/remoteclip_vit_b32/rs_cpc/shot_8/M_1/mean/seed_1/20260518T015547_31f82f17/metrics.json,results/raw/eurosat/remoteclip_vit_b32/rs_cpc/shot_8/M_1/mean/seed_1/20260518T015547_31f82f17/metadata.json,outputs/preflight/post_run_result/eurosat_remoteclip_vit_b32/full_matrix_20260518T022057Z/cmd_027_rs_cpc_seed1_shot8/eurosat_remoteclip_vit_b32_rs_cpc_seed1/20260518T022134/result_run_preflight_report.json
eurosat,8,8,remoteclip_vit_b32,rs_cpc,rs_cpc_M1_random_group_mean,1,0.7279629629629629,top1_acc,1,random_group_mean,10,remote_server,server_full,False,False,results/raw/eurosat/remoteclip_vit_b32/rs_cpc/shot_8/M_1/random_group_mean/seed_1/20260518T015557_50f6107e,results/raw/eurosat/remoteclip_vit_b32/rs_cpc/shot_8/M_1/random_group_mean/seed_1/20260518T015557_50f6107e/metrics.json,results/raw/eurosat/remoteclip_vit_b32/rs_cpc/shot_8/M_1/random_group_mean/seed_1/20260518T015557_50f6107e/metadata.json,outputs/preflight/post_run_result/eurosat_remoteclip_vit_b32/full_matrix_20260518T022057Z/cmd_028_rs_cpc_seed1_shot8/eurosat_remoteclip_vit_b32_rs_cpc_seed1/20260518T022135/result_run_preflight_report.json
eurosat,8,8,remoteclip_vit_b32,rs_cpc,rs_cpc_M2_random_group_mean,1,0.7696296296296297,top1_acc,2,random_group_mean,20,remote_server,server_full,False,False,results/raw/eurosat/remoteclip_vit_b32/rs_cpc/shot_8/M_2/random_group_mean/seed_1/20260518T015608_d67d77e5,results/raw/eurosat/remoteclip_vit_b32/rs_cpc/shot_8/M_2/random_group_mean/seed_1/20260518T015608_d67d77e5/metrics.json,results/raw/eurosat/remoteclip_vit_b32/rs_cpc/shot_8/M_2/random_group_mean/seed_1/20260518T015608_d67d77e5/metadata.json,outputs/preflight/post_run_result/eurosat_remoteclip_vit_b32/full_matrix_20260518T022057Z/cmd_029_rs_cpc_seed1_shot8/eurosat_remoteclip_vit_b32_rs_cpc_seed1/20260518T022136/result_run_preflight_report.json
eurosat,8,8,remoteclip_vit_b32,rs_cpc,rs_cpc_M4_random_group_mean,1,0.7862962962962963,top1_acc,4,random_group_mean,40,remote_server,server_full,False,False,results/raw/eurosat/remoteclip_vit_b32/rs_cpc/shot_8/M_4/random_group_mean/seed_1/20260518T015624_73d97f23,results/raw/eurosat/remoteclip_vit_b32/rs_cpc/shot_8/M_4/random_group_mean/seed_1/20260518T015624_73d97f23/metrics.json,results/raw/eurosat/remoteclip_vit_b32/rs_cpc/shot_8/M_4/random_group_mean/seed_1/20260518T015624_73d97f23/metadata.json,outputs/preflight/post_run_result/eurosat_remoteclip_vit_b32/full_matrix_20260518T022057Z/cmd_030_rs_cpc_seed1_shot8/eurosat_remoteclip_vit_b32_rs_cpc_seed1/20260518T022138/result_run_preflight_report.json
eurosat,8,8,remoteclip_vit_b32,rs_cpc,rs_cpc_M8_random_group_mean,1,0.7616666666666667,top1_acc,8,random_group_mean,80,remote_server,server_full,False,False,results/raw/eurosat/remoteclip_vit_b32/rs_cpc/shot_8/M_8/random_group_mean/seed_1/20260518T015648_e6f4b088,results/raw/eurosat/remoteclip_vit_b32/rs_cpc/shot_8/M_8/random_group_mean/seed_1/20260518T015648_e6f4b088/metrics.json,results/raw/eurosat/remoteclip_vit_b32/rs_cpc/shot_8/M_8/random_group_mean/seed_1/20260518T015648_e6f4b088/metadata.json,outputs/preflight/post_run_result/eurosat_remoteclip_vit_b32/full_matrix_20260518T022057Z/cmd_031_rs_cpc_seed1_shot8/eurosat_remoteclip_vit_b32_rs_cpc_seed1/20260518T022139/result_run_preflight_report.json
eurosat,8,8,remoteclip_vit_b32,rs_cpc,rs_cpc_M1_medoid,1,0.6662962962962963,top1_acc,1,medoid,10,remote_server,server_full,False,False,results/raw/eurosat/remoteclip_vit_b32/rs_cpc/shot_8/M_1/medoid/seed_1/20260518T015657_db5944f4,results/raw/eurosat/remoteclip_vit_b32/rs_cpc/shot_8/M_1/medoid/seed_1/20260518T015657_db5944f4/metrics.json,results/raw/eurosat/remoteclip_vit_b32/rs_cpc/shot_8/M_1/medoid/seed_1/20260518T015657_db5944f4/metadata.json,outputs/preflight/post_run_result/eurosat_remoteclip_vit_b32/full_matrix_20260518T022057Z/cmd_032_rs_cpc_seed1_shot8/eurosat_remoteclip_vit_b32_rs_cpc_seed1/20260518T022140/result_run_preflight_report.json
eurosat,8,8,remoteclip_vit_b32,rs_cpc,rs_cpc_M2_medoid,1,0.6203703703703703,top1_acc,2,medoid,20,remote_server,server_full,False,False,results/raw/eurosat/remoteclip_vit_b32/rs_cpc/shot_8/M_2/medoid/seed_1/20260518T015708_8f4b8aa2,results/raw/eurosat/remoteclip_vit_b32/rs_cpc/shot_8/M_2/medoid/seed_1/20260518T015708_8f4b8aa2/metrics.json,results/raw/eurosat/remoteclip_vit_b32/rs_cpc/shot_8/M_2/medoid/seed_1/20260518T015708_8f4b8aa2/metadata.json,outputs/preflight/post_run_result/eurosat_remoteclip_vit_b32/full_matrix_20260518T022057Z/cmd_033_rs_cpc_seed1_shot8/eurosat_remoteclip_vit_b32_rs_cpc_seed1/20260518T022142/result_run_preflight_report.json
eurosat,8,8,remoteclip_vit_b32,rs_cpc,rs_cpc_M4_medoid,1,0.6238888888888889,top1_acc,4,medoid,40,remote_server,server_full,False,False,results/raw/eurosat/remoteclip_vit_b32/rs_cpc/shot_8/M_4/medoid/seed_1/20260518T015724_1aac3f16,results/raw/eurosat/remoteclip_vit_b32/rs_cpc/shot_8/M_4/medoid/seed_1/20260518T015724_1aac3f16/metrics.json,results/raw/eurosat/remoteclip_vit_b32/rs_cpc/shot_8/M_4/medoid/seed_1/20260518T015724_1aac3f16/metadata.json,outputs/preflight/post_run_result/eurosat_remoteclip_vit_b32/full_matrix_20260518T022057Z/cmd_034_rs_cpc_seed1_shot8/eurosat_remoteclip_vit_b32_rs_cpc_seed1/20260518T022143/result_run_preflight_report.json
eurosat,8,8,remoteclip_vit_b32,rs_cpc,rs_cpc_M8_medoid,1,0.7616666666666667,top1_acc,8,medoid,80,remote_server,server_full,False,False,results/raw/eurosat/remoteclip_vit_b32/rs_cpc/shot_8/M_8/medoid/seed_1/20260518T015747_f9dc0638,results/raw/eurosat/remoteclip_vit_b32/rs_cpc/shot_8/M_8/medoid/seed_1/20260518T015747_f9dc0638/metrics.json,results/raw/eurosat/remoteclip_vit_b32/rs_cpc/shot_8/M_8/medoid/seed_1/20260518T015747_f9dc0638/metadata.json,outputs/preflight/post_run_result/eurosat_remoteclip_vit_b32/full_matrix_20260518T022057Z/cmd_035_rs_cpc_seed1_shot8/eurosat_remoteclip_vit_b32_rs_cpc_seed1/20260518T022144/result_run_preflight_report.json
eurosat,16,16,remoteclip_vit_b32,rs_cpc,rs_cpc_M1_mean,1,0.7322222222222222,top1_acc,1,mean,10,remote_server,server_full,False,False,results/raw/eurosat/remoteclip_vit_b32/rs_cpc/shot_16/M_1/mean/seed_1/20260518T015757_ae1e24f0,results/raw/eurosat/remoteclip_vit_b32/rs_cpc/shot_16/M_1/mean/seed_1/20260518T015757_ae1e24f0/metrics.json,results/raw/eurosat/remoteclip_vit_b32/rs_cpc/shot_16/M_1/mean/seed_1/20260518T015757_ae1e24f0/metadata.json,outputs/preflight/post_run_result/eurosat_remoteclip_vit_b32/full_matrix_20260518T022057Z/cmd_036_rs_cpc_seed1_shot16/eurosat_remoteclip_vit_b32_rs_cpc_seed1/20260518T022146/result_run_preflight_report.json
eurosat,16,16,remoteclip_vit_b32,rs_cpc,rs_cpc_M1_random_group_mean,1,0.7322222222222222,top1_acc,1,random_group_mean,10,remote_server,server_full,False,False,results/raw/eurosat/remoteclip_vit_b32/rs_cpc/shot_16/M_1/random_group_mean/seed_1/20260518T015806_c8533cee,results/raw/eurosat/remoteclip_vit_b32/rs_cpc/shot_16/M_1/random_group_mean/seed_1/20260518T015806_c8533cee/metrics.json,results/raw/eurosat/remoteclip_vit_b32/rs_cpc/shot_16/M_1/random_group_mean/seed_1/20260518T015806_c8533cee/metadata.json,outputs/preflight/post_run_result/eurosat_remoteclip_vit_b32/full_matrix_20260518T022057Z/cmd_037_rs_cpc_seed1_shot16/eurosat_remoteclip_vit_b32_rs_cpc_seed1/20260518T022147/result_run_preflight_report.json
eurosat,16,16,remoteclip_vit_b32,rs_cpc,rs_cpc_M2_random_group_mean,1,0.8014814814814815,top1_acc,2,random_group_mean,20,remote_server,server_full,False,False,results/raw/eurosat/remoteclip_vit_b32/rs_cpc/shot_16/M_2/random_group_mean/seed_1/20260518T015817_aad4b555,results/raw/eurosat/remoteclip_vit_b32/rs_cpc/shot_16/M_2/random_group_mean/seed_1/20260518T015817_aad4b555/metrics.json,results/raw/eurosat/remoteclip_vit_b32/rs_cpc/shot_16/M_2/random_group_mean/seed_1/20260518T015817_aad4b555/metadata.json,outputs/preflight/post_run_result/eurosat_remoteclip_vit_b32/full_matrix_20260518T022057Z/cmd_038_rs_cpc_seed1_shot16/eurosat_remoteclip_vit_b32_rs_cpc_seed1/20260518T022148/result_run_preflight_report.json
eurosat,16,16,remoteclip_vit_b32,rs_cpc,rs_cpc_M4_random_group_mean,1,0.827037037037037,top1_acc,4,random_group_mean,40,remote_server,server_full,False,False,results/raw/eurosat/remoteclip_vit_b32/rs_cpc/shot_16/M_4/random_group_mean/seed_1/20260518T015832_f28033e8,results/raw/eurosat/remoteclip_vit_b32/rs_cpc/shot_16/M_4/random_group_mean/seed_1/20260518T015832_f28033e8/metrics.json,results/raw/eurosat/remoteclip_vit_b32/rs_cpc/shot_16/M_4/random_group_mean/seed_1/20260518T015832_f28033e8/metadata.json,outputs/preflight/post_run_result/eurosat_remoteclip_vit_b32/full_matrix_20260518T022057Z/cmd_039_rs_cpc_seed1_shot16/eurosat_remoteclip_vit_b32_rs_cpc_seed1/20260518T022150/result_run_preflight_report.json
eurosat,16,16,remoteclip_vit_b32,rs_cpc,rs_cpc_M8_random_group_mean,1,0.8212962962962963,top1_acc,8,random_group_mean,80,remote_server,server_full,False,False,results/raw/eurosat/remoteclip_vit_b32/rs_cpc/shot_16/M_8/random_group_mean/seed_1/20260518T015855_1028f2e6,results/raw/eurosat/remoteclip_vit_b32/rs_cpc/shot_16/M_8/random_group_mean/seed_1/20260518T015855_1028f2e6/metrics.json,results/raw/eurosat/remoteclip_vit_b32/rs_cpc/shot_16/M_8/random_group_mean/seed_1/20260518T015855_1028f2e6/metadata.json,outputs/preflight/post_run_result/eurosat_remoteclip_vit_b32/full_matrix_20260518T022057Z/cmd_040_rs_cpc_seed1_shot16/eurosat_remoteclip_vit_b32_rs_cpc_seed1/20260518T022151/result_run_preflight_report.json
eurosat,16,16,remoteclip_vit_b32,rs_cpc,rs_cpc_M1_medoid,1,0.7157407407407408,top1_acc,1,medoid,10,remote_server,server_full,False,False,results/raw/eurosat/remoteclip_vit_b32/rs_cpc/shot_16/M_1/medoid/seed_1/20260518T015905_75da690a,results/raw/eurosat/remoteclip_vit_b32/rs_cpc/shot_16/M_1/medoid/seed_1/20260518T015905_75da690a/metrics.json,results/raw/eurosat/remoteclip_vit_b32/rs_cpc/shot_16/M_1/medoid/seed_1/20260518T015905_75da690a/metadata.json,outputs/preflight/post_run_result/eurosat_remoteclip_vit_b32/full_matrix_20260518T022057Z/cmd_041_rs_cpc_seed1_shot16/eurosat_remoteclip_vit_b32_rs_cpc_seed1/20260518T022153/result_run_preflight_report.json
eurosat,16,16,remoteclip_vit_b32,rs_cpc,rs_cpc_M2_medoid,1,0.6464814814814814,top1_acc,2,medoid,20,remote_server,server_full,False,False,results/raw/eurosat/remoteclip_vit_b32/rs_cpc/shot_16/M_2/medoid/seed_1/20260518T015916_4b368d1b,results/raw/eurosat/remoteclip_vit_b32/rs_cpc/shot_16/M_2/medoid/seed_1/20260518T015916_4b368d1b/metrics.json,results/raw/eurosat/remoteclip_vit_b32/rs_cpc/shot_16/M_2/medoid/seed_1/20260518T015916_4b368d1b/metadata.json,outputs/preflight/post_run_result/eurosat_remoteclip_vit_b32/full_matrix_20260518T022057Z/cmd_042_rs_cpc_seed1_shot16/eurosat_remoteclip_vit_b32_rs_cpc_seed1/20260518T022154/result_run_preflight_report.json
eurosat,16,16,remoteclip_vit_b32,rs_cpc,rs_cpc_M4_medoid,1,0.6614814814814814,top1_acc,4,medoid,40,remote_server,server_full,False,False,results/raw/eurosat/remoteclip_vit_b32/rs_cpc/shot_16/M_4/medoid/seed_1/20260518T015931_8b011395,results/raw/eurosat/remoteclip_vit_b32/rs_cpc/shot_16/M_4/medoid/seed_1/20260518T015931_8b011395/metrics.json,results/raw/eurosat/remoteclip_vit_b32/rs_cpc/shot_16/M_4/medoid/seed_1/20260518T015931_8b011395/metadata.json,outputs/preflight/post_run_result/eurosat_remoteclip_vit_b32/full_matrix_20260518T022057Z/cmd_043_rs_cpc_seed1_shot16/eurosat_remoteclip_vit_b32_rs_cpc_seed1/20260518T022155/result_run_preflight_report.json
eurosat,16,16,remoteclip_vit_b32,rs_cpc,rs_cpc_M8_medoid,1,0.7146296296296296,top1_acc,8,medoid,80,remote_server,server_full,False,False,results/raw/eurosat/remoteclip_vit_b32/rs_cpc/shot_16/M_8/medoid/seed_1/20260518T015955_ea1a8364,results/raw/eurosat/remoteclip_vit_b32/rs_cpc/shot_16/M_8/medoid/seed_1/20260518T015955_ea1a8364/metrics.json,results/raw/eurosat/remoteclip_vit_b32/rs_cpc/shot_16/M_8/medoid/seed_1/20260518T015955_ea1a8364/metadata.json,outputs/preflight/post_run_result/eurosat_remoteclip_vit_b32/full_matrix_20260518T022057Z/cmd_044_rs_cpc_seed1_shot16/eurosat_remoteclip_vit_b32_rs_cpc_seed1/20260518T022157/result_run_preflight_report.json
eurosat,,zero_shot,remoteclip_vit_b32,zero_shot,zero_shot,2,0.32685185185185184,top1_acc,,,10,remote_server,server_full,False,False,results/raw/eurosat/remoteclip_vit_b32/zero_shot/seed_2/20260518T020001_93abd5a1,results/raw/eurosat/remoteclip_vit_b32/zero_shot/seed_2/20260518T020001_93abd5a1/metrics.json,results/raw/eurosat/remoteclip_vit_b32/zero_shot/seed_2/20260518T020001_93abd5a1/metadata.json,outputs/preflight/post_run_result/eurosat_remoteclip_vit_b32/full_matrix_20260518T022057Z/cmd_045_zero_shot_seed2_shotNone/eurosat_remoteclip_vit_b32_zero_shot_seed2/20260518T022158/result_run_preflight_report.json
eurosat,1,1,remoteclip_vit_b32,tip_adapter,tip_adapter,2,0.5127777777777778,top1_acc,,,10,remote_server,server_full,False,False,results/raw/eurosat/remoteclip_vit_b32/tip_adapter/shot_1/seed_2/20260518T020011_1a02610c,results/raw/eurosat/remoteclip_vit_b32/tip_adapter/shot_1/seed_2/20260518T020011_1a02610c/metrics.json,results/raw/eurosat/remoteclip_vit_b32/tip_adapter/shot_1/seed_2/20260518T020011_1a02610c/metadata.json,outputs/preflight/post_run_result/eurosat_remoteclip_vit_b32/full_matrix_20260518T022057Z/cmd_046_tip_adapter_seed2_shot1/eurosat_remoteclip_vit_b32_tip_adapter_seed2/20260518T022159/result_run_preflight_report.json
eurosat,2,2,remoteclip_vit_b32,tip_adapter,tip_adapter,2,0.6596296296296297,top1_acc,,,20,remote_server,server_full,False,False,results/raw/eurosat/remoteclip_vit_b32/tip_adapter/shot_2/seed_2/20260518T020022_17e6633a,results/raw/eurosat/remoteclip_vit_b32/tip_adapter/shot_2/seed_2/20260518T020022_17e6633a/metrics.json,results/raw/eurosat/remoteclip_vit_b32/tip_adapter/shot_2/seed_2/20260518T020022_17e6633a/metadata.json,outputs/preflight/post_run_result/eurosat_remoteclip_vit_b32/full_matrix_20260518T022057Z/cmd_047_tip_adapter_seed2_shot2/eurosat_remoteclip_vit_b32_tip_adapter_seed2/20260518T022201/result_run_preflight_report.json
eurosat,4,4,remoteclip_vit_b32,tip_adapter,tip_adapter,2,0.6738888888888889,top1_acc,,,40,remote_server,server_full,False,False,results/raw/eurosat/remoteclip_vit_b32/tip_adapter/shot_4/seed_2/20260518T020037_31c7c88c,results/raw/eurosat/remoteclip_vit_b32/tip_adapter/shot_4/seed_2/20260518T020037_31c7c88c/metrics.json,results/raw/eurosat/remoteclip_vit_b32/tip_adapter/shot_4/seed_2/20260518T020037_31c7c88c/metadata.json,outputs/preflight/post_run_result/eurosat_remoteclip_vit_b32/full_matrix_20260518T022057Z/cmd_048_tip_adapter_seed2_shot4/eurosat_remoteclip_vit_b32_tip_adapter_seed2/20260518T022202/result_run_preflight_report.json
eurosat,8,8,remoteclip_vit_b32,tip_adapter,tip_adapter,2,0.7433333333333333,top1_acc,,,80,remote_server,server_full,False,False,results/raw/eurosat/remoteclip_vit_b32/tip_adapter/shot_8/seed_2/20260518T020100_f33199bb,results/raw/eurosat/remoteclip_vit_b32/tip_adapter/shot_8/seed_2/20260518T020100_f33199bb/metrics.json,results/raw/eurosat/remoteclip_vit_b32/tip_adapter/shot_8/seed_2/20260518T020100_f33199bb/metadata.json,outputs/preflight/post_run_result/eurosat_remoteclip_vit_b32/full_matrix_20260518T022057Z/cmd_049_tip_adapter_seed2_shot8/eurosat_remoteclip_vit_b32_tip_adapter_seed2/20260518T022203/result_run_preflight_report.json
eurosat,16,16,remoteclip_vit_b32,tip_adapter,tip_adapter,2,0.7566666666666667,top1_acc,,,160,remote_server,server_full,False,False,results/raw/eurosat/remoteclip_vit_b32/tip_adapter/shot_16/seed_2/20260518T020140_e25b322f,results/raw/eurosat/remoteclip_vit_b32/tip_adapter/shot_16/seed_2/20260518T020140_e25b322f/metrics.json,results/raw/eurosat/remoteclip_vit_b32/tip_adapter/shot_16/seed_2/20260518T020140_e25b322f/metadata.json,outputs/preflight/post_run_result/eurosat_remoteclip_vit_b32/full_matrix_20260518T022057Z/cmd_050_tip_adapter_seed2_shot16/eurosat_remoteclip_vit_b32_tip_adapter_seed2/20260518T022205/result_run_preflight_report.json
eurosat,1,1,remoteclip_vit_b32,proto_adapter,proto_adapter,2,0.5051851851851852,top1_acc,,,10,remote_server,server_full,False,False,results/raw/eurosat/remoteclip_vit_b32/proto_adapter/shot_1/seed_2/20260518T020149_9d0c8b9d,results/raw/eurosat/remoteclip_vit_b32/proto_adapter/shot_1/seed_2/20260518T020149_9d0c8b9d/metrics.json,results/raw/eurosat/remoteclip_vit_b32/proto_adapter/shot_1/seed_2/20260518T020149_9d0c8b9d/metadata.json,outputs/preflight/post_run_result/eurosat_remoteclip_vit_b32/full_matrix_20260518T022057Z/cmd_051_proto_adapter_seed2_shot1/eurosat_remoteclip_vit_b32_proto_adapter_seed2/20260518T022206/result_run_preflight_report.json
eurosat,2,2,remoteclip_vit_b32,proto_adapter,proto_adapter,2,0.5831481481481482,top1_acc,,,10,remote_server,server_full,False,False,results/raw/eurosat/remoteclip_vit_b32/proto_adapter/shot_2/seed_2/20260518T020158_893dfb62,results/raw/eurosat/remoteclip_vit_b32/proto_adapter/shot_2/seed_2/20260518T020158_893dfb62/metrics.json,results/raw/eurosat/remoteclip_vit_b32/proto_adapter/shot_2/seed_2/20260518T020158_893dfb62/metadata.json,outputs/preflight/post_run_result/eurosat_remoteclip_vit_b32/full_matrix_20260518T022057Z/cmd_052_proto_adapter_seed2_shot2/eurosat_remoteclip_vit_b32_proto_adapter_seed2/20260518T022208/result_run_preflight_report.json
eurosat,4,4,remoteclip_vit_b32,proto_adapter,proto_adapter,2,0.6559259259259259,top1_acc,,,10,remote_server,server_full,False,False,results/raw/eurosat/remoteclip_vit_b32/proto_adapter/shot_4/seed_2/20260518T020208_a4c0b802,results/raw/eurosat/remoteclip_vit_b32/proto_adapter/shot_4/seed_2/20260518T020208_a4c0b802/metrics.json,results/raw/eurosat/remoteclip_vit_b32/proto_adapter/shot_4/seed_2/20260518T020208_a4c0b802/metadata.json,outputs/preflight/post_run_result/eurosat_remoteclip_vit_b32/full_matrix_20260518T022057Z/cmd_053_proto_adapter_seed2_shot4/eurosat_remoteclip_vit_b32_proto_adapter_seed2/20260518T022209/result_run_preflight_report.json
eurosat,8,8,remoteclip_vit_b32,proto_adapter,proto_adapter,2,0.7,top1_acc,,,10,remote_server,server_full,False,False,results/raw/eurosat/remoteclip_vit_b32/proto_adapter/shot_8/seed_2/20260518T020217_fc5e926f,results/raw/eurosat/remoteclip_vit_b32/proto_adapter/shot_8/seed_2/20260518T020217_fc5e926f/metrics.json,results/raw/eurosat/remoteclip_vit_b32/proto_adapter/shot_8/seed_2/20260518T020217_fc5e926f/metadata.json,outputs/preflight/post_run_result/eurosat_remoteclip_vit_b32/full_matrix_20260518T022057Z/cmd_054_proto_adapter_seed2_shot8/eurosat_remoteclip_vit_b32_proto_adapter_seed2/20260518T022210/result_run_preflight_report.json
eurosat,16,16,remoteclip_vit_b32,proto_adapter,proto_adapter,2,0.7122222222222222,top1_acc,,,10,remote_server,server_full,False,False,results/raw/eurosat/remoteclip_vit_b32/proto_adapter/shot_16/seed_2/20260518T020226_4e6927ca,results/raw/eurosat/remoteclip_vit_b32/proto_adapter/shot_16/seed_2/20260518T020226_4e6927ca/metrics.json,results/raw/eurosat/remoteclip_vit_b32/proto_adapter/shot_16/seed_2/20260518T020226_4e6927ca/metadata.json,outputs/preflight/post_run_result/eurosat_remoteclip_vit_b32/full_matrix_20260518T022057Z/cmd_055_proto_adapter_seed2_shot16/eurosat_remoteclip_vit_b32_proto_adapter_seed2/20260518T022212/result_run_preflight_report.json
eurosat,1,1,remoteclip_vit_b32,rs_cpc,rs_cpc_M1_mean,2,0.5051851851851852,top1_acc,1,mean,10,remote_server,server_full,False,False,results/raw/eurosat/remoteclip_vit_b32/rs_cpc/shot_1/M_1/mean/seed_2/20260518T020235_690e0aad,results/raw/eurosat/remoteclip_vit_b32/rs_cpc/shot_1/M_1/mean/seed_2/20260518T020235_690e0aad/metrics.json,results/raw/eurosat/remoteclip_vit_b32/rs_cpc/shot_1/M_1/mean/seed_2/20260518T020235_690e0aad/metadata.json,outputs/preflight/post_run_result/eurosat_remoteclip_vit_b32/full_matrix_20260518T022057Z/cmd_056_rs_cpc_seed2_shot1/eurosat_remoteclip_vit_b32_rs_cpc_seed2/20260518T022213/result_run_preflight_report.json
eurosat,1,1,remoteclip_vit_b32,rs_cpc,rs_cpc_M1_random_group_mean,2,0.5051851851851852,top1_acc,1,random_group_mean,10,remote_server,server_full,False,False,results/raw/eurosat/remoteclip_vit_b32/rs_cpc/shot_1/M_1/random_group_mean/seed_2/20260518T020244_a7cc3038,results/raw/eurosat/remoteclip_vit_b32/rs_cpc/shot_1/M_1/random_group_mean/seed_2/20260518T020244_a7cc3038/metrics.json,results/raw/eurosat/remoteclip_vit_b32/rs_cpc/shot_1/M_1/random_group_mean/seed_2/20260518T020244_a7cc3038/metadata.json,outputs/preflight/post_run_result/eurosat_remoteclip_vit_b32/full_matrix_20260518T022057Z/cmd_057_rs_cpc_seed2_shot1/eurosat_remoteclip_vit_b32_rs_cpc_seed2/20260518T022214/result_run_preflight_report.json
eurosat,1,1,remoteclip_vit_b32,rs_cpc,rs_cpc_M1_medoid,2,0.5051851851851852,top1_acc,1,medoid,10,remote_server,server_full,False,False,results/raw/eurosat/remoteclip_vit_b32/rs_cpc/shot_1/M_1/medoid/seed_2/20260518T020254_4d8a8c8f,results/raw/eurosat/remoteclip_vit_b32/rs_cpc/shot_1/M_1/medoid/seed_2/20260518T020254_4d8a8c8f/metrics.json,results/raw/eurosat/remoteclip_vit_b32/rs_cpc/shot_1/M_1/medoid/seed_2/20260518T020254_4d8a8c8f/metadata.json,outputs/preflight/post_run_result/eurosat_remoteclip_vit_b32/full_matrix_20260518T022057Z/cmd_058_rs_cpc_seed2_shot1/eurosat_remoteclip_vit_b32_rs_cpc_seed2/20260518T022216/result_run_preflight_report.json
eurosat,2,2,remoteclip_vit_b32,rs_cpc,rs_cpc_M1_mean,2,0.5831481481481482,top1_acc,1,mean,10,remote_server,server_full,False,False,results/raw/eurosat/remoteclip_vit_b32/rs_cpc/shot_2/M_1/mean/seed_2/20260518T020303_3b9810a3,results/raw/eurosat/remoteclip_vit_b32/rs_cpc/shot_2/M_1/mean/seed_2/20260518T020303_3b9810a3/metrics.json,results/raw/eurosat/remoteclip_vit_b32/rs_cpc/shot_2/M_1/mean/seed_2/20260518T020303_3b9810a3/metadata.json,outputs/preflight/post_run_result/eurosat_remoteclip_vit_b32/full_matrix_20260518T022057Z/cmd_059_rs_cpc_seed2_shot2/eurosat_remoteclip_vit_b32_rs_cpc_seed2/20260518T022217/result_run_preflight_report.json
eurosat,2,2,remoteclip_vit_b32,rs_cpc,rs_cpc_M1_random_group_mean,2,0.5831481481481482,top1_acc,1,random_group_mean,10,remote_server,server_full,False,False,results/raw/eurosat/remoteclip_vit_b32/rs_cpc/shot_2/M_1/random_group_mean/seed_2/20260518T020312_922c37b0,results/raw/eurosat/remoteclip_vit_b32/rs_cpc/shot_2/M_1/random_group_mean/seed_2/20260518T020312_922c37b0/metrics.json,results/raw/eurosat/remoteclip_vit_b32/rs_cpc/shot_2/M_1/random_group_mean/seed_2/20260518T020312_922c37b0/metadata.json,outputs/preflight/post_run_result/eurosat_remoteclip_vit_b32/full_matrix_20260518T022057Z/cmd_060_rs_cpc_seed2_shot2/eurosat_remoteclip_vit_b32_rs_cpc_seed2/20260518T022219/result_run_preflight_report.json
eurosat,2,2,remoteclip_vit_b32,rs_cpc,rs_cpc_M2_random_group_mean,2,0.6583333333333333,top1_acc,2,random_group_mean,20,remote_server,server_full,False,False,results/raw/eurosat/remoteclip_vit_b32/rs_cpc/shot_2/M_2/random_group_mean/seed_2/20260518T020323_ebcf09d9,results/raw/eurosat/remoteclip_vit_b32/rs_cpc/shot_2/M_2/random_group_mean/seed_2/20260518T020323_ebcf09d9/metrics.json,results/raw/eurosat/remoteclip_vit_b32/rs_cpc/shot_2/M_2/random_group_mean/seed_2/20260518T020323_ebcf09d9/metadata.json,outputs/preflight/post_run_result/eurosat_remoteclip_vit_b32/full_matrix_20260518T022057Z/cmd_061_rs_cpc_seed2_shot2/eurosat_remoteclip_vit_b32_rs_cpc_seed2/20260518T022220/result_run_preflight_report.json
eurosat,2,2,remoteclip_vit_b32,rs_cpc,rs_cpc_M1_medoid,2,0.5874074074074074,top1_acc,1,medoid,10,remote_server,server_full,False,False,results/raw/eurosat/remoteclip_vit_b32/rs_cpc/shot_2/M_1/medoid/seed_2/20260518T020332_6fb73d16,results/raw/eurosat/remoteclip_vit_b32/rs_cpc/shot_2/M_1/medoid/seed_2/20260518T020332_6fb73d16/metrics.json,results/raw/eurosat/remoteclip_vit_b32/rs_cpc/shot_2/M_1/medoid/seed_2/20260518T020332_6fb73d16/metadata.json,outputs/preflight/post_run_result/eurosat_remoteclip_vit_b32/full_matrix_20260518T022057Z/cmd_062_rs_cpc_seed2_shot2/eurosat_remoteclip_vit_b32_rs_cpc_seed2/20260518T022221/result_run_preflight_report.json
eurosat,2,2,remoteclip_vit_b32,rs_cpc,rs_cpc_M2_medoid,2,0.6583333333333333,top1_acc,2,medoid,20,remote_server,server_full,False,False,results/raw/eurosat/remoteclip_vit_b32/rs_cpc/shot_2/M_2/medoid/seed_2/20260518T020343_0b97e6d5,results/raw/eurosat/remoteclip_vit_b32/rs_cpc/shot_2/M_2/medoid/seed_2/20260518T020343_0b97e6d5/metrics.json,results/raw/eurosat/remoteclip_vit_b32/rs_cpc/shot_2/M_2/medoid/seed_2/20260518T020343_0b97e6d5/metadata.json,outputs/preflight/post_run_result/eurosat_remoteclip_vit_b32/full_matrix_20260518T022057Z/cmd_063_rs_cpc_seed2_shot2/eurosat_remoteclip_vit_b32_rs_cpc_seed2/20260518T022223/result_run_preflight_report.json
eurosat,4,4,remoteclip_vit_b32,rs_cpc,rs_cpc_M1_mean,2,0.6559259259259259,top1_acc,1,mean,10,remote_server,server_full,False,False,results/raw/eurosat/remoteclip_vit_b32/rs_cpc/shot_4/M_1/mean/seed_2/20260518T020353_6e2f38e7,results/raw/eurosat/remoteclip_vit_b32/rs_cpc/shot_4/M_1/mean/seed_2/20260518T020353_6e2f38e7/metrics.json,results/raw/eurosat/remoteclip_vit_b32/rs_cpc/shot_4/M_1/mean/seed_2/20260518T020353_6e2f38e7/metadata.json,outputs/preflight/post_run_result/eurosat_remoteclip_vit_b32/full_matrix_20260518T022057Z/cmd_064_rs_cpc_seed2_shot4/eurosat_remoteclip_vit_b32_rs_cpc_seed2/20260518T022224/result_run_preflight_report.json
eurosat,4,4,remoteclip_vit_b32,rs_cpc,rs_cpc_M1_random_group_mean,2,0.6559259259259259,top1_acc,1,random_group_mean,10,remote_server,server_full,False,False,results/raw/eurosat/remoteclip_vit_b32/rs_cpc/shot_4/M_1/random_group_mean/seed_2/20260518T020402_9a39a223,results/raw/eurosat/remoteclip_vit_b32/rs_cpc/shot_4/M_1/random_group_mean/seed_2/20260518T020402_9a39a223/metrics.json,results/raw/eurosat/remoteclip_vit_b32/rs_cpc/shot_4/M_1/random_group_mean/seed_2/20260518T020402_9a39a223/metadata.json,outputs/preflight/post_run_result/eurosat_remoteclip_vit_b32/full_matrix_20260518T022057Z/cmd_065_rs_cpc_seed2_shot4/eurosat_remoteclip_vit_b32_rs_cpc_seed2/20260518T022225/result_run_preflight_report.json
eurosat,4,4,remoteclip_vit_b32,rs_cpc,rs_cpc_M2_random_group_mean,2,0.6927777777777778,top1_acc,2,random_group_mean,20,remote_server,server_full,False,False,results/raw/eurosat/remoteclip_vit_b32/rs_cpc/shot_4/M_2/random_group_mean/seed_2/20260518T020414_c2545257,results/raw/eurosat/remoteclip_vit_b32/rs_cpc/shot_4/M_2/random_group_mean/seed_2/20260518T020414_c2545257/metrics.json,results/raw/eurosat/remoteclip_vit_b32/rs_cpc/shot_4/M_2/random_group_mean/seed_2/20260518T020414_c2545257/metadata.json,outputs/preflight/post_run_result/eurosat_remoteclip_vit_b32/full_matrix_20260518T022057Z/cmd_066_rs_cpc_seed2_shot4/eurosat_remoteclip_vit_b32_rs_cpc_seed2/20260518T022227/result_run_preflight_report.json
eurosat,4,4,remoteclip_vit_b32,rs_cpc,rs_cpc_M4_random_group_mean,2,0.6698148148148149,top1_acc,4,random_group_mean,40,remote_server,server_full,False,False,results/raw/eurosat/remoteclip_vit_b32/rs_cpc/shot_4/M_4/random_group_mean/seed_2/20260518T020429_5978d815,results/raw/eurosat/remoteclip_vit_b32/rs_cpc/shot_4/M_4/random_group_mean/seed_2/20260518T020429_5978d815/metrics.json,results/raw/eurosat/remoteclip_vit_b32/rs_cpc/shot_4/M_4/random_group_mean/seed_2/20260518T020429_5978d815/metadata.json,outputs/preflight/post_run_result/eurosat_remoteclip_vit_b32/full_matrix_20260518T022057Z/cmd_067_rs_cpc_seed2_shot4/eurosat_remoteclip_vit_b32_rs_cpc_seed2/20260518T022228/result_run_preflight_report.json
eurosat,4,4,remoteclip_vit_b32,rs_cpc,rs_cpc_M1_medoid,2,0.5544444444444444,top1_acc,1,medoid,10,remote_server,server_full,False,False,results/raw/eurosat/remoteclip_vit_b32/rs_cpc/shot_4/M_1/medoid/seed_2/20260518T020438_0e51ec44,results/raw/eurosat/remoteclip_vit_b32/rs_cpc/shot_4/M_1/medoid/seed_2/20260518T020438_0e51ec44/metrics.json,results/raw/eurosat/remoteclip_vit_b32/rs_cpc/shot_4/M_1/medoid/seed_2/20260518T020438_0e51ec44/metadata.json,outputs/preflight/post_run_result/eurosat_remoteclip_vit_b32/full_matrix_20260518T022057Z/cmd_068_rs_cpc_seed2_shot4/eurosat_remoteclip_vit_b32_rs_cpc_seed2/20260518T022230/result_run_preflight_report.json
eurosat,4,4,remoteclip_vit_b32,rs_cpc,rs_cpc_M2_medoid,2,0.5987037037037037,top1_acc,2,medoid,20,remote_server,server_full,False,False,results/raw/eurosat/remoteclip_vit_b32/rs_cpc/shot_4/M_2/medoid/seed_2/20260518T020449_363800f9,results/raw/eurosat/remoteclip_vit_b32/rs_cpc/shot_4/M_2/medoid/seed_2/20260518T020449_363800f9/metrics.json,results/raw/eurosat/remoteclip_vit_b32/rs_cpc/shot_4/M_2/medoid/seed_2/20260518T020449_363800f9/metadata.json,outputs/preflight/post_run_result/eurosat_remoteclip_vit_b32/full_matrix_20260518T022057Z/cmd_069_rs_cpc_seed2_shot4/eurosat_remoteclip_vit_b32_rs_cpc_seed2/20260518T022231/result_run_preflight_report.json
eurosat,4,4,remoteclip_vit_b32,rs_cpc,rs_cpc_M4_medoid,2,0.6698148148148149,top1_acc,4,medoid,40,remote_server,server_full,False,False,results/raw/eurosat/remoteclip_vit_b32/rs_cpc/shot_4/M_4/medoid/seed_2/20260518T020505_110fd87b,results/raw/eurosat/remoteclip_vit_b32/rs_cpc/shot_4/M_4/medoid/seed_2/20260518T020505_110fd87b/metrics.json,results/raw/eurosat/remoteclip_vit_b32/rs_cpc/shot_4/M_4/medoid/seed_2/20260518T020505_110fd87b/metadata.json,outputs/preflight/post_run_result/eurosat_remoteclip_vit_b32/full_matrix_20260518T022057Z/cmd_070_rs_cpc_seed2_shot4/eurosat_remoteclip_vit_b32_rs_cpc_seed2/20260518T022232/result_run_preflight_report.json
eurosat,8,8,remoteclip_vit_b32,rs_cpc,rs_cpc_M1_mean,2,0.7,top1_acc,1,mean,10,remote_server,server_full,False,False,results/raw/eurosat/remoteclip_vit_b32/rs_cpc/shot_8/M_1/mean/seed_2/20260518T020515_42afca04,results/raw/eurosat/remoteclip_vit_b32/rs_cpc/shot_8/M_1/mean/seed_2/20260518T020515_42afca04/metrics.json,results/raw/eurosat/remoteclip_vit_b32/rs_cpc/shot_8/M_1/mean/seed_2/20260518T020515_42afca04/metadata.json,outputs/preflight/post_run_result/eurosat_remoteclip_vit_b32/full_matrix_20260518T022057Z/cmd_071_rs_cpc_seed2_shot8/eurosat_remoteclip_vit_b32_rs_cpc_seed2/20260518T022234/result_run_preflight_report.json
eurosat,8,8,remoteclip_vit_b32,rs_cpc,rs_cpc_M1_random_group_mean,2,0.7,top1_acc,1,random_group_mean,10,remote_server,server_full,False,False,results/raw/eurosat/remoteclip_vit_b32/rs_cpc/shot_8/M_1/random_group_mean/seed_2/20260518T020524_87167ea3,results/raw/eurosat/remoteclip_vit_b32/rs_cpc/shot_8/M_1/random_group_mean/seed_2/20260518T020524_87167ea3/metrics.json,results/raw/eurosat/remoteclip_vit_b32/rs_cpc/shot_8/M_1/random_group_mean/seed_2/20260518T020524_87167ea3/metadata.json,outputs/preflight/post_run_result/eurosat_remoteclip_vit_b32/full_matrix_20260518T022057Z/cmd_072_rs_cpc_seed2_shot8/eurosat_remoteclip_vit_b32_rs_cpc_seed2/20260518T022235/result_run_preflight_report.json
eurosat,8,8,remoteclip_vit_b32,rs_cpc,rs_cpc_M2_random_group_mean,2,0.772962962962963,top1_acc,2,random_group_mean,20,remote_server,server_full,False,False,results/raw/eurosat/remoteclip_vit_b32/rs_cpc/shot_8/M_2/random_group_mean/seed_2/20260518T020536_f58c1631,results/raw/eurosat/remoteclip_vit_b32/rs_cpc/shot_8/M_2/random_group_mean/seed_2/20260518T020536_f58c1631/metrics.json,results/raw/eurosat/remoteclip_vit_b32/rs_cpc/shot_8/M_2/random_group_mean/seed_2/20260518T020536_f58c1631/metadata.json,outputs/preflight/post_run_result/eurosat_remoteclip_vit_b32/full_matrix_20260518T022057Z/cmd_073_rs_cpc_seed2_shot8/eurosat_remoteclip_vit_b32_rs_cpc_seed2/20260518T022237/result_run_preflight_report.json
eurosat,8,8,remoteclip_vit_b32,rs_cpc,rs_cpc_M4_random_group_mean,2,0.779074074074074,top1_acc,4,random_group_mean,40,remote_server,server_full,False,False,results/raw/eurosat/remoteclip_vit_b32/rs_cpc/shot_8/M_4/random_group_mean/seed_2/20260518T020551_d2b6b0d0,results/raw/eurosat/remoteclip_vit_b32/rs_cpc/shot_8/M_4/random_group_mean/seed_2/20260518T020551_d2b6b0d0/metrics.json,results/raw/eurosat/remoteclip_vit_b32/rs_cpc/shot_8/M_4/random_group_mean/seed_2/20260518T020551_d2b6b0d0/metadata.json,outputs/preflight/post_run_result/eurosat_remoteclip_vit_b32/full_matrix_20260518T022057Z/cmd_074_rs_cpc_seed2_shot8/eurosat_remoteclip_vit_b32_rs_cpc_seed2/20260518T022238/result_run_preflight_report.json
eurosat,8,8,remoteclip_vit_b32,rs_cpc,rs_cpc_M8_random_group_mean,2,0.737037037037037,top1_acc,8,random_group_mean,80,remote_server,server_full,False,False,results/raw/eurosat/remoteclip_vit_b32/rs_cpc/shot_8/M_8/random_group_mean/seed_2/20260518T020615_29116958,results/raw/eurosat/remoteclip_vit_b32/rs_cpc/shot_8/M_8/random_group_mean/seed_2/20260518T020615_29116958/metrics.json,results/raw/eurosat/remoteclip_vit_b32/rs_cpc/shot_8/M_8/random_group_mean/seed_2/20260518T020615_29116958/metadata.json,outputs/preflight/post_run_result/eurosat_remoteclip_vit_b32/full_matrix_20260518T022057Z/cmd_075_rs_cpc_seed2_shot8/eurosat_remoteclip_vit_b32_rs_cpc_seed2/20260518T022239/result_run_preflight_report.json
eurosat,8,8,remoteclip_vit_b32,rs_cpc,rs_cpc_M1_medoid,2,0.6042592592592593,top1_acc,1,medoid,10,remote_server,server_full,False,False,results/raw/eurosat/remoteclip_vit_b32/rs_cpc/shot_8/M_1/medoid/seed_2/20260518T020624_bf94f877,results/raw/eurosat/remoteclip_vit_b32/rs_cpc/shot_8/M_1/medoid/seed_2/20260518T020624_bf94f877/metrics.json,results/raw/eurosat/remoteclip_vit_b32/rs_cpc/shot_8/M_1/medoid/seed_2/20260518T020624_bf94f877/metadata.json,outputs/preflight/post_run_result/eurosat_remoteclip_vit_b32/full_matrix_20260518T022057Z/cmd_076_rs_cpc_seed2_shot8/eurosat_remoteclip_vit_b32_rs_cpc_seed2/20260518T022241/result_run_preflight_report.json
eurosat,8,8,remoteclip_vit_b32,rs_cpc,rs_cpc_M2_medoid,2,0.6140740740740741,top1_acc,2,medoid,20,remote_server,server_full,False,False,results/raw/eurosat/remoteclip_vit_b32/rs_cpc/shot_8/M_2/medoid/seed_2/20260518T020635_94d8b8f3,results/raw/eurosat/remoteclip_vit_b32/rs_cpc/shot_8/M_2/medoid/seed_2/20260518T020635_94d8b8f3/metrics.json,results/raw/eurosat/remoteclip_vit_b32/rs_cpc/shot_8/M_2/medoid/seed_2/20260518T020635_94d8b8f3/metadata.json,outputs/preflight/post_run_result/eurosat_remoteclip_vit_b32/full_matrix_20260518T022057Z/cmd_077_rs_cpc_seed2_shot8/eurosat_remoteclip_vit_b32_rs_cpc_seed2/20260518T022242/result_run_preflight_report.json
eurosat,8,8,remoteclip_vit_b32,rs_cpc,rs_cpc_M4_medoid,2,0.7118518518518518,top1_acc,4,medoid,40,remote_server,server_full,False,False,results/raw/eurosat/remoteclip_vit_b32/rs_cpc/shot_8/M_4/medoid/seed_2/20260518T020650_b6d8bc89,results/raw/eurosat/remoteclip_vit_b32/rs_cpc/shot_8/M_4/medoid/seed_2/20260518T020650_b6d8bc89/metrics.json,results/raw/eurosat/remoteclip_vit_b32/rs_cpc/shot_8/M_4/medoid/seed_2/20260518T020650_b6d8bc89/metadata.json,outputs/preflight/post_run_result/eurosat_remoteclip_vit_b32/full_matrix_20260518T022057Z/cmd_078_rs_cpc_seed2_shot8/eurosat_remoteclip_vit_b32_rs_cpc_seed2/20260518T022244/result_run_preflight_report.json
eurosat,8,8,remoteclip_vit_b32,rs_cpc,rs_cpc_M8_medoid,2,0.737037037037037,top1_acc,8,medoid,80,remote_server,server_full,False,False,results/raw/eurosat/remoteclip_vit_b32/rs_cpc/shot_8/M_8/medoid/seed_2/20260518T020713_ab0fe5af,results/raw/eurosat/remoteclip_vit_b32/rs_cpc/shot_8/M_8/medoid/seed_2/20260518T020713_ab0fe5af/metrics.json,results/raw/eurosat/remoteclip_vit_b32/rs_cpc/shot_8/M_8/medoid/seed_2/20260518T020713_ab0fe5af/metadata.json,outputs/preflight/post_run_result/eurosat_remoteclip_vit_b32/full_matrix_20260518T022057Z/cmd_079_rs_cpc_seed2_shot8/eurosat_remoteclip_vit_b32_rs_cpc_seed2/20260518T022245/result_run_preflight_report.json
eurosat,16,16,remoteclip_vit_b32,rs_cpc,rs_cpc_M1_mean,2,0.7122222222222222,top1_acc,1,mean,10,remote_server,server_full,False,False,results/raw/eurosat/remoteclip_vit_b32/rs_cpc/shot_16/M_1/mean/seed_2/20260518T020723_59354275,results/raw/eurosat/remoteclip_vit_b32/rs_cpc/shot_16/M_1/mean/seed_2/20260518T020723_59354275/metrics.json,results/raw/eurosat/remoteclip_vit_b32/rs_cpc/shot_16/M_1/mean/seed_2/20260518T020723_59354275/metadata.json,outputs/preflight/post_run_result/eurosat_remoteclip_vit_b32/full_matrix_20260518T022057Z/cmd_080_rs_cpc_seed2_shot16/eurosat_remoteclip_vit_b32_rs_cpc_seed2/20260518T022246/result_run_preflight_report.json
eurosat,16,16,remoteclip_vit_b32,rs_cpc,rs_cpc_M1_random_group_mean,2,0.7122222222222222,top1_acc,1,random_group_mean,10,remote_server,server_full,False,False,results/raw/eurosat/remoteclip_vit_b32/rs_cpc/shot_16/M_1/random_group_mean/seed_2/20260518T020732_578a7e8d,results/raw/eurosat/remoteclip_vit_b32/rs_cpc/shot_16/M_1/random_group_mean/seed_2/20260518T020732_578a7e8d/metrics.json,results/raw/eurosat/remoteclip_vit_b32/rs_cpc/shot_16/M_1/random_group_mean/seed_2/20260518T020732_578a7e8d/metadata.json,outputs/preflight/post_run_result/eurosat_remoteclip_vit_b32/full_matrix_20260518T022057Z/cmd_081_rs_cpc_seed2_shot16/eurosat_remoteclip_vit_b32_rs_cpc_seed2/20260518T022248/result_run_preflight_report.json
eurosat,16,16,remoteclip_vit_b32,rs_cpc,rs_cpc_M2_random_group_mean,2,0.7968518518518518,top1_acc,2,random_group_mean,20,remote_server,server_full,False,False,results/raw/eurosat/remoteclip_vit_b32/rs_cpc/shot_16/M_2/random_group_mean/seed_2/20260518T020743_75ccbe0a,results/raw/eurosat/remoteclip_vit_b32/rs_cpc/shot_16/M_2/random_group_mean/seed_2/20260518T020743_75ccbe0a/metrics.json,results/raw/eurosat/remoteclip_vit_b32/rs_cpc/shot_16/M_2/random_group_mean/seed_2/20260518T020743_75ccbe0a/metadata.json,outputs/preflight/post_run_result/eurosat_remoteclip_vit_b32/full_matrix_20260518T022057Z/cmd_082_rs_cpc_seed2_shot16/eurosat_remoteclip_vit_b32_rs_cpc_seed2/20260518T022249/result_run_preflight_report.json
eurosat,16,16,remoteclip_vit_b32,rs_cpc,rs_cpc_M4_random_group_mean,2,0.8131481481481482,top1_acc,4,random_group_mean,40,remote_server,server_full,False,False,results/raw/eurosat/remoteclip_vit_b32/rs_cpc/shot_16/M_4/random_group_mean/seed_2/20260518T020758_0db3d496,results/raw/eurosat/remoteclip_vit_b32/rs_cpc/shot_16/M_4/random_group_mean/seed_2/20260518T020758_0db3d496/metrics.json,results/raw/eurosat/remoteclip_vit_b32/rs_cpc/shot_16/M_4/random_group_mean/seed_2/20260518T020758_0db3d496/metadata.json,outputs/preflight/post_run_result/eurosat_remoteclip_vit_b32/full_matrix_20260518T022057Z/cmd_083_rs_cpc_seed2_shot16/eurosat_remoteclip_vit_b32_rs_cpc_seed2/20260518T022251/result_run_preflight_report.json
eurosat,16,16,remoteclip_vit_b32,rs_cpc,rs_cpc_M8_random_group_mean,2,0.7925925925925926,top1_acc,8,random_group_mean,80,remote_server,server_full,False,False,results/raw/eurosat/remoteclip_vit_b32/rs_cpc/shot_16/M_8/random_group_mean/seed_2/20260518T020822_005b9ad8,results/raw/eurosat/remoteclip_vit_b32/rs_cpc/shot_16/M_8/random_group_mean/seed_2/20260518T020822_005b9ad8/metrics.json,results/raw/eurosat/remoteclip_vit_b32/rs_cpc/shot_16/M_8/random_group_mean/seed_2/20260518T020822_005b9ad8/metadata.json,outputs/preflight/post_run_result/eurosat_remoteclip_vit_b32/full_matrix_20260518T022057Z/cmd_084_rs_cpc_seed2_shot16/eurosat_remoteclip_vit_b32_rs_cpc_seed2/20260518T022252/result_run_preflight_report.json
eurosat,16,16,remoteclip_vit_b32,rs_cpc,rs_cpc_M1_medoid,2,0.687962962962963,top1_acc,1,medoid,10,remote_server,server_full,False,False,results/raw/eurosat/remoteclip_vit_b32/rs_cpc/shot_16/M_1/medoid/seed_2/20260518T020831_eb931f27,results/raw/eurosat/remoteclip_vit_b32/rs_cpc/shot_16/M_1/medoid/seed_2/20260518T020831_eb931f27/metrics.json,results/raw/eurosat/remoteclip_vit_b32/rs_cpc/shot_16/M_1/medoid/seed_2/20260518T020831_eb931f27/metadata.json,outputs/preflight/post_run_result/eurosat_remoteclip_vit_b32/full_matrix_20260518T022057Z/cmd_085_rs_cpc_seed2_shot16/eurosat_remoteclip_vit_b32_rs_cpc_seed2/20260518T022253/result_run_preflight_report.json
eurosat,16,16,remoteclip_vit_b32,rs_cpc,rs_cpc_M2_medoid,2,0.6681481481481482,top1_acc,2,medoid,20,remote_server,server_full,False,False,results/raw/eurosat/remoteclip_vit_b32/rs_cpc/shot_16/M_2/medoid/seed_2/20260518T020842_0025c166,results/raw/eurosat/remoteclip_vit_b32/rs_cpc/shot_16/M_2/medoid/seed_2/20260518T020842_0025c166/metrics.json,results/raw/eurosat/remoteclip_vit_b32/rs_cpc/shot_16/M_2/medoid/seed_2/20260518T020842_0025c166/metadata.json,outputs/preflight/post_run_result/eurosat_remoteclip_vit_b32/full_matrix_20260518T022057Z/cmd_086_rs_cpc_seed2_shot16/eurosat_remoteclip_vit_b32_rs_cpc_seed2/20260518T022255/result_run_preflight_report.json
eurosat,16,16,remoteclip_vit_b32,rs_cpc,rs_cpc_M4_medoid,2,0.7455555555555555,top1_acc,4,medoid,40,remote_server,server_full,False,False,results/raw/eurosat/remoteclip_vit_b32/rs_cpc/shot_16/M_4/medoid/seed_2/20260518T020857_df7c34e2,results/raw/eurosat/remoteclip_vit_b32/rs_cpc/shot_16/M_4/medoid/seed_2/20260518T020857_df7c34e2/metrics.json,results/raw/eurosat/remoteclip_vit_b32/rs_cpc/shot_16/M_4/medoid/seed_2/20260518T020857_df7c34e2/metadata.json,outputs/preflight/post_run_result/eurosat_remoteclip_vit_b32/full_matrix_20260518T022057Z/cmd_087_rs_cpc_seed2_shot16/eurosat_remoteclip_vit_b32_rs_cpc_seed2/20260518T022256/result_run_preflight_report.json
eurosat,16,16,remoteclip_vit_b32,rs_cpc,rs_cpc_M8_medoid,2,0.742037037037037,top1_acc,8,medoid,80,remote_server,server_full,False,False,results/raw/eurosat/remoteclip_vit_b32/rs_cpc/shot_16/M_8/medoid/seed_2/20260518T020920_655db868,results/raw/eurosat/remoteclip_vit_b32/rs_cpc/shot_16/M_8/medoid/seed_2/20260518T020920_655db868/metrics.json,results/raw/eurosat/remoteclip_vit_b32/rs_cpc/shot_16/M_8/medoid/seed_2/20260518T020920_655db868/metadata.json,outputs/preflight/post_run_result/eurosat_remoteclip_vit_b32/full_matrix_20260518T022057Z/cmd_088_rs_cpc_seed2_shot16/eurosat_remoteclip_vit_b32_rs_cpc_seed2/20260518T022257/result_run_preflight_report.json
eurosat,,zero_shot,remoteclip_vit_b32,zero_shot,zero_shot,3,0.31777777777777777,top1_acc,,,10,remote_server,server_full,False,False,results/raw/eurosat/remoteclip_vit_b32/zero_shot/seed_3/20260518T020926_a283843e,results/raw/eurosat/remoteclip_vit_b32/zero_shot/seed_3/20260518T020926_a283843e/metrics.json,results/raw/eurosat/remoteclip_vit_b32/zero_shot/seed_3/20260518T020926_a283843e/metadata.json,outputs/preflight/post_run_result/eurosat_remoteclip_vit_b32/full_matrix_20260518T022057Z/cmd_089_zero_shot_seed3_shotNone/eurosat_remoteclip_vit_b32_zero_shot_seed3/20260518T022259/result_run_preflight_report.json
eurosat,1,1,remoteclip_vit_b32,tip_adapter,tip_adapter,3,0.5938888888888889,top1_acc,,,10,remote_server,server_full,False,False,results/raw/eurosat/remoteclip_vit_b32/tip_adapter/shot_1/seed_3/20260518T020936_77760384,results/raw/eurosat/remoteclip_vit_b32/tip_adapter/shot_1/seed_3/20260518T020936_77760384/metrics.json,results/raw/eurosat/remoteclip_vit_b32/tip_adapter/shot_1/seed_3/20260518T020936_77760384/metadata.json,outputs/preflight/post_run_result/eurosat_remoteclip_vit_b32/full_matrix_20260518T022057Z/cmd_090_tip_adapter_seed3_shot1/eurosat_remoteclip_vit_b32_tip_adapter_seed3/20260518T022300/result_run_preflight_report.json
eurosat,2,2,remoteclip_vit_b32,tip_adapter,tip_adapter,3,0.6638888888888889,top1_acc,,,20,remote_server,server_full,False,False,results/raw/eurosat/remoteclip_vit_b32/tip_adapter/shot_2/seed_3/20260518T020947_7b177c75,results/raw/eurosat/remoteclip_vit_b32/tip_adapter/shot_2/seed_3/20260518T020947_7b177c75/metrics.json,results/raw/eurosat/remoteclip_vit_b32/tip_adapter/shot_2/seed_3/20260518T020947_7b177c75/metadata.json,outputs/preflight/post_run_result/eurosat_remoteclip_vit_b32/full_matrix_20260518T022057Z/cmd_091_tip_adapter_seed3_shot2/eurosat_remoteclip_vit_b32_tip_adapter_seed3/20260518T022301/result_run_preflight_report.json
eurosat,4,4,remoteclip_vit_b32,tip_adapter,tip_adapter,3,0.6890740740740741,top1_acc,,,40,remote_server,server_full,False,False,results/raw/eurosat/remoteclip_vit_b32/tip_adapter/shot_4/seed_3/20260518T021002_863047ec,results/raw/eurosat/remoteclip_vit_b32/tip_adapter/shot_4/seed_3/20260518T021002_863047ec/metrics.json,results/raw/eurosat/remoteclip_vit_b32/tip_adapter/shot_4/seed_3/20260518T021002_863047ec/metadata.json,outputs/preflight/post_run_result/eurosat_remoteclip_vit_b32/full_matrix_20260518T022057Z/cmd_092_tip_adapter_seed3_shot4/eurosat_remoteclip_vit_b32_tip_adapter_seed3/20260518T022303/result_run_preflight_report.json
eurosat,8,8,remoteclip_vit_b32,tip_adapter,tip_adapter,3,0.7279629629629629,top1_acc,,,80,remote_server,server_full,False,False,results/raw/eurosat/remoteclip_vit_b32/tip_adapter/shot_8/seed_3/20260518T021025_92b1139c,results/raw/eurosat/remoteclip_vit_b32/tip_adapter/shot_8/seed_3/20260518T021025_92b1139c/metrics.json,results/raw/eurosat/remoteclip_vit_b32/tip_adapter/shot_8/seed_3/20260518T021025_92b1139c/metadata.json,outputs/preflight/post_run_result/eurosat_remoteclip_vit_b32/full_matrix_20260518T022057Z/cmd_093_tip_adapter_seed3_shot8/eurosat_remoteclip_vit_b32_tip_adapter_seed3/20260518T022304/result_run_preflight_report.json
eurosat,16,16,remoteclip_vit_b32,tip_adapter,tip_adapter,3,0.7805555555555556,top1_acc,,,160,remote_server,server_full,False,False,results/raw/eurosat/remoteclip_vit_b32/tip_adapter/shot_16/seed_3/20260518T021105_b0451b8b,results/raw/eurosat/remoteclip_vit_b32/tip_adapter/shot_16/seed_3/20260518T021105_b0451b8b/metrics.json,results/raw/eurosat/remoteclip_vit_b32/tip_adapter/shot_16/seed_3/20260518T021105_b0451b8b/metadata.json,outputs/preflight/post_run_result/eurosat_remoteclip_vit_b32/full_matrix_20260518T022057Z/cmd_094_tip_adapter_seed3_shot16/eurosat_remoteclip_vit_b32_tip_adapter_seed3/20260518T022306/result_run_preflight_report.json
eurosat,1,1,remoteclip_vit_b32,proto_adapter,proto_adapter,3,0.5983333333333334,top1_acc,,,10,remote_server,server_full,False,False,results/raw/eurosat/remoteclip_vit_b32/proto_adapter/shot_1/seed_3/20260518T021114_115cd8ca,results/raw/eurosat/remoteclip_vit_b32/proto_adapter/shot_1/seed_3/20260518T021114_115cd8ca/metrics.json,results/raw/eurosat/remoteclip_vit_b32/proto_adapter/shot_1/seed_3/20260518T021114_115cd8ca/metadata.json,outputs/preflight/post_run_result/eurosat_remoteclip_vit_b32/full_matrix_20260518T022057Z/cmd_095_proto_adapter_seed3_shot1/eurosat_remoteclip_vit_b32_proto_adapter_seed3/20260518T022307/result_run_preflight_report.json
eurosat,2,2,remoteclip_vit_b32,proto_adapter,proto_adapter,3,0.6322222222222222,top1_acc,,,10,remote_server,server_full,False,False,results/raw/eurosat/remoteclip_vit_b32/proto_adapter/shot_2/seed_3/20260518T021123_a1341d7a,results/raw/eurosat/remoteclip_vit_b32/proto_adapter/shot_2/seed_3/20260518T021123_a1341d7a/metrics.json,results/raw/eurosat/remoteclip_vit_b32/proto_adapter/shot_2/seed_3/20260518T021123_a1341d7a/metadata.json,outputs/preflight/post_run_result/eurosat_remoteclip_vit_b32/full_matrix_20260518T022057Z/cmd_096_proto_adapter_seed3_shot2/eurosat_remoteclip_vit_b32_proto_adapter_seed3/20260518T022308/result_run_preflight_report.json
eurosat,4,4,remoteclip_vit_b32,proto_adapter,proto_adapter,3,0.6688888888888889,top1_acc,,,10,remote_server,server_full,False,False,results/raw/eurosat/remoteclip_vit_b32/proto_adapter/shot_4/seed_3/20260518T021132_2a3c93ea,results/raw/eurosat/remoteclip_vit_b32/proto_adapter/shot_4/seed_3/20260518T021132_2a3c93ea/metrics.json,results/raw/eurosat/remoteclip_vit_b32/proto_adapter/shot_4/seed_3/20260518T021132_2a3c93ea/metadata.json,outputs/preflight/post_run_result/eurosat_remoteclip_vit_b32/full_matrix_20260518T022057Z/cmd_097_proto_adapter_seed3_shot4/eurosat_remoteclip_vit_b32_proto_adapter_seed3/20260518T022310/result_run_preflight_report.json
eurosat,8,8,remoteclip_vit_b32,proto_adapter,proto_adapter,3,0.7196296296296296,top1_acc,,,10,remote_server,server_full,False,False,results/raw/eurosat/remoteclip_vit_b32/proto_adapter/shot_8/seed_3/20260518T021141_5e100150,results/raw/eurosat/remoteclip_vit_b32/proto_adapter/shot_8/seed_3/20260518T021141_5e100150/metrics.json,results/raw/eurosat/remoteclip_vit_b32/proto_adapter/shot_8/seed_3/20260518T021141_5e100150/metadata.json,outputs/preflight/post_run_result/eurosat_remoteclip_vit_b32/full_matrix_20260518T022057Z/cmd_098_proto_adapter_seed3_shot8/eurosat_remoteclip_vit_b32_proto_adapter_seed3/20260518T022311/result_run_preflight_report.json
eurosat,16,16,remoteclip_vit_b32,proto_adapter,proto_adapter,3,0.7329629629629629,top1_acc,,,10,remote_server,server_full,False,False,results/raw/eurosat/remoteclip_vit_b32/proto_adapter/shot_16/seed_3/20260518T021150_c331de42,results/raw/eurosat/remoteclip_vit_b32/proto_adapter/shot_16/seed_3/20260518T021150_c331de42/metrics.json,results/raw/eurosat/remoteclip_vit_b32/proto_adapter/shot_16/seed_3/20260518T021150_c331de42/metadata.json,outputs/preflight/post_run_result/eurosat_remoteclip_vit_b32/full_matrix_20260518T022057Z/cmd_099_proto_adapter_seed3_shot16/eurosat_remoteclip_vit_b32_proto_adapter_seed3/20260518T022312/result_run_preflight_report.json
eurosat,1,1,remoteclip_vit_b32,rs_cpc,rs_cpc_M1_mean,3,0.5983333333333334,top1_acc,1,mean,10,remote_server,server_full,False,False,results/raw/eurosat/remoteclip_vit_b32/rs_cpc/shot_1/M_1/mean/seed_3/20260518T021159_a2b1366d,results/raw/eurosat/remoteclip_vit_b32/rs_cpc/shot_1/M_1/mean/seed_3/20260518T021159_a2b1366d/metrics.json,results/raw/eurosat/remoteclip_vit_b32/rs_cpc/shot_1/M_1/mean/seed_3/20260518T021159_a2b1366d/metadata.json,outputs/preflight/post_run_result/eurosat_remoteclip_vit_b32/full_matrix_20260518T022057Z/cmd_100_rs_cpc_seed3_shot1/eurosat_remoteclip_vit_b32_rs_cpc_seed3/20260518T022314/result_run_preflight_report.json
eurosat,1,1,remoteclip_vit_b32,rs_cpc,rs_cpc_M1_random_group_mean,3,0.5983333333333334,top1_acc,1,random_group_mean,10,remote_server,server_full,False,False,results/raw/eurosat/remoteclip_vit_b32/rs_cpc/shot_1/M_1/random_group_mean/seed_3/20260518T021209_5b3c2946,results/raw/eurosat/remoteclip_vit_b32/rs_cpc/shot_1/M_1/random_group_mean/seed_3/20260518T021209_5b3c2946/metrics.json,results/raw/eurosat/remoteclip_vit_b32/rs_cpc/shot_1/M_1/random_group_mean/seed_3/20260518T021209_5b3c2946/metadata.json,outputs/preflight/post_run_result/eurosat_remoteclip_vit_b32/full_matrix_20260518T022057Z/cmd_101_rs_cpc_seed3_shot1/eurosat_remoteclip_vit_b32_rs_cpc_seed3/20260518T022315/result_run_preflight_report.json
eurosat,1,1,remoteclip_vit_b32,rs_cpc,rs_cpc_M1_medoid,3,0.5983333333333334,top1_acc,1,medoid,10,remote_server,server_full,False,False,results/raw/eurosat/remoteclip_vit_b32/rs_cpc/shot_1/M_1/medoid/seed_3/20260518T021218_0d732748,results/raw/eurosat/remoteclip_vit_b32/rs_cpc/shot_1/M_1/medoid/seed_3/20260518T021218_0d732748/metrics.json,results/raw/eurosat/remoteclip_vit_b32/rs_cpc/shot_1/M_1/medoid/seed_3/20260518T021218_0d732748/metadata.json,outputs/preflight/post_run_result/eurosat_remoteclip_vit_b32/full_matrix_20260518T022057Z/cmd_102_rs_cpc_seed3_shot1/eurosat_remoteclip_vit_b32_rs_cpc_seed3/20260518T022316/result_run_preflight_report.json
eurosat,2,2,remoteclip_vit_b32,rs_cpc,rs_cpc_M1_mean,3,0.6322222222222222,top1_acc,1,mean,10,remote_server,server_full,False,False,results/raw/eurosat/remoteclip_vit_b32/rs_cpc/shot_2/M_1/mean/seed_3/20260518T021227_eb2553ae,results/raw/eurosat/remoteclip_vit_b32/rs_cpc/shot_2/M_1/mean/seed_3/20260518T021227_eb2553ae/metrics.json,results/raw/eurosat/remoteclip_vit_b32/rs_cpc/shot_2/M_1/mean/seed_3/20260518T021227_eb2553ae/metadata.json,outputs/preflight/post_run_result/eurosat_remoteclip_vit_b32/full_matrix_20260518T022057Z/cmd_103_rs_cpc_seed3_shot2/eurosat_remoteclip_vit_b32_rs_cpc_seed3/20260518T022318/result_run_preflight_report.json
eurosat,2,2,remoteclip_vit_b32,rs_cpc,rs_cpc_M1_random_group_mean,3,0.6322222222222222,top1_acc,1,random_group_mean,10,remote_server,server_full,False,False,results/raw/eurosat/remoteclip_vit_b32/rs_cpc/shot_2/M_1/random_group_mean/seed_3/20260518T021236_7fb78670,results/raw/eurosat/remoteclip_vit_b32/rs_cpc/shot_2/M_1/random_group_mean/seed_3/20260518T021236_7fb78670/metrics.json,results/raw/eurosat/remoteclip_vit_b32/rs_cpc/shot_2/M_1/random_group_mean/seed_3/20260518T021236_7fb78670/metadata.json,outputs/preflight/post_run_result/eurosat_remoteclip_vit_b32/full_matrix_20260518T022057Z/cmd_104_rs_cpc_seed3_shot2/eurosat_remoteclip_vit_b32_rs_cpc_seed3/20260518T022319/result_run_preflight_report.json
eurosat,2,2,remoteclip_vit_b32,rs_cpc,rs_cpc_M2_random_group_mean,3,0.6661111111111111,top1_acc,2,random_group_mean,20,remote_server,server_full,False,False,results/raw/eurosat/remoteclip_vit_b32/rs_cpc/shot_2/M_2/random_group_mean/seed_3/20260518T021248_b85c2886,results/raw/eurosat/remoteclip_vit_b32/rs_cpc/shot_2/M_2/random_group_mean/seed_3/20260518T021248_b85c2886/metrics.json,results/raw/eurosat/remoteclip_vit_b32/rs_cpc/shot_2/M_2/random_group_mean/seed_3/20260518T021248_b85c2886/metadata.json,outputs/preflight/post_run_result/eurosat_remoteclip_vit_b32/full_matrix_20260518T022057Z/cmd_105_rs_cpc_seed3_shot2/eurosat_remoteclip_vit_b32_rs_cpc_seed3/20260518T022321/result_run_preflight_report.json
eurosat,2,2,remoteclip_vit_b32,rs_cpc,rs_cpc_M1_medoid,3,0.47944444444444445,top1_acc,1,medoid,10,remote_server,server_full,False,False,results/raw/eurosat/remoteclip_vit_b32/rs_cpc/shot_2/M_1/medoid/seed_3/20260518T021257_0da50067,results/raw/eurosat/remoteclip_vit_b32/rs_cpc/shot_2/M_1/medoid/seed_3/20260518T021257_0da50067/metrics.json,results/raw/eurosat/remoteclip_vit_b32/rs_cpc/shot_2/M_1/medoid/seed_3/20260518T021257_0da50067/metadata.json,outputs/preflight/post_run_result/eurosat_remoteclip_vit_b32/full_matrix_20260518T022057Z/cmd_106_rs_cpc_seed3_shot2/eurosat_remoteclip_vit_b32_rs_cpc_seed3/20260518T022322/result_run_preflight_report.json
eurosat,2,2,remoteclip_vit_b32,rs_cpc,rs_cpc_M2_medoid,3,0.6661111111111111,top1_acc,2,medoid,20,remote_server,server_full,False,False,results/raw/eurosat/remoteclip_vit_b32/rs_cpc/shot_2/M_2/medoid/seed_3/20260518T021308_9a9d1c23,results/raw/eurosat/remoteclip_vit_b32/rs_cpc/shot_2/M_2/medoid/seed_3/20260518T021308_9a9d1c23/metrics.json,results/raw/eurosat/remoteclip_vit_b32/rs_cpc/shot_2/M_2/medoid/seed_3/20260518T021308_9a9d1c23/metadata.json,outputs/preflight/post_run_result/eurosat_remoteclip_vit_b32/full_matrix_20260518T022057Z/cmd_107_rs_cpc_seed3_shot2/eurosat_remoteclip_vit_b32_rs_cpc_seed3/20260518T022323/result_run_preflight_report.json
eurosat,4,4,remoteclip_vit_b32,rs_cpc,rs_cpc_M1_mean,3,0.6688888888888889,top1_acc,1,mean,10,remote_server,server_full,False,False,results/raw/eurosat/remoteclip_vit_b32/rs_cpc/shot_4/M_1/mean/seed_3/20260518T021317_9794ce67,results/raw/eurosat/remoteclip_vit_b32/rs_cpc/shot_4/M_1/mean/seed_3/20260518T021317_9794ce67/metrics.json,results/raw/eurosat/remoteclip_vit_b32/rs_cpc/shot_4/M_1/mean/seed_3/20260518T021317_9794ce67/metadata.json,outputs/preflight/post_run_result/eurosat_remoteclip_vit_b32/full_matrix_20260518T022057Z/cmd_108_rs_cpc_seed3_shot4/eurosat_remoteclip_vit_b32_rs_cpc_seed3/20260518T022325/result_run_preflight_report.json
eurosat,4,4,remoteclip_vit_b32,rs_cpc,rs_cpc_M1_random_group_mean,3,0.6688888888888889,top1_acc,1,random_group_mean,10,remote_server,server_full,False,False,results/raw/eurosat/remoteclip_vit_b32/rs_cpc/shot_4/M_1/random_group_mean/seed_3/20260518T021326_72d78476,results/raw/eurosat/remoteclip_vit_b32/rs_cpc/shot_4/M_1/random_group_mean/seed_3/20260518T021326_72d78476/metrics.json,results/raw/eurosat/remoteclip_vit_b32/rs_cpc/shot_4/M_1/random_group_mean/seed_3/20260518T021326_72d78476/metadata.json,outputs/preflight/post_run_result/eurosat_remoteclip_vit_b32/full_matrix_20260518T022057Z/cmd_109_rs_cpc_seed3_shot4/eurosat_remoteclip_vit_b32_rs_cpc_seed3/20260518T022326/result_run_preflight_report.json
eurosat,4,4,remoteclip_vit_b32,rs_cpc,rs_cpc_M2_random_group_mean,3,0.697962962962963,top1_acc,2,random_group_mean,20,remote_server,server_full,False,False,results/raw/eurosat/remoteclip_vit_b32/rs_cpc/shot_4/M_2/random_group_mean/seed_3/20260518T021338_d0215484,results/raw/eurosat/remoteclip_vit_b32/rs_cpc/shot_4/M_2/random_group_mean/seed_3/20260518T021338_d0215484/metrics.json,results/raw/eurosat/remoteclip_vit_b32/rs_cpc/shot_4/M_2/random_group_mean/seed_3/20260518T021338_d0215484/metadata.json,outputs/preflight/post_run_result/eurosat_remoteclip_vit_b32/full_matrix_20260518T022057Z/cmd_110_rs_cpc_seed3_shot4/eurosat_remoteclip_vit_b32_rs_cpc_seed3/20260518T022327/result_run_preflight_report.json
eurosat,4,4,remoteclip_vit_b32,rs_cpc,rs_cpc_M4_random_group_mean,3,0.6851851851851852,top1_acc,4,random_group_mean,40,remote_server,server_full,False,False,results/raw/eurosat/remoteclip_vit_b32/rs_cpc/shot_4/M_4/random_group_mean/seed_3/20260518T021353_df0790fc,results/raw/eurosat/remoteclip_vit_b32/rs_cpc/shot_4/M_4/random_group_mean/seed_3/20260518T021353_df0790fc/metrics.json,results/raw/eurosat/remoteclip_vit_b32/rs_cpc/shot_4/M_4/random_group_mean/seed_3/20260518T021353_df0790fc/metadata.json,outputs/preflight/post_run_result/eurosat_remoteclip_vit_b32/full_matrix_20260518T022057Z/cmd_111_rs_cpc_seed3_shot4/eurosat_remoteclip_vit_b32_rs_cpc_seed3/20260518T022329/result_run_preflight_report.json
eurosat,4,4,remoteclip_vit_b32,rs_cpc,rs_cpc_M1_medoid,3,0.5807407407407408,top1_acc,1,medoid,10,remote_server,server_full,False,False,results/raw/eurosat/remoteclip_vit_b32/rs_cpc/shot_4/M_1/medoid/seed_3/20260518T021402_d87c27bf,results/raw/eurosat/remoteclip_vit_b32/rs_cpc/shot_4/M_1/medoid/seed_3/20260518T021402_d87c27bf/metrics.json,results/raw/eurosat/remoteclip_vit_b32/rs_cpc/shot_4/M_1/medoid/seed_3/20260518T021402_d87c27bf/metadata.json,outputs/preflight/post_run_result/eurosat_remoteclip_vit_b32/full_matrix_20260518T022057Z/cmd_112_rs_cpc_seed3_shot4/eurosat_remoteclip_vit_b32_rs_cpc_seed3/20260518T022330/result_run_preflight_report.json
eurosat,4,4,remoteclip_vit_b32,rs_cpc,rs_cpc_M2_medoid,3,0.7248148148148148,top1_acc,2,medoid,20,remote_server,server_full,False,False,results/raw/eurosat/remoteclip_vit_b32/rs_cpc/shot_4/M_2/medoid/seed_3/20260518T021414_4dab192d,results/raw/eurosat/remoteclip_vit_b32/rs_cpc/shot_4/M_2/medoid/seed_3/20260518T021414_4dab192d/metrics.json,results/raw/eurosat/remoteclip_vit_b32/rs_cpc/shot_4/M_2/medoid/seed_3/20260518T021414_4dab192d/metadata.json,outputs/preflight/post_run_result/eurosat_remoteclip_vit_b32/full_matrix_20260518T022057Z/cmd_113_rs_cpc_seed3_shot4/eurosat_remoteclip_vit_b32_rs_cpc_seed3/20260518T022331/result_run_preflight_report.json
eurosat,4,4,remoteclip_vit_b32,rs_cpc,rs_cpc_M4_medoid,3,0.6851851851851852,top1_acc,4,medoid,40,remote_server,server_full,False,False,results/raw/eurosat/remoteclip_vit_b32/rs_cpc/shot_4/M_4/medoid/seed_3/20260518T021429_f6b4881a,results/raw/eurosat/remoteclip_vit_b32/rs_cpc/shot_4/M_4/medoid/seed_3/20260518T021429_f6b4881a/metrics.json,results/raw/eurosat/remoteclip_vit_b32/rs_cpc/shot_4/M_4/medoid/seed_3/20260518T021429_f6b4881a/metadata.json,outputs/preflight/post_run_result/eurosat_remoteclip_vit_b32/full_matrix_20260518T022057Z/cmd_114_rs_cpc_seed3_shot4/eurosat_remoteclip_vit_b32_rs_cpc_seed3/20260518T022333/result_run_preflight_report.json
eurosat,8,8,remoteclip_vit_b32,rs_cpc,rs_cpc_M1_mean,3,0.7196296296296296,top1_acc,1,mean,10,remote_server,server_full,False,False,results/raw/eurosat/remoteclip_vit_b32/rs_cpc/shot_8/M_1/mean/seed_3/20260518T021438_b4d5fd68,results/raw/eurosat/remoteclip_vit_b32/rs_cpc/shot_8/M_1/mean/seed_3/20260518T021438_b4d5fd68/metrics.json,results/raw/eurosat/remoteclip_vit_b32/rs_cpc/shot_8/M_1/mean/seed_3/20260518T021438_b4d5fd68/metadata.json,outputs/preflight/post_run_result/eurosat_remoteclip_vit_b32/full_matrix_20260518T022057Z/cmd_115_rs_cpc_seed3_shot8/eurosat_remoteclip_vit_b32_rs_cpc_seed3/20260518T022334/result_run_preflight_report.json
eurosat,8,8,remoteclip_vit_b32,rs_cpc,rs_cpc_M1_random_group_mean,3,0.7196296296296296,top1_acc,1,random_group_mean,10,remote_server,server_full,False,False,results/raw/eurosat/remoteclip_vit_b32/rs_cpc/shot_8/M_1/random_group_mean/seed_3/20260518T021447_de4a2faf,results/raw/eurosat/remoteclip_vit_b32/rs_cpc/shot_8/M_1/random_group_mean/seed_3/20260518T021447_de4a2faf/metrics.json,results/raw/eurosat/remoteclip_vit_b32/rs_cpc/shot_8/M_1/random_group_mean/seed_3/20260518T021447_de4a2faf/metadata.json,outputs/preflight/post_run_result/eurosat_remoteclip_vit_b32/full_matrix_20260518T022057Z/cmd_116_rs_cpc_seed3_shot8/eurosat_remoteclip_vit_b32_rs_cpc_seed3/20260518T022335/result_run_preflight_report.json
eurosat,8,8,remoteclip_vit_b32,rs_cpc,rs_cpc_M2_random_group_mean,3,0.7620370370370371,top1_acc,2,random_group_mean,20,remote_server,server_full,False,False,results/raw/eurosat/remoteclip_vit_b32/rs_cpc/shot_8/M_2/random_group_mean/seed_3/20260518T021458_bac0b5a5,results/raw/eurosat/remoteclip_vit_b32/rs_cpc/shot_8/M_2/random_group_mean/seed_3/20260518T021458_bac0b5a5/metrics.json,results/raw/eurosat/remoteclip_vit_b32/rs_cpc/shot_8/M_2/random_group_mean/seed_3/20260518T021458_bac0b5a5/metadata.json,outputs/preflight/post_run_result/eurosat_remoteclip_vit_b32/full_matrix_20260518T022057Z/cmd_117_rs_cpc_seed3_shot8/eurosat_remoteclip_vit_b32_rs_cpc_seed3/20260518T022337/result_run_preflight_report.json
eurosat,8,8,remoteclip_vit_b32,rs_cpc,rs_cpc_M4_random_group_mean,3,0.7462962962962963,top1_acc,4,random_group_mean,40,remote_server,server_full,False,False,results/raw/eurosat/remoteclip_vit_b32/rs_cpc/shot_8/M_4/random_group_mean/seed_3/20260518T021514_bc427936,results/raw/eurosat/remoteclip_vit_b32/rs_cpc/shot_8/M_4/random_group_mean/seed_3/20260518T021514_bc427936/metrics.json,results/raw/eurosat/remoteclip_vit_b32/rs_cpc/shot_8/M_4/random_group_mean/seed_3/20260518T021514_bc427936/metadata.json,outputs/preflight/post_run_result/eurosat_remoteclip_vit_b32/full_matrix_20260518T022057Z/cmd_118_rs_cpc_seed3_shot8/eurosat_remoteclip_vit_b32_rs_cpc_seed3/20260518T022338/result_run_preflight_report.json
eurosat,8,8,remoteclip_vit_b32,rs_cpc,rs_cpc_M8_random_group_mean,3,0.722037037037037,top1_acc,8,random_group_mean,80,remote_server,server_full,False,False,results/raw/eurosat/remoteclip_vit_b32/rs_cpc/shot_8/M_8/random_group_mean/seed_3/20260518T021537_2fa597b4,results/raw/eurosat/remoteclip_vit_b32/rs_cpc/shot_8/M_8/random_group_mean/seed_3/20260518T021537_2fa597b4/metrics.json,results/raw/eurosat/remoteclip_vit_b32/rs_cpc/shot_8/M_8/random_group_mean/seed_3/20260518T021537_2fa597b4/metadata.json,outputs/preflight/post_run_result/eurosat_remoteclip_vit_b32/full_matrix_20260518T022057Z/cmd_119_rs_cpc_seed3_shot8/eurosat_remoteclip_vit_b32_rs_cpc_seed3/20260518T022340/result_run_preflight_report.json
eurosat,8,8,remoteclip_vit_b32,rs_cpc,rs_cpc_M1_medoid,3,0.6825925925925926,top1_acc,1,medoid,10,remote_server,server_full,False,False,results/raw/eurosat/remoteclip_vit_b32/rs_cpc/shot_8/M_1/medoid/seed_3/20260518T021546_05152b12,results/raw/eurosat/remoteclip_vit_b32/rs_cpc/shot_8/M_1/medoid/seed_3/20260518T021546_05152b12/metrics.json,results/raw/eurosat/remoteclip_vit_b32/rs_cpc/shot_8/M_1/medoid/seed_3/20260518T021546_05152b12/metadata.json,outputs/preflight/post_run_result/eurosat_remoteclip_vit_b32/full_matrix_20260518T022057Z/cmd_120_rs_cpc_seed3_shot8/eurosat_remoteclip_vit_b32_rs_cpc_seed3/20260518T022341/result_run_preflight_report.json
eurosat,8,8,remoteclip_vit_b32,rs_cpc,rs_cpc_M2_medoid,3,0.692962962962963,top1_acc,2,medoid,20,remote_server,server_full,False,False,results/raw/eurosat/remoteclip_vit_b32/rs_cpc/shot_8/M_2/medoid/seed_3/20260518T021557_001618d6,results/raw/eurosat/remoteclip_vit_b32/rs_cpc/shot_8/M_2/medoid/seed_3/20260518T021557_001618d6/metrics.json,results/raw/eurosat/remoteclip_vit_b32/rs_cpc/shot_8/M_2/medoid/seed_3/20260518T021557_001618d6/metadata.json,outputs/preflight/post_run_result/eurosat_remoteclip_vit_b32/full_matrix_20260518T022057Z/cmd_121_rs_cpc_seed3_shot8/eurosat_remoteclip_vit_b32_rs_cpc_seed3/20260518T022342/result_run_preflight_report.json
eurosat,8,8,remoteclip_vit_b32,rs_cpc,rs_cpc_M4_medoid,3,0.7392592592592593,top1_acc,4,medoid,40,remote_server,server_full,False,False,results/raw/eurosat/remoteclip_vit_b32/rs_cpc/shot_8/M_4/medoid/seed_3/20260518T021612_120131c8,results/raw/eurosat/remoteclip_vit_b32/rs_cpc/shot_8/M_4/medoid/seed_3/20260518T021612_120131c8/metrics.json,results/raw/eurosat/remoteclip_vit_b32/rs_cpc/shot_8/M_4/medoid/seed_3/20260518T021612_120131c8/metadata.json,outputs/preflight/post_run_result/eurosat_remoteclip_vit_b32/full_matrix_20260518T022057Z/cmd_122_rs_cpc_seed3_shot8/eurosat_remoteclip_vit_b32_rs_cpc_seed3/20260518T022344/result_run_preflight_report.json
eurosat,8,8,remoteclip_vit_b32,rs_cpc,rs_cpc_M8_medoid,3,0.722037037037037,top1_acc,8,medoid,80,remote_server,server_full,False,False,results/raw/eurosat/remoteclip_vit_b32/rs_cpc/shot_8/M_8/medoid/seed_3/20260518T021636_8ee85c76,results/raw/eurosat/remoteclip_vit_b32/rs_cpc/shot_8/M_8/medoid/seed_3/20260518T021636_8ee85c76/metrics.json,results/raw/eurosat/remoteclip_vit_b32/rs_cpc/shot_8/M_8/medoid/seed_3/20260518T021636_8ee85c76/metadata.json,outputs/preflight/post_run_result/eurosat_remoteclip_vit_b32/full_matrix_20260518T022057Z/cmd_123_rs_cpc_seed3_shot8/eurosat_remoteclip_vit_b32_rs_cpc_seed3/20260518T022345/result_run_preflight_report.json
eurosat,16,16,remoteclip_vit_b32,rs_cpc,rs_cpc_M1_mean,3,0.7329629629629629,top1_acc,1,mean,10,remote_server,server_full,False,False,results/raw/eurosat/remoteclip_vit_b32/rs_cpc/shot_16/M_1/mean/seed_3/20260518T021646_43ac3fea,results/raw/eurosat/remoteclip_vit_b32/rs_cpc/shot_16/M_1/mean/seed_3/20260518T021646_43ac3fea/metrics.json,results/raw/eurosat/remoteclip_vit_b32/rs_cpc/shot_16/M_1/mean/seed_3/20260518T021646_43ac3fea/metadata.json,outputs/preflight/post_run_result/eurosat_remoteclip_vit_b32/full_matrix_20260518T022057Z/cmd_124_rs_cpc_seed3_shot16/eurosat_remoteclip_vit_b32_rs_cpc_seed3/20260518T022346/result_run_preflight_report.json
eurosat,16,16,remoteclip_vit_b32,rs_cpc,rs_cpc_M1_random_group_mean,3,0.7329629629629629,top1_acc,1,random_group_mean,10,remote_server,server_full,False,False,results/raw/eurosat/remoteclip_vit_b32/rs_cpc/shot_16/M_1/random_group_mean/seed_3/20260518T021655_09837043,results/raw/eurosat/remoteclip_vit_b32/rs_cpc/shot_16/M_1/random_group_mean/seed_3/20260518T021655_09837043/metrics.json,results/raw/eurosat/remoteclip_vit_b32/rs_cpc/shot_16/M_1/random_group_mean/seed_3/20260518T021655_09837043/metadata.json,outputs/preflight/post_run_result/eurosat_remoteclip_vit_b32/full_matrix_20260518T022057Z/cmd_125_rs_cpc_seed3_shot16/eurosat_remoteclip_vit_b32_rs_cpc_seed3/20260518T022348/result_run_preflight_report.json
eurosat,16,16,remoteclip_vit_b32,rs_cpc,rs_cpc_M2_random_group_mean,3,0.8211111111111111,top1_acc,2,random_group_mean,20,remote_server,server_full,False,False,results/raw/eurosat/remoteclip_vit_b32/rs_cpc/shot_16/M_2/random_group_mean/seed_3/20260518T021706_835330c5,results/raw/eurosat/remoteclip_vit_b32/rs_cpc/shot_16/M_2/random_group_mean/seed_3/20260518T021706_835330c5/metrics.json,results/raw/eurosat/remoteclip_vit_b32/rs_cpc/shot_16/M_2/random_group_mean/seed_3/20260518T021706_835330c5/metadata.json,outputs/preflight/post_run_result/eurosat_remoteclip_vit_b32/full_matrix_20260518T022057Z/cmd_126_rs_cpc_seed3_shot16/eurosat_remoteclip_vit_b32_rs_cpc_seed3/20260518T022349/result_run_preflight_report.json
eurosat,16,16,remoteclip_vit_b32,rs_cpc,rs_cpc_M4_random_group_mean,3,0.8353703703703703,top1_acc,4,random_group_mean,40,remote_server,server_full,False,False,results/raw/eurosat/remoteclip_vit_b32/rs_cpc/shot_16/M_4/random_group_mean/seed_3/20260518T021721_40f22602,results/raw/eurosat/remoteclip_vit_b32/rs_cpc/shot_16/M_4/random_group_mean/seed_3/20260518T021721_40f22602/metrics.json,results/raw/eurosat/remoteclip_vit_b32/rs_cpc/shot_16/M_4/random_group_mean/seed_3/20260518T021721_40f22602/metadata.json,outputs/preflight/post_run_result/eurosat_remoteclip_vit_b32/full_matrix_20260518T022057Z/cmd_127_rs_cpc_seed3_shot16/eurosat_remoteclip_vit_b32_rs_cpc_seed3/20260518T022351/result_run_preflight_report.json
eurosat,16,16,remoteclip_vit_b32,rs_cpc,rs_cpc_M8_random_group_mean,3,0.8194444444444444,top1_acc,8,random_group_mean,80,remote_server,server_full,False,False,results/raw/eurosat/remoteclip_vit_b32/rs_cpc/shot_16/M_8/random_group_mean/seed_3/20260518T021744_ec9b8125,results/raw/eurosat/remoteclip_vit_b32/rs_cpc/shot_16/M_8/random_group_mean/seed_3/20260518T021744_ec9b8125/metrics.json,results/raw/eurosat/remoteclip_vit_b32/rs_cpc/shot_16/M_8/random_group_mean/seed_3/20260518T021744_ec9b8125/metadata.json,outputs/preflight/post_run_result/eurosat_remoteclip_vit_b32/full_matrix_20260518T022057Z/cmd_128_rs_cpc_seed3_shot16/eurosat_remoteclip_vit_b32_rs_cpc_seed3/20260518T022352/result_run_preflight_report.json
eurosat,16,16,remoteclip_vit_b32,rs_cpc,rs_cpc_M1_medoid,3,0.6924074074074074,top1_acc,1,medoid,10,remote_server,server_full,False,False,results/raw/eurosat/remoteclip_vit_b32/rs_cpc/shot_16/M_1/medoid/seed_3/20260518T021753_8e34718e,results/raw/eurosat/remoteclip_vit_b32/rs_cpc/shot_16/M_1/medoid/seed_3/20260518T021753_8e34718e/metrics.json,results/raw/eurosat/remoteclip_vit_b32/rs_cpc/shot_16/M_1/medoid/seed_3/20260518T021753_8e34718e/metadata.json,outputs/preflight/post_run_result/eurosat_remoteclip_vit_b32/full_matrix_20260518T022057Z/cmd_129_rs_cpc_seed3_shot16/eurosat_remoteclip_vit_b32_rs_cpc_seed3/20260518T022353/result_run_preflight_report.json
eurosat,16,16,remoteclip_vit_b32,rs_cpc,rs_cpc_M2_medoid,3,0.6242592592592593,top1_acc,2,medoid,20,remote_server,server_full,False,False,results/raw/eurosat/remoteclip_vit_b32/rs_cpc/shot_16/M_2/medoid/seed_3/20260518T021804_b4afd544,results/raw/eurosat/remoteclip_vit_b32/rs_cpc/shot_16/M_2/medoid/seed_3/20260518T021804_b4afd544/metrics.json,results/raw/eurosat/remoteclip_vit_b32/rs_cpc/shot_16/M_2/medoid/seed_3/20260518T021804_b4afd544/metadata.json,outputs/preflight/post_run_result/eurosat_remoteclip_vit_b32/full_matrix_20260518T022057Z/cmd_130_rs_cpc_seed3_shot16/eurosat_remoteclip_vit_b32_rs_cpc_seed3/20260518T022355/result_run_preflight_report.json
eurosat,16,16,remoteclip_vit_b32,rs_cpc,rs_cpc_M4_medoid,3,0.707037037037037,top1_acc,4,medoid,40,remote_server,server_full,False,False,results/raw/eurosat/remoteclip_vit_b32/rs_cpc/shot_16/M_4/medoid/seed_3/20260518T021820_118b6d4d,results/raw/eurosat/remoteclip_vit_b32/rs_cpc/shot_16/M_4/medoid/seed_3/20260518T021820_118b6d4d/metrics.json,results/raw/eurosat/remoteclip_vit_b32/rs_cpc/shot_16/M_4/medoid/seed_3/20260518T021820_118b6d4d/metadata.json,outputs/preflight/post_run_result/eurosat_remoteclip_vit_b32/full_matrix_20260518T022057Z/cmd_131_rs_cpc_seed3_shot16/eurosat_remoteclip_vit_b32_rs_cpc_seed3/20260518T022356/result_run_preflight_report.json
eurosat,16,16,remoteclip_vit_b32,rs_cpc,rs_cpc_M8_medoid,3,0.789074074074074,top1_acc,8,medoid,80,remote_server,server_full,False,False,results/raw/eurosat/remoteclip_vit_b32/rs_cpc/shot_16/M_8/medoid/seed_3/20260518T021844_f572bda0,results/raw/eurosat/remoteclip_vit_b32/rs_cpc/shot_16/M_8/medoid/seed_3/20260518T021844_f572bda0/metrics.json,results/raw/eurosat/remoteclip_vit_b32/rs_cpc/shot_16/M_8/medoid/seed_3/20260518T021844_f572bda0/metadata.json,outputs/preflight/post_run_result/eurosat_remoteclip_vit_b32/full_matrix_20260518T022057Z/cmd_132_rs_cpc_seed3_shot16/eurosat_remoteclip_vit_b32_rs_cpc_seed3/20260518T022357/result_run_preflight_report.json
