dataset,shot,shot_label,backbone,method,method_variant,seed,num_prototypes_per_class,prototype_init,cache_entries,compression_ratio,top1_acc,training_time_sec,inference_time_sec,images_per_second,gpu_memory_mb,rs_cpc_m_sources,prototype_init_sources,run_dir,metrics_json_path,preflight_report_path
eurosat,1,1,remoteclip_vit_b32,rs_cpc,rs_cpc_M1_mean,1,1,mean,10,1.0,0.6114814814814815,0.0,6.119160233065486,1764.9480629124785,,metrics.M=1; metadata.M=1; run_dir.M_x=1; command.--M=1; cache_entries/num_classes=1,metrics.prototype_init=mean; metadata.prototype_init=mean; run_dir.prototype_init=mean; command.--prototype-init=mean,results/raw/eurosat/remoteclip_vit_b32/rs_cpc/shot_1/M_1/mean/seed_1/20260518T015308_2cb11fdc,results/raw/eurosat/remoteclip_vit_b32/rs_cpc/shot_1/M_1/mean/seed_1/20260518T015308_2cb11fdc/metrics.json,outputs/preflight/post_run_result/eurosat_remoteclip_vit_b32/full_matrix_20260518T022057Z/cmd_012_rs_cpc_seed1_shot1/eurosat_remoteclip_vit_b32_rs_cpc_seed1/20260518T022113/result_run_preflight_report.json
eurosat,1,1,remoteclip_vit_b32,rs_cpc,rs_cpc_M1_random_group_mean,1,1,random_group_mean,10,1.0,0.6114814814814815,0.0,6.195501429960132,1743.200307851353,,metrics.M=1; metadata.M=1; run_dir.M_x=1; command.--M=1; cache_entries/num_classes=1,metrics.prototype_init=random_group_mean; metadata.prototype_init=random_group_mean; run_dir.prototype_init=random_group_mean; command.--prototype-init=random_group_mean,results/raw/eurosat/remoteclip_vit_b32/rs_cpc/shot_1/M_1/random_group_mean/seed_1/20260518T015317_cd697509,results/raw/eurosat/remoteclip_vit_b32/rs_cpc/shot_1/M_1/random_group_mean/seed_1/20260518T015317_cd697509/metrics.json,outputs/preflight/post_run_result/eurosat_remoteclip_vit_b32/full_matrix_20260518T022057Z/cmd_013_rs_cpc_seed1_shot1/eurosat_remoteclip_vit_b32_rs_cpc_seed1/20260518T022115/result_run_preflight_report.json
eurosat,1,1,remoteclip_vit_b32,rs_cpc,rs_cpc_M1_medoid,1,1,medoid,10,1.0,0.6114814814814815,0.0,6.23573150858283,1731.953979278122,,metrics.M=1; metadata.M=1; run_dir.M_x=1; command.--M=1; cache_entries/num_classes=1,metrics.prototype_init=medoid; metadata.prototype_init=medoid; run_dir.prototype_init=medoid; command.--prototype-init=medoid,results/raw/eurosat/remoteclip_vit_b32/rs_cpc/shot_1/M_1/medoid/seed_1/20260518T015327_4fa427f7,results/raw/eurosat/remoteclip_vit_b32/rs_cpc/shot_1/M_1/medoid/seed_1/20260518T015327_4fa427f7/metrics.json,outputs/preflight/post_run_result/eurosat_remoteclip_vit_b32/full_matrix_20260518T022057Z/cmd_014_rs_cpc_seed1_shot1/eurosat_remoteclip_vit_b32_rs_cpc_seed1/20260518T022116/result_run_preflight_report.json
eurosat,2,2,remoteclip_vit_b32,rs_cpc,rs_cpc_M1_mean,1,1,mean,10,2.0,0.6762962962962963,0.0,6.274547845125198,1721.239564439803,,metrics.M=1; metadata.M=1; run_dir.M_x=1; command.--M=1; cache_entries/num_classes=1,metrics.prototype_init=mean; metadata.prototype_init=mean; run_dir.prototype_init=mean; command.--prototype-init=mean,results/raw/eurosat/remoteclip_vit_b32/rs_cpc/shot_2/M_1/mean/seed_1/20260518T015336_de6bbd96,results/raw/eurosat/remoteclip_vit_b32/rs_cpc/shot_2/M_1/mean/seed_1/20260518T015336_de6bbd96/metrics.json,outputs/preflight/post_run_result/eurosat_remoteclip_vit_b32/full_matrix_20260518T022057Z/cmd_015_rs_cpc_seed1_shot2/eurosat_remoteclip_vit_b32_rs_cpc_seed1/20260518T022117/result_run_preflight_report.json
eurosat,2,2,remoteclip_vit_b32,rs_cpc,rs_cpc_M1_random_group_mean,1,1,random_group_mean,10,2.0,0.6762962962962963,0.0,6.263114023953676,1724.3818264675872,,metrics.M=1; metadata.M=1; run_dir.M_x=1; command.--M=1; cache_entries/num_classes=1,metrics.prototype_init=random_group_mean; metadata.prototype_init=random_group_mean; run_dir.prototype_init=random_group_mean; command.--prototype-init=random_group_mean,results/raw/eurosat/remoteclip_vit_b32/rs_cpc/shot_2/M_1/random_group_mean/seed_1/20260518T015345_bbbc49d4,results/raw/eurosat/remoteclip_vit_b32/rs_cpc/shot_2/M_1/random_group_mean/seed_1/20260518T015345_bbbc49d4/metrics.json,outputs/preflight/post_run_result/eurosat_remoteclip_vit_b32/full_matrix_20260518T022057Z/cmd_016_rs_cpc_seed1_shot2/eurosat_remoteclip_vit_b32_rs_cpc_seed1/20260518T022119/result_run_preflight_report.json
eurosat,2,2,remoteclip_vit_b32,rs_cpc,rs_cpc_M2_random_group_mean,1,2,random_group_mean,20,1.0,0.7094444444444444,0.0,8.357100943103433,1292.3141737222322,,metrics.M=2; metadata.M=2; run_dir.M_x=2; command.--M=2; cache_entries/num_classes=2,metrics.prototype_init=random_group_mean; metadata.prototype_init=random_group_mean; run_dir.prototype_init=random_group_mean; command.--prototype-init=random_group_mean,results/raw/eurosat/remoteclip_vit_b32/rs_cpc/shot_2/M_2/random_group_mean/seed_1/20260518T015356_401ce8cc,results/raw/eurosat/remoteclip_vit_b32/rs_cpc/shot_2/M_2/random_group_mean/seed_1/20260518T015356_401ce8cc/metrics.json,outputs/preflight/post_run_result/eurosat_remoteclip_vit_b32/full_matrix_20260518T022057Z/cmd_017_rs_cpc_seed1_shot2/eurosat_remoteclip_vit_b32_rs_cpc_seed1/20260518T022120/result_run_preflight_report.json
eurosat,2,2,remoteclip_vit_b32,rs_cpc,rs_cpc_M1_medoid,1,1,medoid,10,2.0,0.6511111111111111,0.0,6.3400894701480865,1703.4459924976015,,metrics.M=1; metadata.M=1; run_dir.M_x=1; command.--M=1; cache_entries/num_classes=1,metrics.prototype_init=medoid; metadata.prototype_init=medoid; run_dir.prototype_init=medoid; command.--prototype-init=medoid,results/raw/eurosat/remoteclip_vit_b32/rs_cpc/shot_2/M_1/medoid/seed_1/20260518T015406_10b441d6,results/raw/eurosat/remoteclip_vit_b32/rs_cpc/shot_2/M_1/medoid/seed_1/20260518T015406_10b441d6/metrics.json,outputs/preflight/post_run_result/eurosat_remoteclip_vit_b32/full_matrix_20260518T022057Z/cmd_018_rs_cpc_seed1_shot2/eurosat_remoteclip_vit_b32_rs_cpc_seed1/20260518T022121/result_run_preflight_report.json
eurosat,2,2,remoteclip_vit_b32,rs_cpc,rs_cpc_M2_medoid,1,2,medoid,20,1.0,0.7094444444444444,0.0,8.340499006211758,1294.8865519864553,,metrics.M=2; metadata.M=2; run_dir.M_x=2; command.--M=2; cache_entries/num_classes=2,metrics.prototype_init=medoid; metadata.prototype_init=medoid; run_dir.prototype_init=medoid; command.--prototype-init=medoid,results/raw/eurosat/remoteclip_vit_b32/rs_cpc/shot_2/M_2/medoid/seed_1/20260518T015417_146ecd26,results/raw/eurosat/remoteclip_vit_b32/rs_cpc/shot_2/M_2/medoid/seed_1/20260518T015417_146ecd26/metrics.json,outputs/preflight/post_run_result/eurosat_remoteclip_vit_b32/full_matrix_20260518T022057Z/cmd_019_rs_cpc_seed1_shot2/eurosat_remoteclip_vit_b32_rs_cpc_seed1/20260518T022123/result_run_preflight_report.json
eurosat,4,4,remoteclip_vit_b32,rs_cpc,rs_cpc_M1_mean,1,1,mean,10,4.0,0.697962962962963,0.0,6.399315992370248,1687.6803728518146,,metrics.M=1; metadata.M=1; run_dir.M_x=1; command.--M=1; cache_entries/num_classes=1,metrics.prototype_init=mean; metadata.prototype_init=mean; run_dir.prototype_init=mean; command.--prototype-init=mean,results/raw/eurosat/remoteclip_vit_b32/rs_cpc/shot_4/M_1/mean/seed_1/20260518T015426_07df4253,results/raw/eurosat/remoteclip_vit_b32/rs_cpc/shot_4/M_1/mean/seed_1/20260518T015426_07df4253/metrics.json,outputs/preflight/post_run_result/eurosat_remoteclip_vit_b32/full_matrix_20260518T022057Z/cmd_020_rs_cpc_seed1_shot4/eurosat_remoteclip_vit_b32_rs_cpc_seed1/20260518T022124/result_run_preflight_report.json
eurosat,4,4,remoteclip_vit_b32,rs_cpc,rs_cpc_M1_random_group_mean,1,1,random_group_mean,10,4.0,0.697962962962963,0.0,6.146692633628845,1757.042468808785,,metrics.M=1; metadata.M=1; run_dir.M_x=1; command.--M=1; cache_entries/num_classes=1,metrics.prototype_init=random_group_mean; metadata.prototype_init=random_group_mean; run_dir.prototype_init=random_group_mean; command.--prototype-init=random_group_mean,results/raw/eurosat/remoteclip_vit_b32/rs_cpc/shot_4/M_1/random_group_mean/seed_1/20260518T015436_36797338,results/raw/eurosat/remoteclip_vit_b32/rs_cpc/shot_4/M_1/random_group_mean/seed_1/20260518T015436_36797338/metrics.json,outputs/preflight/post_run_result/eurosat_remoteclip_vit_b32/full_matrix_20260518T022057Z/cmd_021_rs_cpc_seed1_shot4/eurosat_remoteclip_vit_b32_rs_cpc_seed1/20260518T022126/result_run_preflight_report.json
eurosat,4,4,remoteclip_vit_b32,rs_cpc,rs_cpc_M2_random_group_mean,1,2,random_group_mean,20,2.0,0.730925925925926,0.0,8.551252195611596,1262.9729252450811,,metrics.M=2; metadata.M=2; run_dir.M_x=2; command.--M=2; cache_entries/num_classes=2,metrics.prototype_init=random_group_mean; metadata.prototype_init=random_group_mean; run_dir.prototype_init=random_group_mean; command.--prototype-init=random_group_mean,results/raw/eurosat/remoteclip_vit_b32/rs_cpc/shot_4/M_2/random_group_mean/seed_1/20260518T015447_d26594c4,results/raw/eurosat/remoteclip_vit_b32/rs_cpc/shot_4/M_2/random_group_mean/seed_1/20260518T015447_d26594c4/metrics.json,outputs/preflight/post_run_result/eurosat_remoteclip_vit_b32/full_matrix_20260518T022057Z/cmd_022_rs_cpc_seed1_shot4/eurosat_remoteclip_vit_b32_rs_cpc_seed1/20260518T022127/result_run_preflight_report.json
eurosat,4,4,remoteclip_vit_b32,rs_cpc,rs_cpc_M4_random_group_mean,1,4,random_group_mean,40,1.0,0.7340740740740741,0.0,12.151820940896869,888.7556895816886,,metrics.M=4; metadata.M=4; run_dir.M_x=4; command.--M=4; cache_entries/num_classes=4,metrics.prototype_init=random_group_mean; metadata.prototype_init=random_group_mean; run_dir.prototype_init=random_group_mean; command.--prototype-init=random_group_mean,results/raw/eurosat/remoteclip_vit_b32/rs_cpc/shot_4/M_4/random_group_mean/seed_1/20260518T015502_39f7d75f,results/raw/eurosat/remoteclip_vit_b32/rs_cpc/shot_4/M_4/random_group_mean/seed_1/20260518T015502_39f7d75f/metrics.json,outputs/preflight/post_run_result/eurosat_remoteclip_vit_b32/full_matrix_20260518T022057Z/cmd_023_rs_cpc_seed1_shot4/eurosat_remoteclip_vit_b32_rs_cpc_seed1/20260518T022128/result_run_preflight_report.json
eurosat,4,4,remoteclip_vit_b32,rs_cpc,rs_cpc_M1_medoid,1,1,medoid,10,4.0,0.6346296296296297,0.0,6.0712686367332935,1778.870388744822,,metrics.M=1; metadata.M=1; run_dir.M_x=1; command.--M=1; cache_entries/num_classes=1,metrics.prototype_init=medoid; metadata.prototype_init=medoid; run_dir.prototype_init=medoid; command.--prototype-init=medoid,results/raw/eurosat/remoteclip_vit_b32/rs_cpc/shot_4/M_1/medoid/seed_1/20260518T015511_9fd249b0,results/raw/eurosat/remoteclip_vit_b32/rs_cpc/shot_4/M_1/medoid/seed_1/20260518T015511_9fd249b0/metrics.json,outputs/preflight/post_run_result/eurosat_remoteclip_vit_b32/full_matrix_20260518T022057Z/cmd_024_rs_cpc_seed1_shot4/eurosat_remoteclip_vit_b32_rs_cpc_seed1/20260518T022130/result_run_preflight_report.json
eurosat,4,4,remoteclip_vit_b32,rs_cpc,rs_cpc_M2_medoid,1,2,medoid,20,2.0,0.6466666666666666,0.0,8.406080147251487,1284.7843240622976,,metrics.M=2; metadata.M=2; run_dir.M_x=2; command.--M=2; cache_entries/num_classes=2,metrics.prototype_init=medoid; metadata.prototype_init=medoid; run_dir.prototype_init=medoid; command.--prototype-init=medoid,results/raw/eurosat/remoteclip_vit_b32/rs_cpc/shot_4/M_2/medoid/seed_1/20260518T015523_f5368308,results/raw/eurosat/remoteclip_vit_b32/rs_cpc/shot_4/M_2/medoid/seed_1/20260518T015523_f5368308/metrics.json,outputs/preflight/post_run_result/eurosat_remoteclip_vit_b32/full_matrix_20260518T022057Z/cmd_025_rs_cpc_seed1_shot4/eurosat_remoteclip_vit_b32_rs_cpc_seed1/20260518T022131/result_run_preflight_report.json
eurosat,4,4,remoteclip_vit_b32,rs_cpc,rs_cpc_M4_medoid,1,4,medoid,40,1.0,0.7340740740740741,0.0,12.278869207948446,879.5598207861735,,metrics.M=4; metadata.M=4; run_dir.M_x=4; command.--M=4; cache_entries/num_classes=4,metrics.prototype_init=medoid; metadata.prototype_init=medoid; run_dir.prototype_init=medoid; command.--prototype-init=medoid,results/raw/eurosat/remoteclip_vit_b32/rs_cpc/shot_4/M_4/medoid/seed_1/20260518T015538_871961da,results/raw/eurosat/remoteclip_vit_b32/rs_cpc/shot_4/M_4/medoid/seed_1/20260518T015538_871961da/metrics.json,outputs/preflight/post_run_result/eurosat_remoteclip_vit_b32/full_matrix_20260518T022057Z/cmd_026_rs_cpc_seed1_shot4/eurosat_remoteclip_vit_b32_rs_cpc_seed1/20260518T022132/result_run_preflight_report.json
eurosat,8,8,remoteclip_vit_b32,rs_cpc,rs_cpc_M1_mean,1,1,mean,10,8.0,0.7279629629629629,0.0,6.303457261994481,1713.3454786973148,,metrics.M=1; metadata.M=1; run_dir.M_x=1; command.--M=1; cache_entries/num_classes=1,metrics.prototype_init=mean; metadata.prototype_init=mean; run_dir.prototype_init=mean; command.--prototype-init=mean,results/raw/eurosat/remoteclip_vit_b32/rs_cpc/shot_8/M_1/mean/seed_1/20260518T015547_31f82f17,results/raw/eurosat/remoteclip_vit_b32/rs_cpc/shot_8/M_1/mean/seed_1/20260518T015547_31f82f17/metrics.json,outputs/preflight/post_run_result/eurosat_remoteclip_vit_b32/full_matrix_20260518T022057Z/cmd_027_rs_cpc_seed1_shot8/eurosat_remoteclip_vit_b32_rs_cpc_seed1/20260518T022134/result_run_preflight_report.json
eurosat,8,8,remoteclip_vit_b32,rs_cpc,rs_cpc_M1_random_group_mean,1,1,random_group_mean,10,8.0,0.7279629629629629,0.0,6.347111821174622,1701.5613249431156,,metrics.M=1; metadata.M=1; run_dir.M_x=1; command.--M=1; cache_entries/num_classes=1,metrics.prototype_init=random_group_mean; metadata.prototype_init=random_group_mean; run_dir.prototype_init=random_group_mean; command.--prototype-init=random_group_mean,results/raw/eurosat/remoteclip_vit_b32/rs_cpc/shot_8/M_1/random_group_mean/seed_1/20260518T015557_50f6107e,results/raw/eurosat/remoteclip_vit_b32/rs_cpc/shot_8/M_1/random_group_mean/seed_1/20260518T015557_50f6107e/metrics.json,outputs/preflight/post_run_result/eurosat_remoteclip_vit_b32/full_matrix_20260518T022057Z/cmd_028_rs_cpc_seed1_shot8/eurosat_remoteclip_vit_b32_rs_cpc_seed1/20260518T022135/result_run_preflight_report.json
eurosat,8,8,remoteclip_vit_b32,rs_cpc,rs_cpc_M2_random_group_mean,1,2,random_group_mean,20,4.0,0.7696296296296297,0.0,8.503092151135206,1270.1261856321462,,metrics.M=2; metadata.M=2; run_dir.M_x=2; command.--M=2; cache_entries/num_classes=2,metrics.prototype_init=random_group_mean; metadata.prototype_init=random_group_mean; run_dir.prototype_init=random_group_mean; command.--prototype-init=random_group_mean,results/raw/eurosat/remoteclip_vit_b32/rs_cpc/shot_8/M_2/random_group_mean/seed_1/20260518T015608_d67d77e5,results/raw/eurosat/remoteclip_vit_b32/rs_cpc/shot_8/M_2/random_group_mean/seed_1/20260518T015608_d67d77e5/metrics.json,outputs/preflight/post_run_result/eurosat_remoteclip_vit_b32/full_matrix_20260518T022057Z/cmd_029_rs_cpc_seed1_shot8/eurosat_remoteclip_vit_b32_rs_cpc_seed1/20260518T022136/result_run_preflight_report.json
eurosat,8,8,remoteclip_vit_b32,rs_cpc,rs_cpc_M4_random_group_mean,1,4,random_group_mean,40,2.0,0.7862962962962963,0.0,12.4438266903162,867.9002262547237,,metrics.M=4; metadata.M=4; run_dir.M_x=4; command.--M=4; cache_entries/num_classes=4,metrics.prototype_init=random_group_mean; metadata.prototype_init=random_group_mean; run_dir.prototype_init=random_group_mean; command.--prototype-init=random_group_mean,results/raw/eurosat/remoteclip_vit_b32/rs_cpc/shot_8/M_4/random_group_mean/seed_1/20260518T015624_73d97f23,results/raw/eurosat/remoteclip_vit_b32/rs_cpc/shot_8/M_4/random_group_mean/seed_1/20260518T015624_73d97f23/metrics.json,outputs/preflight/post_run_result/eurosat_remoteclip_vit_b32/full_matrix_20260518T022057Z/cmd_030_rs_cpc_seed1_shot8/eurosat_remoteclip_vit_b32_rs_cpc_seed1/20260518T022138/result_run_preflight_report.json
eurosat,8,8,remoteclip_vit_b32,rs_cpc,rs_cpc_M8_random_group_mean,1,8,random_group_mean,80,1.0,0.7616666666666667,0.0,20.752678709104657,520.414745073936,,metrics.M=8; metadata.M=8; run_dir.M_x=8; command.--M=8; cache_entries/num_classes=8,metrics.prototype_init=random_group_mean; metadata.prototype_init=random_group_mean; run_dir.prototype_init=random_group_mean; command.--prototype-init=random_group_mean,results/raw/eurosat/remoteclip_vit_b32/rs_cpc/shot_8/M_8/random_group_mean/seed_1/20260518T015648_e6f4b088,results/raw/eurosat/remoteclip_vit_b32/rs_cpc/shot_8/M_8/random_group_mean/seed_1/20260518T015648_e6f4b088/metrics.json,outputs/preflight/post_run_result/eurosat_remoteclip_vit_b32/full_matrix_20260518T022057Z/cmd_031_rs_cpc_seed1_shot8/eurosat_remoteclip_vit_b32_rs_cpc_seed1/20260518T022139/result_run_preflight_report.json
eurosat,8,8,remoteclip_vit_b32,rs_cpc,rs_cpc_M1_medoid,1,1,medoid,10,8.0,0.6662962962962963,0.0,6.185222204774618,1746.0973336839947,,metrics.M=1; metadata.M=1; run_dir.M_x=1; command.--M=1; cache_entries/num_classes=1,metrics.prototype_init=medoid; metadata.prototype_init=medoid; run_dir.prototype_init=medoid; command.--prototype-init=medoid,results/raw/eurosat/remoteclip_vit_b32/rs_cpc/shot_8/M_1/medoid/seed_1/20260518T015657_db5944f4,results/raw/eurosat/remoteclip_vit_b32/rs_cpc/shot_8/M_1/medoid/seed_1/20260518T015657_db5944f4/metrics.json,outputs/preflight/post_run_result/eurosat_remoteclip_vit_b32/full_matrix_20260518T022057Z/cmd_032_rs_cpc_seed1_shot8/eurosat_remoteclip_vit_b32_rs_cpc_seed1/20260518T022140/result_run_preflight_report.json
eurosat,8,8,remoteclip_vit_b32,rs_cpc,rs_cpc_M2_medoid,1,2,medoid,20,4.0,0.6203703703703703,0.0,8.33481908775866,1295.768976661047,,metrics.M=2; metadata.M=2; run_dir.M_x=2; command.--M=2; cache_entries/num_classes=2,metrics.prototype_init=medoid; metadata.prototype_init=medoid; run_dir.prototype_init=medoid; command.--prototype-init=medoid,results/raw/eurosat/remoteclip_vit_b32/rs_cpc/shot_8/M_2/medoid/seed_1/20260518T015708_8f4b8aa2,results/raw/eurosat/remoteclip_vit_b32/rs_cpc/shot_8/M_2/medoid/seed_1/20260518T015708_8f4b8aa2/metrics.json,outputs/preflight/post_run_result/eurosat_remoteclip_vit_b32/full_matrix_20260518T022057Z/cmd_033_rs_cpc_seed1_shot8/eurosat_remoteclip_vit_b32_rs_cpc_seed1/20260518T022142/result_run_preflight_report.json
eurosat,8,8,remoteclip_vit_b32,rs_cpc,rs_cpc_M4_medoid,1,4,medoid,40,2.0,0.6238888888888889,0.0,13.251645328477025,814.9931372515246,,metrics.M=4; metadata.M=4; run_dir.M_x=4; command.--M=4; cache_entries/num_classes=4,metrics.prototype_init=medoid; metadata.prototype_init=medoid; run_dir.prototype_init=medoid; command.--prototype-init=medoid,results/raw/eurosat/remoteclip_vit_b32/rs_cpc/shot_8/M_4/medoid/seed_1/20260518T015724_1aac3f16,results/raw/eurosat/remoteclip_vit_b32/rs_cpc/shot_8/M_4/medoid/seed_1/20260518T015724_1aac3f16/metrics.json,outputs/preflight/post_run_result/eurosat_remoteclip_vit_b32/full_matrix_20260518T022057Z/cmd_034_rs_cpc_seed1_shot8/eurosat_remoteclip_vit_b32_rs_cpc_seed1/20260518T022143/result_run_preflight_report.json
eurosat,8,8,remoteclip_vit_b32,rs_cpc,rs_cpc_M8_medoid,1,8,medoid,80,1.0,0.7616666666666667,0.0,20.33628836646676,531.0703607944756,,metrics.M=8; metadata.M=8; run_dir.M_x=8; command.--M=8; cache_entries/num_classes=8,metrics.prototype_init=medoid; metadata.prototype_init=medoid; run_dir.prototype_init=medoid; command.--prototype-init=medoid,results/raw/eurosat/remoteclip_vit_b32/rs_cpc/shot_8/M_8/medoid/seed_1/20260518T015747_f9dc0638,results/raw/eurosat/remoteclip_vit_b32/rs_cpc/shot_8/M_8/medoid/seed_1/20260518T015747_f9dc0638/metrics.json,outputs/preflight/post_run_result/eurosat_remoteclip_vit_b32/full_matrix_20260518T022057Z/cmd_035_rs_cpc_seed1_shot8/eurosat_remoteclip_vit_b32_rs_cpc_seed1/20260518T022144/result_run_preflight_report.json
eurosat,16,16,remoteclip_vit_b32,rs_cpc,rs_cpc_M1_mean,1,1,mean,10,16.0,0.7322222222222222,0.0,6.149780785664916,1756.1601586148734,,metrics.M=1; metadata.M=1; run_dir.M_x=1; command.--M=1; cache_entries/num_classes=1,metrics.prototype_init=mean; metadata.prototype_init=mean; run_dir.prototype_init=mean; command.--prototype-init=mean,results/raw/eurosat/remoteclip_vit_b32/rs_cpc/shot_16/M_1/mean/seed_1/20260518T015757_ae1e24f0,results/raw/eurosat/remoteclip_vit_b32/rs_cpc/shot_16/M_1/mean/seed_1/20260518T015757_ae1e24f0/metrics.json,outputs/preflight/post_run_result/eurosat_remoteclip_vit_b32/full_matrix_20260518T022057Z/cmd_036_rs_cpc_seed1_shot16/eurosat_remoteclip_vit_b32_rs_cpc_seed1/20260518T022146/result_run_preflight_report.json
eurosat,16,16,remoteclip_vit_b32,rs_cpc,rs_cpc_M1_random_group_mean,1,1,random_group_mean,10,16.0,0.7322222222222222,0.0,6.132571324706078,1761.0883637815045,,metrics.M=1; metadata.M=1; run_dir.M_x=1; command.--M=1; cache_entries/num_classes=1,metrics.prototype_init=random_group_mean; metadata.prototype_init=random_group_mean; run_dir.prototype_init=random_group_mean; command.--prototype-init=random_group_mean,results/raw/eurosat/remoteclip_vit_b32/rs_cpc/shot_16/M_1/random_group_mean/seed_1/20260518T015806_c8533cee,results/raw/eurosat/remoteclip_vit_b32/rs_cpc/shot_16/M_1/random_group_mean/seed_1/20260518T015806_c8533cee/metrics.json,outputs/preflight/post_run_result/eurosat_remoteclip_vit_b32/full_matrix_20260518T022057Z/cmd_037_rs_cpc_seed1_shot16/eurosat_remoteclip_vit_b32_rs_cpc_seed1/20260518T022147/result_run_preflight_report.json
eurosat,16,16,remoteclip_vit_b32,rs_cpc,rs_cpc_M2_random_group_mean,1,2,random_group_mean,20,8.0,0.8014814814814815,0.0,8.261855417862535,1307.2124182480698,,metrics.M=2; metadata.M=2; run_dir.M_x=2; command.--M=2; cache_entries/num_classes=2,metrics.prototype_init=random_group_mean; metadata.prototype_init=random_group_mean; run_dir.prototype_init=random_group_mean; command.--prototype-init=random_group_mean,results/raw/eurosat/remoteclip_vit_b32/rs_cpc/shot_16/M_2/random_group_mean/seed_1/20260518T015817_aad4b555,results/raw/eurosat/remoteclip_vit_b32/rs_cpc/shot_16/M_2/random_group_mean/seed_1/20260518T015817_aad4b555/metrics.json,outputs/preflight/post_run_result/eurosat_remoteclip_vit_b32/full_matrix_20260518T022057Z/cmd_038_rs_cpc_seed1_shot16/eurosat_remoteclip_vit_b32_rs_cpc_seed1/20260518T022148/result_run_preflight_report.json
eurosat,16,16,remoteclip_vit_b32,rs_cpc,rs_cpc_M4_random_group_mean,1,4,random_group_mean,40,4.0,0.827037037037037,0.0,12.193911986425519,885.6878753941108,,metrics.M=4; metadata.M=4; run_dir.M_x=4; command.--M=4; cache_entries/num_classes=4,metrics.prototype_init=random_group_mean; metadata.prototype_init=random_group_mean; run_dir.prototype_init=random_group_mean; command.--prototype-init=random_group_mean,results/raw/eurosat/remoteclip_vit_b32/rs_cpc/shot_16/M_4/random_group_mean/seed_1/20260518T015832_f28033e8,results/raw/eurosat/remoteclip_vit_b32/rs_cpc/shot_16/M_4/random_group_mean/seed_1/20260518T015832_f28033e8/metrics.json,outputs/preflight/post_run_result/eurosat_remoteclip_vit_b32/full_matrix_20260518T022057Z/cmd_039_rs_cpc_seed1_shot16/eurosat_remoteclip_vit_b32_rs_cpc_seed1/20260518T022150/result_run_preflight_report.json
eurosat,16,16,remoteclip_vit_b32,rs_cpc,rs_cpc_M8_random_group_mean,1,8,random_group_mean,80,2.0,0.8212962962962963,0.0,20.17091647721827,535.4243577478442,,metrics.M=8; metadata.M=8; run_dir.M_x=8; command.--M=8; cache_entries/num_classes=8,metrics.prototype_init=random_group_mean; metadata.prototype_init=random_group_mean; run_dir.prototype_init=random_group_mean; command.--prototype-init=random_group_mean,results/raw/eurosat/remoteclip_vit_b32/rs_cpc/shot_16/M_8/random_group_mean/seed_1/20260518T015855_1028f2e6,results/raw/eurosat/remoteclip_vit_b32/rs_cpc/shot_16/M_8/random_group_mean/seed_1/20260518T015855_1028f2e6/metrics.json,outputs/preflight/post_run_result/eurosat_remoteclip_vit_b32/full_matrix_20260518T022057Z/cmd_040_rs_cpc_seed1_shot16/eurosat_remoteclip_vit_b32_rs_cpc_seed1/20260518T022151/result_run_preflight_report.json
eurosat,16,16,remoteclip_vit_b32,rs_cpc,rs_cpc_M1_medoid,1,1,medoid,10,16.0,0.7157407407407408,0.0,6.114971350878477,1766.157088936888,,metrics.M=1; metadata.M=1; run_dir.M_x=1; command.--M=1; cache_entries/num_classes=1,metrics.prototype_init=medoid; metadata.prototype_init=medoid; run_dir.prototype_init=medoid; command.--prototype-init=medoid,results/raw/eurosat/remoteclip_vit_b32/rs_cpc/shot_16/M_1/medoid/seed_1/20260518T015905_75da690a,results/raw/eurosat/remoteclip_vit_b32/rs_cpc/shot_16/M_1/medoid/seed_1/20260518T015905_75da690a/metrics.json,outputs/preflight/post_run_result/eurosat_remoteclip_vit_b32/full_matrix_20260518T022057Z/cmd_041_rs_cpc_seed1_shot16/eurosat_remoteclip_vit_b32_rs_cpc_seed1/20260518T022153/result_run_preflight_report.json
eurosat,16,16,remoteclip_vit_b32,rs_cpc,rs_cpc_M2_medoid,1,2,medoid,20,8.0,0.6464814814814814,0.0,8.174517063423991,1321.1789658282632,,metrics.M=2; metadata.M=2; run_dir.M_x=2; command.--M=2; cache_entries/num_classes=2,metrics.prototype_init=medoid; metadata.prototype_init=medoid; run_dir.prototype_init=medoid; command.--prototype-init=medoid,results/raw/eurosat/remoteclip_vit_b32/rs_cpc/shot_16/M_2/medoid/seed_1/20260518T015916_4b368d1b,results/raw/eurosat/remoteclip_vit_b32/rs_cpc/shot_16/M_2/medoid/seed_1/20260518T015916_4b368d1b/metrics.json,outputs/preflight/post_run_result/eurosat_remoteclip_vit_b32/full_matrix_20260518T022057Z/cmd_042_rs_cpc_seed1_shot16/eurosat_remoteclip_vit_b32_rs_cpc_seed1/20260518T022154/result_run_preflight_report.json
eurosat,16,16,remoteclip_vit_b32,rs_cpc,rs_cpc_M4_medoid,1,4,medoid,40,4.0,0.6614814814814814,0.0,12.195060892030597,885.6044340916526,,metrics.M=4; metadata.M=4; run_dir.M_x=4; command.--M=4; cache_entries/num_classes=4,metrics.prototype_init=medoid; metadata.prototype_init=medoid; run_dir.prototype_init=medoid; command.--prototype-init=medoid,results/raw/eurosat/remoteclip_vit_b32/rs_cpc/shot_16/M_4/medoid/seed_1/20260518T015931_8b011395,results/raw/eurosat/remoteclip_vit_b32/rs_cpc/shot_16/M_4/medoid/seed_1/20260518T015931_8b011395/metrics.json,outputs/preflight/post_run_result/eurosat_remoteclip_vit_b32/full_matrix_20260518T022057Z/cmd_043_rs_cpc_seed1_shot16/eurosat_remoteclip_vit_b32_rs_cpc_seed1/20260518T022155/result_run_preflight_report.json
eurosat,16,16,remoteclip_vit_b32,rs_cpc,rs_cpc_M8_medoid,1,8,medoid,80,2.0,0.7146296296296296,0.0,21.313507422804832,506.7209157909089,,metrics.M=8; metadata.M=8; run_dir.M_x=8; command.--M=8; cache_entries/num_classes=8,metrics.prototype_init=medoid; metadata.prototype_init=medoid; run_dir.prototype_init=medoid; command.--prototype-init=medoid,results/raw/eurosat/remoteclip_vit_b32/rs_cpc/shot_16/M_8/medoid/seed_1/20260518T015955_ea1a8364,results/raw/eurosat/remoteclip_vit_b32/rs_cpc/shot_16/M_8/medoid/seed_1/20260518T015955_ea1a8364/metrics.json,outputs/preflight/post_run_result/eurosat_remoteclip_vit_b32/full_matrix_20260518T022057Z/cmd_044_rs_cpc_seed1_shot16/eurosat_remoteclip_vit_b32_rs_cpc_seed1/20260518T022157/result_run_preflight_report.json
eurosat,1,1,remoteclip_vit_b32,rs_cpc,rs_cpc_M1_mean,2,1,mean,10,1.0,0.5051851851851852,0.0,6.204395150765777,1740.7015087791453,,metrics.M=1; metadata.M=1; run_dir.M_x=1; command.--M=1; cache_entries/num_classes=1,metrics.prototype_init=mean; metadata.prototype_init=mean; run_dir.prototype_init=mean; command.--prototype-init=mean,results/raw/eurosat/remoteclip_vit_b32/rs_cpc/shot_1/M_1/mean/seed_2/20260518T020235_690e0aad,results/raw/eurosat/remoteclip_vit_b32/rs_cpc/shot_1/M_1/mean/seed_2/20260518T020235_690e0aad/metrics.json,outputs/preflight/post_run_result/eurosat_remoteclip_vit_b32/full_matrix_20260518T022057Z/cmd_056_rs_cpc_seed2_shot1/eurosat_remoteclip_vit_b32_rs_cpc_seed2/20260518T022213/result_run_preflight_report.json
eurosat,1,1,remoteclip_vit_b32,rs_cpc,rs_cpc_M1_random_group_mean,2,1,random_group_mean,10,1.0,0.5051851851851852,0.0,6.146301848813891,1757.154182410383,,metrics.M=1; metadata.M=1; run_dir.M_x=1; command.--M=1; cache_entries/num_classes=1,metrics.prototype_init=random_group_mean; metadata.prototype_init=random_group_mean; run_dir.prototype_init=random_group_mean; command.--prototype-init=random_group_mean,results/raw/eurosat/remoteclip_vit_b32/rs_cpc/shot_1/M_1/random_group_mean/seed_2/20260518T020244_a7cc3038,results/raw/eurosat/remoteclip_vit_b32/rs_cpc/shot_1/M_1/random_group_mean/seed_2/20260518T020244_a7cc3038/metrics.json,outputs/preflight/post_run_result/eurosat_remoteclip_vit_b32/full_matrix_20260518T022057Z/cmd_057_rs_cpc_seed2_shot1/eurosat_remoteclip_vit_b32_rs_cpc_seed2/20260518T022214/result_run_preflight_report.json
eurosat,1,1,remoteclip_vit_b32,rs_cpc,rs_cpc_M1_medoid,2,1,medoid,10,1.0,0.5051851851851852,0.0,6.293081235140562,1716.1704412288223,,metrics.M=1; metadata.M=1; run_dir.M_x=1; command.--M=1; cache_entries/num_classes=1,metrics.prototype_init=medoid; metadata.prototype_init=medoid; run_dir.prototype_init=medoid; command.--prototype-init=medoid,results/raw/eurosat/remoteclip_vit_b32/rs_cpc/shot_1/M_1/medoid/seed_2/20260518T020254_4d8a8c8f,results/raw/eurosat/remoteclip_vit_b32/rs_cpc/shot_1/M_1/medoid/seed_2/20260518T020254_4d8a8c8f/metrics.json,outputs/preflight/post_run_result/eurosat_remoteclip_vit_b32/full_matrix_20260518T022057Z/cmd_058_rs_cpc_seed2_shot1/eurosat_remoteclip_vit_b32_rs_cpc_seed2/20260518T022216/result_run_preflight_report.json
eurosat,2,2,remoteclip_vit_b32,rs_cpc,rs_cpc_M1_mean,2,1,mean,10,2.0,0.5831481481481482,0.0,6.125689322128892,1763.0668863641654,,metrics.M=1; metadata.M=1; run_dir.M_x=1; command.--M=1; cache_entries/num_classes=1,metrics.prototype_init=mean; metadata.prototype_init=mean; run_dir.prototype_init=mean; command.--prototype-init=mean,results/raw/eurosat/remoteclip_vit_b32/rs_cpc/shot_2/M_1/mean/seed_2/20260518T020303_3b9810a3,results/raw/eurosat/remoteclip_vit_b32/rs_cpc/shot_2/M_1/mean/seed_2/20260518T020303_3b9810a3/metrics.json,outputs/preflight/post_run_result/eurosat_remoteclip_vit_b32/full_matrix_20260518T022057Z/cmd_059_rs_cpc_seed2_shot2/eurosat_remoteclip_vit_b32_rs_cpc_seed2/20260518T022217/result_run_preflight_report.json
eurosat,2,2,remoteclip_vit_b32,rs_cpc,rs_cpc_M1_random_group_mean,2,1,random_group_mean,10,2.0,0.5831481481481482,0.0,6.140140984207392,1758.9172671731628,,metrics.M=1; metadata.M=1; run_dir.M_x=1; command.--M=1; cache_entries/num_classes=1,metrics.prototype_init=random_group_mean; metadata.prototype_init=random_group_mean; run_dir.prototype_init=random_group_mean; command.--prototype-init=random_group_mean,results/raw/eurosat/remoteclip_vit_b32/rs_cpc/shot_2/M_1/random_group_mean/seed_2/20260518T020312_922c37b0,results/raw/eurosat/remoteclip_vit_b32/rs_cpc/shot_2/M_1/random_group_mean/seed_2/20260518T020312_922c37b0/metrics.json,outputs/preflight/post_run_result/eurosat_remoteclip_vit_b32/full_matrix_20260518T022057Z/cmd_060_rs_cpc_seed2_shot2/eurosat_remoteclip_vit_b32_rs_cpc_seed2/20260518T022219/result_run_preflight_report.json
eurosat,2,2,remoteclip_vit_b32,rs_cpc,rs_cpc_M2_random_group_mean,2,2,random_group_mean,20,1.0,0.6583333333333333,0.0,8.090548440814018,1334.8909630795529,,metrics.M=2; metadata.M=2; run_dir.M_x=2; command.--M=2; cache_entries/num_classes=2,metrics.prototype_init=random_group_mean; metadata.prototype_init=random_group_mean; run_dir.prototype_init=random_group_mean; command.--prototype-init=random_group_mean,results/raw/eurosat/remoteclip_vit_b32/rs_cpc/shot_2/M_2/random_group_mean/seed_2/20260518T020323_ebcf09d9,results/raw/eurosat/remoteclip_vit_b32/rs_cpc/shot_2/M_2/random_group_mean/seed_2/20260518T020323_ebcf09d9/metrics.json,outputs/preflight/post_run_result/eurosat_remoteclip_vit_b32/full_matrix_20260518T022057Z/cmd_061_rs_cpc_seed2_shot2/eurosat_remoteclip_vit_b32_rs_cpc_seed2/20260518T022220/result_run_preflight_report.json
eurosat,2,2,remoteclip_vit_b32,rs_cpc,rs_cpc_M1_medoid,2,1,medoid,10,2.0,0.5874074074074074,0.0,6.173245785757899,1749.4848536431741,,metrics.M=1; metadata.M=1; run_dir.M_x=1; command.--M=1; cache_entries/num_classes=1,metrics.prototype_init=medoid; metadata.prototype_init=medoid; run_dir.prototype_init=medoid; command.--prototype-init=medoid,results/raw/eurosat/remoteclip_vit_b32/rs_cpc/shot_2/M_1/medoid/seed_2/20260518T020332_6fb73d16,results/raw/eurosat/remoteclip_vit_b32/rs_cpc/shot_2/M_1/medoid/seed_2/20260518T020332_6fb73d16/metrics.json,outputs/preflight/post_run_result/eurosat_remoteclip_vit_b32/full_matrix_20260518T022057Z/cmd_062_rs_cpc_seed2_shot2/eurosat_remoteclip_vit_b32_rs_cpc_seed2/20260518T022221/result_run_preflight_report.json
eurosat,2,2,remoteclip_vit_b32,rs_cpc,rs_cpc_M2_medoid,2,2,medoid,20,1.0,0.6583333333333333,0.0,8.468994095921516,1275.2399963534094,,metrics.M=2; metadata.M=2; run_dir.M_x=2; command.--M=2; cache_entries/num_classes=2,metrics.prototype_init=medoid; metadata.prototype_init=medoid; run_dir.prototype_init=medoid; command.--prototype-init=medoid,results/raw/eurosat/remoteclip_vit_b32/rs_cpc/shot_2/M_2/medoid/seed_2/20260518T020343_0b97e6d5,results/raw/eurosat/remoteclip_vit_b32/rs_cpc/shot_2/M_2/medoid/seed_2/20260518T020343_0b97e6d5/metrics.json,outputs/preflight/post_run_result/eurosat_remoteclip_vit_b32/full_matrix_20260518T022057Z/cmd_063_rs_cpc_seed2_shot2/eurosat_remoteclip_vit_b32_rs_cpc_seed2/20260518T022223/result_run_preflight_report.json
eurosat,4,4,remoteclip_vit_b32,rs_cpc,rs_cpc_M1_mean,2,1,mean,10,4.0,0.6559259259259259,0.0,6.331497341394424,1705.7576458875128,,metrics.M=1; metadata.M=1; run_dir.M_x=1; command.--M=1; cache_entries/num_classes=1,metrics.prototype_init=mean; metadata.prototype_init=mean; run_dir.prototype_init=mean; command.--prototype-init=mean,results/raw/eurosat/remoteclip_vit_b32/rs_cpc/shot_4/M_1/mean/seed_2/20260518T020353_6e2f38e7,results/raw/eurosat/remoteclip_vit_b32/rs_cpc/shot_4/M_1/mean/seed_2/20260518T020353_6e2f38e7/metrics.json,outputs/preflight/post_run_result/eurosat_remoteclip_vit_b32/full_matrix_20260518T022057Z/cmd_064_rs_cpc_seed2_shot4/eurosat_remoteclip_vit_b32_rs_cpc_seed2/20260518T022224/result_run_preflight_report.json
eurosat,4,4,remoteclip_vit_b32,rs_cpc,rs_cpc_M1_random_group_mean,2,1,random_group_mean,10,4.0,0.6559259259259259,0.0,6.300904078409076,1714.0397418535067,,metrics.M=1; metadata.M=1; run_dir.M_x=1; command.--M=1; cache_entries/num_classes=1,metrics.prototype_init=random_group_mean; metadata.prototype_init=random_group_mean; run_dir.prototype_init=random_group_mean; command.--prototype-init=random_group_mean,results/raw/eurosat/remoteclip_vit_b32/rs_cpc/shot_4/M_1/random_group_mean/seed_2/20260518T020402_9a39a223,results/raw/eurosat/remoteclip_vit_b32/rs_cpc/shot_4/M_1/random_group_mean/seed_2/20260518T020402_9a39a223/metrics.json,outputs/preflight/post_run_result/eurosat_remoteclip_vit_b32/full_matrix_20260518T022057Z/cmd_065_rs_cpc_seed2_shot4/eurosat_remoteclip_vit_b32_rs_cpc_seed2/20260518T022225/result_run_preflight_report.json
eurosat,4,4,remoteclip_vit_b32,rs_cpc,rs_cpc_M2_random_group_mean,2,2,random_group_mean,20,2.0,0.6927777777777778,0.0,8.41251938790083,1283.8009045819172,,metrics.M=2; metadata.M=2; run_dir.M_x=2; command.--M=2; cache_entries/num_classes=2,metrics.prototype_init=random_group_mean; metadata.prototype_init=random_group_mean; run_dir.prototype_init=random_group_mean; command.--prototype-init=random_group_mean,results/raw/eurosat/remoteclip_vit_b32/rs_cpc/shot_4/M_2/random_group_mean/seed_2/20260518T020414_c2545257,results/raw/eurosat/remoteclip_vit_b32/rs_cpc/shot_4/M_2/random_group_mean/seed_2/20260518T020414_c2545257/metrics.json,outputs/preflight/post_run_result/eurosat_remoteclip_vit_b32/full_matrix_20260518T022057Z/cmd_066_rs_cpc_seed2_shot4/eurosat_remoteclip_vit_b32_rs_cpc_seed2/20260518T022227/result_run_preflight_report.json
eurosat,4,4,remoteclip_vit_b32,rs_cpc,rs_cpc_M4_random_group_mean,2,4,random_group_mean,40,1.0,0.6698148148148149,0.0,12.394139928743243,871.3795440499849,,metrics.M=4; metadata.M=4; run_dir.M_x=4; command.--M=4; cache_entries/num_classes=4,metrics.prototype_init=random_group_mean; metadata.prototype_init=random_group_mean; run_dir.prototype_init=random_group_mean; command.--prototype-init=random_group_mean,results/raw/eurosat/remoteclip_vit_b32/rs_cpc/shot_4/M_4/random_group_mean/seed_2/20260518T020429_5978d815,results/raw/eurosat/remoteclip_vit_b32/rs_cpc/shot_4/M_4/random_group_mean/seed_2/20260518T020429_5978d815/metrics.json,outputs/preflight/post_run_result/eurosat_remoteclip_vit_b32/full_matrix_20260518T022057Z/cmd_067_rs_cpc_seed2_shot4/eurosat_remoteclip_vit_b32_rs_cpc_seed2/20260518T022228/result_run_preflight_report.json
eurosat,4,4,remoteclip_vit_b32,rs_cpc,rs_cpc_M1_medoid,2,1,medoid,10,4.0,0.5544444444444444,0.0,6.237901361659169,1731.3515193397343,,metrics.M=1; metadata.M=1; run_dir.M_x=1; command.--M=1; cache_entries/num_classes=1,metrics.prototype_init=medoid; metadata.prototype_init=medoid; run_dir.prototype_init=medoid; command.--prototype-init=medoid,results/raw/eurosat/remoteclip_vit_b32/rs_cpc/shot_4/M_1/medoid/seed_2/20260518T020438_0e51ec44,results/raw/eurosat/remoteclip_vit_b32/rs_cpc/shot_4/M_1/medoid/seed_2/20260518T020438_0e51ec44/metrics.json,outputs/preflight/post_run_result/eurosat_remoteclip_vit_b32/full_matrix_20260518T022057Z/cmd_068_rs_cpc_seed2_shot4/eurosat_remoteclip_vit_b32_rs_cpc_seed2/20260518T022230/result_run_preflight_report.json
eurosat,4,4,remoteclip_vit_b32,rs_cpc,rs_cpc_M2_medoid,2,2,medoid,20,2.0,0.5987037037037037,0.0,8.17123993486166,1321.7088331873645,,metrics.M=2; metadata.M=2; run_dir.M_x=2; command.--M=2; cache_entries/num_classes=2,metrics.prototype_init=medoid; metadata.prototype_init=medoid; run_dir.prototype_init=medoid; command.--prototype-init=medoid,results/raw/eurosat/remoteclip_vit_b32/rs_cpc/shot_4/M_2/medoid/seed_2/20260518T020449_363800f9,results/raw/eurosat/remoteclip_vit_b32/rs_cpc/shot_4/M_2/medoid/seed_2/20260518T020449_363800f9/metrics.json,outputs/preflight/post_run_result/eurosat_remoteclip_vit_b32/full_matrix_20260518T022057Z/cmd_069_rs_cpc_seed2_shot4/eurosat_remoteclip_vit_b32_rs_cpc_seed2/20260518T022231/result_run_preflight_report.json
eurosat,4,4,remoteclip_vit_b32,rs_cpc,rs_cpc_M4_medoid,2,4,medoid,40,1.0,0.6698148148148149,0.0,12.53886359743774,861.3220740519844,,metrics.M=4; metadata.M=4; run_dir.M_x=4; command.--M=4; cache_entries/num_classes=4,metrics.prototype_init=medoid; metadata.prototype_init=medoid; run_dir.prototype_init=medoid; command.--prototype-init=medoid,results/raw/eurosat/remoteclip_vit_b32/rs_cpc/shot_4/M_4/medoid/seed_2/20260518T020505_110fd87b,results/raw/eurosat/remoteclip_vit_b32/rs_cpc/shot_4/M_4/medoid/seed_2/20260518T020505_110fd87b/metrics.json,outputs/preflight/post_run_result/eurosat_remoteclip_vit_b32/full_matrix_20260518T022057Z/cmd_070_rs_cpc_seed2_shot4/eurosat_remoteclip_vit_b32_rs_cpc_seed2/20260518T022232/result_run_preflight_report.json
eurosat,8,8,remoteclip_vit_b32,rs_cpc,rs_cpc_M1_mean,2,1,mean,10,8.0,0.7,0.0,6.4572286158800125,1672.5441582538951,,metrics.M=1; metadata.M=1; run_dir.M_x=1; command.--M=1; cache_entries/num_classes=1,metrics.prototype_init=mean; metadata.prototype_init=mean; run_dir.prototype_init=mean; command.--prototype-init=mean,results/raw/eurosat/remoteclip_vit_b32/rs_cpc/shot_8/M_1/mean/seed_2/20260518T020515_42afca04,results/raw/eurosat/remoteclip_vit_b32/rs_cpc/shot_8/M_1/mean/seed_2/20260518T020515_42afca04/metrics.json,outputs/preflight/post_run_result/eurosat_remoteclip_vit_b32/full_matrix_20260518T022057Z/cmd_071_rs_cpc_seed2_shot8/eurosat_remoteclip_vit_b32_rs_cpc_seed2/20260518T022234/result_run_preflight_report.json
eurosat,8,8,remoteclip_vit_b32,rs_cpc,rs_cpc_M1_random_group_mean,2,1,random_group_mean,10,8.0,0.7,0.0,6.501610137522221,1661.1269780190028,,metrics.M=1; metadata.M=1; run_dir.M_x=1; command.--M=1; cache_entries/num_classes=1,metrics.prototype_init=random_group_mean; metadata.prototype_init=random_group_mean; run_dir.prototype_init=random_group_mean; command.--prototype-init=random_group_mean,results/raw/eurosat/remoteclip_vit_b32/rs_cpc/shot_8/M_1/random_group_mean/seed_2/20260518T020524_87167ea3,results/raw/eurosat/remoteclip_vit_b32/rs_cpc/shot_8/M_1/random_group_mean/seed_2/20260518T020524_87167ea3/metrics.json,outputs/preflight/post_run_result/eurosat_remoteclip_vit_b32/full_matrix_20260518T022057Z/cmd_072_rs_cpc_seed2_shot8/eurosat_remoteclip_vit_b32_rs_cpc_seed2/20260518T022235/result_run_preflight_report.json
eurosat,8,8,remoteclip_vit_b32,rs_cpc,rs_cpc_M2_random_group_mean,2,2,random_group_mean,20,4.0,0.772962962962963,0.0,8.561952788382769,1261.3944817184592,,metrics.M=2; metadata.M=2; run_dir.M_x=2; command.--M=2; cache_entries/num_classes=2,metrics.prototype_init=random_group_mean; metadata.prototype_init=random_group_mean; run_dir.prototype_init=random_group_mean; command.--prototype-init=random_group_mean,results/raw/eurosat/remoteclip_vit_b32/rs_cpc/shot_8/M_2/random_group_mean/seed_2/20260518T020536_f58c1631,results/raw/eurosat/remoteclip_vit_b32/rs_cpc/shot_8/M_2/random_group_mean/seed_2/20260518T020536_f58c1631/metrics.json,outputs/preflight/post_run_result/eurosat_remoteclip_vit_b32/full_matrix_20260518T022057Z/cmd_073_rs_cpc_seed2_shot8/eurosat_remoteclip_vit_b32_rs_cpc_seed2/20260518T022237/result_run_preflight_report.json
eurosat,8,8,remoteclip_vit_b32,rs_cpc,rs_cpc_M4_random_group_mean,2,4,random_group_mean,40,2.0,0.779074074074074,0.0,12.587640525773168,857.9844632428947,,metrics.M=4; metadata.M=4; run_dir.M_x=4; command.--M=4; cache_entries/num_classes=4,metrics.prototype_init=random_group_mean; metadata.prototype_init=random_group_mean; run_dir.prototype_init=random_group_mean; command.--prototype-init=random_group_mean,results/raw/eurosat/remoteclip_vit_b32/rs_cpc/shot_8/M_4/random_group_mean/seed_2/20260518T020551_d2b6b0d0,results/raw/eurosat/remoteclip_vit_b32/rs_cpc/shot_8/M_4/random_group_mean/seed_2/20260518T020551_d2b6b0d0/metrics.json,outputs/preflight/post_run_result/eurosat_remoteclip_vit_b32/full_matrix_20260518T022057Z/cmd_074_rs_cpc_seed2_shot8/eurosat_remoteclip_vit_b32_rs_cpc_seed2/20260518T022238/result_run_preflight_report.json
eurosat,8,8,remoteclip_vit_b32,rs_cpc,rs_cpc_M8_random_group_mean,2,8,random_group_mean,80,1.0,0.737037037037037,0.0,20.427175311371684,528.7074612801558,,metrics.M=8; metadata.M=8; run_dir.M_x=8; command.--M=8; cache_entries/num_classes=8,metrics.prototype_init=random_group_mean; metadata.prototype_init=random_group_mean; run_dir.prototype_init=random_group_mean; command.--prototype-init=random_group_mean,results/raw/eurosat/remoteclip_vit_b32/rs_cpc/shot_8/M_8/random_group_mean/seed_2/20260518T020615_29116958,results/raw/eurosat/remoteclip_vit_b32/rs_cpc/shot_8/M_8/random_group_mean/seed_2/20260518T020615_29116958/metrics.json,outputs/preflight/post_run_result/eurosat_remoteclip_vit_b32/full_matrix_20260518T022057Z/cmd_075_rs_cpc_seed2_shot8/eurosat_remoteclip_vit_b32_rs_cpc_seed2/20260518T022239/result_run_preflight_report.json
eurosat,8,8,remoteclip_vit_b32,rs_cpc,rs_cpc_M1_medoid,2,1,medoid,10,8.0,0.6042592592592593,0.0,6.205402137711644,1740.4190349511657,,metrics.M=1; metadata.M=1; run_dir.M_x=1; command.--M=1; cache_entries/num_classes=1,metrics.prototype_init=medoid; metadata.prototype_init=medoid; run_dir.prototype_init=medoid; command.--prototype-init=medoid,results/raw/eurosat/remoteclip_vit_b32/rs_cpc/shot_8/M_1/medoid/seed_2/20260518T020624_bf94f877,results/raw/eurosat/remoteclip_vit_b32/rs_cpc/shot_8/M_1/medoid/seed_2/20260518T020624_bf94f877/metrics.json,outputs/preflight/post_run_result/eurosat_remoteclip_vit_b32/full_matrix_20260518T022057Z/cmd_076_rs_cpc_seed2_shot8/eurosat_remoteclip_vit_b32_rs_cpc_seed2/20260518T022241/result_run_preflight_report.json
eurosat,8,8,remoteclip_vit_b32,rs_cpc,rs_cpc_M2_medoid,2,2,medoid,20,4.0,0.6140740740740741,0.0,8.179029684513807,1320.4500309430034,,metrics.M=2; metadata.M=2; run_dir.M_x=2; command.--M=2; cache_entries/num_classes=2,metrics.prototype_init=medoid; metadata.prototype_init=medoid; run_dir.prototype_init=medoid; command.--prototype-init=medoid,results/raw/eurosat/remoteclip_vit_b32/rs_cpc/shot_8/M_2/medoid/seed_2/20260518T020635_94d8b8f3,results/raw/eurosat/remoteclip_vit_b32/rs_cpc/shot_8/M_2/medoid/seed_2/20260518T020635_94d8b8f3/metrics.json,outputs/preflight/post_run_result/eurosat_remoteclip_vit_b32/full_matrix_20260518T022057Z/cmd_077_rs_cpc_seed2_shot8/eurosat_remoteclip_vit_b32_rs_cpc_seed2/20260518T022242/result_run_preflight_report.json
eurosat,8,8,remoteclip_vit_b32,rs_cpc,rs_cpc_M4_medoid,2,4,medoid,40,2.0,0.7118518518518518,0.0,12.137011608108878,889.8401310570054,,metrics.M=4; metadata.M=4; run_dir.M_x=4; command.--M=4; cache_entries/num_classes=4,metrics.prototype_init=medoid; metadata.prototype_init=medoid; run_dir.prototype_init=medoid; command.--prototype-init=medoid,results/raw/eurosat/remoteclip_vit_b32/rs_cpc/shot_8/M_4/medoid/seed_2/20260518T020650_b6d8bc89,results/raw/eurosat/remoteclip_vit_b32/rs_cpc/shot_8/M_4/medoid/seed_2/20260518T020650_b6d8bc89/metrics.json,outputs/preflight/post_run_result/eurosat_remoteclip_vit_b32/full_matrix_20260518T022057Z/cmd_078_rs_cpc_seed2_shot8/eurosat_remoteclip_vit_b32_rs_cpc_seed2/20260518T022244/result_run_preflight_report.json
eurosat,8,8,remoteclip_vit_b32,rs_cpc,rs_cpc_M8_medoid,2,8,medoid,80,1.0,0.737037037037037,0.0,20.05881038494408,538.4167751097722,,metrics.M=8; metadata.M=8; run_dir.M_x=8; command.--M=8; cache_entries/num_classes=8,metrics.prototype_init=medoid; metadata.prototype_init=medoid; run_dir.prototype_init=medoid; command.--prototype-init=medoid,results/raw/eurosat/remoteclip_vit_b32/rs_cpc/shot_8/M_8/medoid/seed_2/20260518T020713_ab0fe5af,results/raw/eurosat/remoteclip_vit_b32/rs_cpc/shot_8/M_8/medoid/seed_2/20260518T020713_ab0fe5af/metrics.json,outputs/preflight/post_run_result/eurosat_remoteclip_vit_b32/full_matrix_20260518T022057Z/cmd_079_rs_cpc_seed2_shot8/eurosat_remoteclip_vit_b32_rs_cpc_seed2/20260518T022245/result_run_preflight_report.json
eurosat,16,16,remoteclip_vit_b32,rs_cpc,rs_cpc_M1_mean,2,1,mean,10,16.0,0.7122222222222222,0.0,6.111610239371657,1767.1283961181337,,metrics.M=1; metadata.M=1; run_dir.M_x=1; command.--M=1; cache_entries/num_classes=1,metrics.prototype_init=mean; metadata.prototype_init=mean; run_dir.prototype_init=mean; command.--prototype-init=mean,results/raw/eurosat/remoteclip_vit_b32/rs_cpc/shot_16/M_1/mean/seed_2/20260518T020723_59354275,results/raw/eurosat/remoteclip_vit_b32/rs_cpc/shot_16/M_1/mean/seed_2/20260518T020723_59354275/metrics.json,outputs/preflight/post_run_result/eurosat_remoteclip_vit_b32/full_matrix_20260518T022057Z/cmd_080_rs_cpc_seed2_shot16/eurosat_remoteclip_vit_b32_rs_cpc_seed2/20260518T022246/result_run_preflight_report.json
eurosat,16,16,remoteclip_vit_b32,rs_cpc,rs_cpc_M1_random_group_mean,2,1,random_group_mean,10,16.0,0.7122222222222222,0.0,6.121630420908332,1764.2358746638429,,metrics.M=1; metadata.M=1; run_dir.M_x=1; command.--M=1; cache_entries/num_classes=1,metrics.prototype_init=random_group_mean; metadata.prototype_init=random_group_mean; run_dir.prototype_init=random_group_mean; command.--prototype-init=random_group_mean,results/raw/eurosat/remoteclip_vit_b32/rs_cpc/shot_16/M_1/random_group_mean/seed_2/20260518T020732_578a7e8d,results/raw/eurosat/remoteclip_vit_b32/rs_cpc/shot_16/M_1/random_group_mean/seed_2/20260518T020732_578a7e8d/metrics.json,outputs/preflight/post_run_result/eurosat_remoteclip_vit_b32/full_matrix_20260518T022057Z/cmd_081_rs_cpc_seed2_shot16/eurosat_remoteclip_vit_b32_rs_cpc_seed2/20260518T022248/result_run_preflight_report.json
eurosat,16,16,remoteclip_vit_b32,rs_cpc,rs_cpc_M2_random_group_mean,2,2,random_group_mean,20,8.0,0.7968518518518518,0.0,8.275012709200382,1305.1339471650924,,metrics.M=2; metadata.M=2; run_dir.M_x=2; command.--M=2; cache_entries/num_classes=2,metrics.prototype_init=random_group_mean; metadata.prototype_init=random_group_mean; run_dir.prototype_init=random_group_mean; command.--prototype-init=random_group_mean,results/raw/eurosat/remoteclip_vit_b32/rs_cpc/shot_16/M_2/random_group_mean/seed_2/20260518T020743_75ccbe0a,results/raw/eurosat/remoteclip_vit_b32/rs_cpc/shot_16/M_2/random_group_mean/seed_2/20260518T020743_75ccbe0a/metrics.json,outputs/preflight/post_run_result/eurosat_remoteclip_vit_b32/full_matrix_20260518T022057Z/cmd_082_rs_cpc_seed2_shot16/eurosat_remoteclip_vit_b32_rs_cpc_seed2/20260518T022249/result_run_preflight_report.json
eurosat,16,16,remoteclip_vit_b32,rs_cpc,rs_cpc_M4_random_group_mean,2,4,random_group_mean,40,4.0,0.8131481481481482,0.0,12.508688427507877,863.399873023434,,metrics.M=4; metadata.M=4; run_dir.M_x=4; command.--M=4; cache_entries/num_classes=4,metrics.prototype_init=random_group_mean; metadata.prototype_init=random_group_mean; run_dir.prototype_init=random_group_mean; command.--prototype-init=random_group_mean,results/raw/eurosat/remoteclip_vit_b32/rs_cpc/shot_16/M_4/random_group_mean/seed_2/20260518T020758_0db3d496,results/raw/eurosat/remoteclip_vit_b32/rs_cpc/shot_16/M_4/random_group_mean/seed_2/20260518T020758_0db3d496/metrics.json,outputs/preflight/post_run_result/eurosat_remoteclip_vit_b32/full_matrix_20260518T022057Z/cmd_083_rs_cpc_seed2_shot16/eurosat_remoteclip_vit_b32_rs_cpc_seed2/20260518T022251/result_run_preflight_report.json
eurosat,16,16,remoteclip_vit_b32,rs_cpc,rs_cpc_M8_random_group_mean,2,8,random_group_mean,80,2.0,0.7925925925925926,0.0,20.527763839811087,526.1167307008238,,metrics.M=8; metadata.M=8; run_dir.M_x=8; command.--M=8; cache_entries/num_classes=8,metrics.prototype_init=random_group_mean; metadata.prototype_init=random_group_mean; run_dir.prototype_init=random_group_mean; command.--prototype-init=random_group_mean,results/raw/eurosat/remoteclip_vit_b32/rs_cpc/shot_16/M_8/random_group_mean/seed_2/20260518T020822_005b9ad8,results/raw/eurosat/remoteclip_vit_b32/rs_cpc/shot_16/M_8/random_group_mean/seed_2/20260518T020822_005b9ad8/metrics.json,outputs/preflight/post_run_result/eurosat_remoteclip_vit_b32/full_matrix_20260518T022057Z/cmd_084_rs_cpc_seed2_shot16/eurosat_remoteclip_vit_b32_rs_cpc_seed2/20260518T022252/result_run_preflight_report.json
eurosat,16,16,remoteclip_vit_b32,rs_cpc,rs_cpc_M1_medoid,2,1,medoid,10,16.0,0.687962962962963,0.0,6.227100133895874,1734.3546382388383,,metrics.M=1; metadata.M=1; run_dir.M_x=1; command.--M=1; cache_entries/num_classes=1,metrics.prototype_init=medoid; metadata.prototype_init=medoid; run_dir.prototype_init=medoid; command.--prototype-init=medoid,results/raw/eurosat/remoteclip_vit_b32/rs_cpc/shot_16/M_1/medoid/seed_2/20260518T020831_eb931f27,results/raw/eurosat/remoteclip_vit_b32/rs_cpc/shot_16/M_1/medoid/seed_2/20260518T020831_eb931f27/metrics.json,outputs/preflight/post_run_result/eurosat_remoteclip_vit_b32/full_matrix_20260518T022057Z/cmd_085_rs_cpc_seed2_shot16/eurosat_remoteclip_vit_b32_rs_cpc_seed2/20260518T022253/result_run_preflight_report.json
eurosat,16,16,remoteclip_vit_b32,rs_cpc,rs_cpc_M2_medoid,2,2,medoid,20,8.0,0.6681481481481482,0.0,8.139452220872045,1326.8706181855207,,metrics.M=2; metadata.M=2; run_dir.M_x=2; command.--M=2; cache_entries/num_classes=2,metrics.prototype_init=medoid; metadata.prototype_init=medoid; run_dir.prototype_init=medoid; command.--prototype-init=medoid,results/raw/eurosat/remoteclip_vit_b32/rs_cpc/shot_16/M_2/medoid/seed_2/20260518T020842_0025c166,results/raw/eurosat/remoteclip_vit_b32/rs_cpc/shot_16/M_2/medoid/seed_2/20260518T020842_0025c166/metrics.json,outputs/preflight/post_run_result/eurosat_remoteclip_vit_b32/full_matrix_20260518T022057Z/cmd_086_rs_cpc_seed2_shot16/eurosat_remoteclip_vit_b32_rs_cpc_seed2/20260518T022255/result_run_preflight_report.json
eurosat,16,16,remoteclip_vit_b32,rs_cpc,rs_cpc_M4_medoid,2,4,medoid,40,4.0,0.7455555555555555,0.0,12.108827924355865,891.9112623837631,,metrics.M=4; metadata.M=4; run_dir.M_x=4; command.--M=4; cache_entries/num_classes=4,metrics.prototype_init=medoid; metadata.prototype_init=medoid; run_dir.prototype_init=medoid; command.--prototype-init=medoid,results/raw/eurosat/remoteclip_vit_b32/rs_cpc/shot_16/M_4/medoid/seed_2/20260518T020857_df7c34e2,results/raw/eurosat/remoteclip_vit_b32/rs_cpc/shot_16/M_4/medoid/seed_2/20260518T020857_df7c34e2/metrics.json,outputs/preflight/post_run_result/eurosat_remoteclip_vit_b32/full_matrix_20260518T022057Z/cmd_087_rs_cpc_seed2_shot16/eurosat_remoteclip_vit_b32_rs_cpc_seed2/20260518T022256/result_run_preflight_report.json
eurosat,16,16,remoteclip_vit_b32,rs_cpc,rs_cpc_M8_medoid,2,8,medoid,80,2.0,0.742037037037037,0.0,20.03958085924387,538.9334275930312,,metrics.M=8; metadata.M=8; run_dir.M_x=8; command.--M=8; cache_entries/num_classes=8,metrics.prototype_init=medoid; metadata.prototype_init=medoid; run_dir.prototype_init=medoid; command.--prototype-init=medoid,results/raw/eurosat/remoteclip_vit_b32/rs_cpc/shot_16/M_8/medoid/seed_2/20260518T020920_655db868,results/raw/eurosat/remoteclip_vit_b32/rs_cpc/shot_16/M_8/medoid/seed_2/20260518T020920_655db868/metrics.json,outputs/preflight/post_run_result/eurosat_remoteclip_vit_b32/full_matrix_20260518T022057Z/cmd_088_rs_cpc_seed2_shot16/eurosat_remoteclip_vit_b32_rs_cpc_seed2/20260518T022257/result_run_preflight_report.json
eurosat,1,1,remoteclip_vit_b32,rs_cpc,rs_cpc_M1_mean,3,1,mean,10,1.0,0.5983333333333334,0.0,6.171645572409034,1749.9384683207495,,metrics.M=1; metadata.M=1; run_dir.M_x=1; command.--M=1; cache_entries/num_classes=1,metrics.prototype_init=mean; metadata.prototype_init=mean; run_dir.prototype_init=mean; command.--prototype-init=mean,results/raw/eurosat/remoteclip_vit_b32/rs_cpc/shot_1/M_1/mean/seed_3/20260518T021159_a2b1366d,results/raw/eurosat/remoteclip_vit_b32/rs_cpc/shot_1/M_1/mean/seed_3/20260518T021159_a2b1366d/metrics.json,outputs/preflight/post_run_result/eurosat_remoteclip_vit_b32/full_matrix_20260518T022057Z/cmd_100_rs_cpc_seed3_shot1/eurosat_remoteclip_vit_b32_rs_cpc_seed3/20260518T022314/result_run_preflight_report.json
eurosat,1,1,remoteclip_vit_b32,rs_cpc,rs_cpc_M1_random_group_mean,3,1,random_group_mean,10,1.0,0.5983333333333334,0.0,6.1302622351795435,1761.7517139841716,,metrics.M=1; metadata.M=1; run_dir.M_x=1; command.--M=1; cache_entries/num_classes=1,metrics.prototype_init=random_group_mean; metadata.prototype_init=random_group_mean; run_dir.prototype_init=random_group_mean; command.--prototype-init=random_group_mean,results/raw/eurosat/remoteclip_vit_b32/rs_cpc/shot_1/M_1/random_group_mean/seed_3/20260518T021209_5b3c2946,results/raw/eurosat/remoteclip_vit_b32/rs_cpc/shot_1/M_1/random_group_mean/seed_3/20260518T021209_5b3c2946/metrics.json,outputs/preflight/post_run_result/eurosat_remoteclip_vit_b32/full_matrix_20260518T022057Z/cmd_101_rs_cpc_seed3_shot1/eurosat_remoteclip_vit_b32_rs_cpc_seed3/20260518T022315/result_run_preflight_report.json
eurosat,1,1,remoteclip_vit_b32,rs_cpc,rs_cpc_M1_medoid,3,1,medoid,10,1.0,0.5983333333333334,0.0,6.240019841119647,1730.7637275175964,,metrics.M=1; metadata.M=1; run_dir.M_x=1; command.--M=1; cache_entries/num_classes=1,metrics.prototype_init=medoid; metadata.prototype_init=medoid; run_dir.prototype_init=medoid; command.--prototype-init=medoid,results/raw/eurosat/remoteclip_vit_b32/rs_cpc/shot_1/M_1/medoid/seed_3/20260518T021218_0d732748,results/raw/eurosat/remoteclip_vit_b32/rs_cpc/shot_1/M_1/medoid/seed_3/20260518T021218_0d732748/metrics.json,outputs/preflight/post_run_result/eurosat_remoteclip_vit_b32/full_matrix_20260518T022057Z/cmd_102_rs_cpc_seed3_shot1/eurosat_remoteclip_vit_b32_rs_cpc_seed3/20260518T022316/result_run_preflight_report.json
eurosat,2,2,remoteclip_vit_b32,rs_cpc,rs_cpc_M1_mean,3,1,mean,10,2.0,0.6322222222222222,0.0,6.376768201589584,1693.6478884880594,,metrics.M=1; metadata.M=1; run_dir.M_x=1; command.--M=1; cache_entries/num_classes=1,metrics.prototype_init=mean; metadata.prototype_init=mean; run_dir.prototype_init=mean; command.--prototype-init=mean,results/raw/eurosat/remoteclip_vit_b32/rs_cpc/shot_2/M_1/mean/seed_3/20260518T021227_eb2553ae,results/raw/eurosat/remoteclip_vit_b32/rs_cpc/shot_2/M_1/mean/seed_3/20260518T021227_eb2553ae/metrics.json,outputs/preflight/post_run_result/eurosat_remoteclip_vit_b32/full_matrix_20260518T022057Z/cmd_103_rs_cpc_seed3_shot2/eurosat_remoteclip_vit_b32_rs_cpc_seed3/20260518T022318/result_run_preflight_report.json
eurosat,2,2,remoteclip_vit_b32,rs_cpc,rs_cpc_M1_random_group_mean,3,1,random_group_mean,10,2.0,0.6322222222222222,0.0,6.259022234007716,1725.5091284576968,,metrics.M=1; metadata.M=1; run_dir.M_x=1; command.--M=1; cache_entries/num_classes=1,metrics.prototype_init=random_group_mean; metadata.prototype_init=random_group_mean; run_dir.prototype_init=random_group_mean; command.--prototype-init=random_group_mean,results/raw/eurosat/remoteclip_vit_b32/rs_cpc/shot_2/M_1/random_group_mean/seed_3/20260518T021236_7fb78670,results/raw/eurosat/remoteclip_vit_b32/rs_cpc/shot_2/M_1/random_group_mean/seed_3/20260518T021236_7fb78670/metrics.json,outputs/preflight/post_run_result/eurosat_remoteclip_vit_b32/full_matrix_20260518T022057Z/cmd_104_rs_cpc_seed3_shot2/eurosat_remoteclip_vit_b32_rs_cpc_seed3/20260518T022319/result_run_preflight_report.json
eurosat,2,2,remoteclip_vit_b32,rs_cpc,rs_cpc_M2_random_group_mean,3,2,random_group_mean,20,1.0,0.6661111111111111,0.0,8.26575756445527,1306.595301856248,,metrics.M=2; metadata.M=2; run_dir.M_x=2; command.--M=2; cache_entries/num_classes=2,metrics.prototype_init=random_group_mean; metadata.prototype_init=random_group_mean; run_dir.prototype_init=random_group_mean; command.--prototype-init=random_group_mean,results/raw/eurosat/remoteclip_vit_b32/rs_cpc/shot_2/M_2/random_group_mean/seed_3/20260518T021248_b85c2886,results/raw/eurosat/remoteclip_vit_b32/rs_cpc/shot_2/M_2/random_group_mean/seed_3/20260518T021248_b85c2886/metrics.json,outputs/preflight/post_run_result/eurosat_remoteclip_vit_b32/full_matrix_20260518T022057Z/cmd_105_rs_cpc_seed3_shot2/eurosat_remoteclip_vit_b32_rs_cpc_seed3/20260518T022321/result_run_preflight_report.json
eurosat,2,2,remoteclip_vit_b32,rs_cpc,rs_cpc_M1_medoid,3,1,medoid,10,2.0,0.47944444444444445,0.0,6.174509385600686,1749.126825393808,,metrics.M=1; metadata.M=1; run_dir.M_x=1; command.--M=1; cache_entries/num_classes=1,metrics.prototype_init=medoid; metadata.prototype_init=medoid; run_dir.prototype_init=medoid; command.--prototype-init=medoid,results/raw/eurosat/remoteclip_vit_b32/rs_cpc/shot_2/M_1/medoid/seed_3/20260518T021257_0da50067,results/raw/eurosat/remoteclip_vit_b32/rs_cpc/shot_2/M_1/medoid/seed_3/20260518T021257_0da50067/metrics.json,outputs/preflight/post_run_result/eurosat_remoteclip_vit_b32/full_matrix_20260518T022057Z/cmd_106_rs_cpc_seed3_shot2/eurosat_remoteclip_vit_b32_rs_cpc_seed3/20260518T022322/result_run_preflight_report.json
eurosat,2,2,remoteclip_vit_b32,rs_cpc,rs_cpc_M2_medoid,3,2,medoid,20,1.0,0.6661111111111111,0.0,8.285837491974235,1303.4288942380315,,metrics.M=2; metadata.M=2; run_dir.M_x=2; command.--M=2; cache_entries/num_classes=2,metrics.prototype_init=medoid; metadata.prototype_init=medoid; run_dir.prototype_init=medoid; command.--prototype-init=medoid,results/raw/eurosat/remoteclip_vit_b32/rs_cpc/shot_2/M_2/medoid/seed_3/20260518T021308_9a9d1c23,results/raw/eurosat/remoteclip_vit_b32/rs_cpc/shot_2/M_2/medoid/seed_3/20260518T021308_9a9d1c23/metrics.json,outputs/preflight/post_run_result/eurosat_remoteclip_vit_b32/full_matrix_20260518T022057Z/cmd_107_rs_cpc_seed3_shot2/eurosat_remoteclip_vit_b32_rs_cpc_seed3/20260518T022323/result_run_preflight_report.json
eurosat,4,4,remoteclip_vit_b32,rs_cpc,rs_cpc_M1_mean,3,1,mean,10,4.0,0.6688888888888889,0.0,6.084008410573006,1775.1454750179794,,metrics.M=1; metadata.M=1; run_dir.M_x=1; command.--M=1; cache_entries/num_classes=1,metrics.prototype_init=mean; metadata.prototype_init=mean; run_dir.prototype_init=mean; command.--prototype-init=mean,results/raw/eurosat/remoteclip_vit_b32/rs_cpc/shot_4/M_1/mean/seed_3/20260518T021317_9794ce67,results/raw/eurosat/remoteclip_vit_b32/rs_cpc/shot_4/M_1/mean/seed_3/20260518T021317_9794ce67/metrics.json,outputs/preflight/post_run_result/eurosat_remoteclip_vit_b32/full_matrix_20260518T022057Z/cmd_108_rs_cpc_seed3_shot4/eurosat_remoteclip_vit_b32_rs_cpc_seed3/20260518T022325/result_run_preflight_report.json
eurosat,4,4,remoteclip_vit_b32,rs_cpc,rs_cpc_M1_random_group_mean,3,1,random_group_mean,10,4.0,0.6688888888888889,0.0,6.128333343192935,1762.3062250678863,,metrics.M=1; metadata.M=1; run_dir.M_x=1; command.--M=1; cache_entries/num_classes=1,metrics.prototype_init=random_group_mean; metadata.prototype_init=random_group_mean; run_dir.prototype_init=random_group_mean; command.--prototype-init=random_group_mean,results/raw/eurosat/remoteclip_vit_b32/rs_cpc/shot_4/M_1/random_group_mean/seed_3/20260518T021326_72d78476,results/raw/eurosat/remoteclip_vit_b32/rs_cpc/shot_4/M_1/random_group_mean/seed_3/20260518T021326_72d78476/metrics.json,outputs/preflight/post_run_result/eurosat_remoteclip_vit_b32/full_matrix_20260518T022057Z/cmd_109_rs_cpc_seed3_shot4/eurosat_remoteclip_vit_b32_rs_cpc_seed3/20260518T022326/result_run_preflight_report.json
eurosat,4,4,remoteclip_vit_b32,rs_cpc,rs_cpc_M2_random_group_mean,3,2,random_group_mean,20,2.0,0.697962962962963,0.0,8.329835258424282,1296.5442490687371,,metrics.M=2; metadata.M=2; run_dir.M_x=2; command.--M=2; cache_entries/num_classes=2,metrics.prototype_init=random_group_mean; metadata.prototype_init=random_group_mean; run_dir.prototype_init=random_group_mean; command.--prototype-init=random_group_mean,results/raw/eurosat/remoteclip_vit_b32/rs_cpc/shot_4/M_2/random_group_mean/seed_3/20260518T021338_d0215484,results/raw/eurosat/remoteclip_vit_b32/rs_cpc/shot_4/M_2/random_group_mean/seed_3/20260518T021338_d0215484/metrics.json,outputs/preflight/post_run_result/eurosat_remoteclip_vit_b32/full_matrix_20260518T022057Z/cmd_110_rs_cpc_seed3_shot4/eurosat_remoteclip_vit_b32_rs_cpc_seed3/20260518T022327/result_run_preflight_report.json
eurosat,4,4,remoteclip_vit_b32,rs_cpc,rs_cpc_M4_random_group_mean,3,4,random_group_mean,40,1.0,0.6851851851851852,0.0,12.298712097108364,878.1407284539381,,metrics.M=4; metadata.M=4; run_dir.M_x=4; command.--M=4; cache_entries/num_classes=4,metrics.prototype_init=random_group_mean; metadata.prototype_init=random_group_mean; run_dir.prototype_init=random_group_mean; command.--prototype-init=random_group_mean,results/raw/eurosat/remoteclip_vit_b32/rs_cpc/shot_4/M_4/random_group_mean/seed_3/20260518T021353_df0790fc,results/raw/eurosat/remoteclip_vit_b32/rs_cpc/shot_4/M_4/random_group_mean/seed_3/20260518T021353_df0790fc/metrics.json,outputs/preflight/post_run_result/eurosat_remoteclip_vit_b32/full_matrix_20260518T022057Z/cmd_111_rs_cpc_seed3_shot4/eurosat_remoteclip_vit_b32_rs_cpc_seed3/20260518T022329/result_run_preflight_report.json
eurosat,4,4,remoteclip_vit_b32,rs_cpc,rs_cpc_M1_medoid,3,1,medoid,10,4.0,0.5807407407407408,0.0,6.307810148224235,1712.1631352586603,,metrics.M=1; metadata.M=1; run_dir.M_x=1; command.--M=1; cache_entries/num_classes=1,metrics.prototype_init=medoid; metadata.prototype_init=medoid; run_dir.prototype_init=medoid; command.--prototype-init=medoid,results/raw/eurosat/remoteclip_vit_b32/rs_cpc/shot_4/M_1/medoid/seed_3/20260518T021402_d87c27bf,results/raw/eurosat/remoteclip_vit_b32/rs_cpc/shot_4/M_1/medoid/seed_3/20260518T021402_d87c27bf/metrics.json,outputs/preflight/post_run_result/eurosat_remoteclip_vit_b32/full_matrix_20260518T022057Z/cmd_112_rs_cpc_seed3_shot4/eurosat_remoteclip_vit_b32_rs_cpc_seed3/20260518T022330/result_run_preflight_report.json
eurosat,4,4,remoteclip_vit_b32,rs_cpc,rs_cpc_M2_medoid,3,2,medoid,20,2.0,0.7248148148148148,0.0,8.367244644090533,1290.7474873018837,,metrics.M=2; metadata.M=2; run_dir.M_x=2; command.--M=2; cache_entries/num_classes=2,metrics.prototype_init=medoid; metadata.prototype_init=medoid; run_dir.prototype_init=medoid; command.--prototype-init=medoid,results/raw/eurosat/remoteclip_vit_b32/rs_cpc/shot_4/M_2/medoid/seed_3/20260518T021414_4dab192d,results/raw/eurosat/remoteclip_vit_b32/rs_cpc/shot_4/M_2/medoid/seed_3/20260518T021414_4dab192d/metrics.json,outputs/preflight/post_run_result/eurosat_remoteclip_vit_b32/full_matrix_20260518T022057Z/cmd_113_rs_cpc_seed3_shot4/eurosat_remoteclip_vit_b32_rs_cpc_seed3/20260518T022331/result_run_preflight_report.json
eurosat,4,4,remoteclip_vit_b32,rs_cpc,rs_cpc_M4_medoid,3,4,medoid,40,1.0,0.6851851851851852,0.0,12.221868820488453,883.6619144443061,,metrics.M=4; metadata.M=4; run_dir.M_x=4; command.--M=4; cache_entries/num_classes=4,metrics.prototype_init=medoid; metadata.prototype_init=medoid; run_dir.prototype_init=medoid; command.--prototype-init=medoid,results/raw/eurosat/remoteclip_vit_b32/rs_cpc/shot_4/M_4/medoid/seed_3/20260518T021429_f6b4881a,results/raw/eurosat/remoteclip_vit_b32/rs_cpc/shot_4/M_4/medoid/seed_3/20260518T021429_f6b4881a/metrics.json,outputs/preflight/post_run_result/eurosat_remoteclip_vit_b32/full_matrix_20260518T022057Z/cmd_114_rs_cpc_seed3_shot4/eurosat_remoteclip_vit_b32_rs_cpc_seed3/20260518T022333/result_run_preflight_report.json
eurosat,8,8,remoteclip_vit_b32,rs_cpc,rs_cpc_M1_mean,3,1,mean,10,8.0,0.7196296296296296,0.0,6.336846124380827,1704.3178559200485,,metrics.M=1; metadata.M=1; run_dir.M_x=1; command.--M=1; cache_entries/num_classes=1,metrics.prototype_init=mean; metadata.prototype_init=mean; run_dir.prototype_init=mean; command.--prototype-init=mean,results/raw/eurosat/remoteclip_vit_b32/rs_cpc/shot_8/M_1/mean/seed_3/20260518T021438_b4d5fd68,results/raw/eurosat/remoteclip_vit_b32/rs_cpc/shot_8/M_1/mean/seed_3/20260518T021438_b4d5fd68/metrics.json,outputs/preflight/post_run_result/eurosat_remoteclip_vit_b32/full_matrix_20260518T022057Z/cmd_115_rs_cpc_seed3_shot8/eurosat_remoteclip_vit_b32_rs_cpc_seed3/20260518T022334/result_run_preflight_report.json
eurosat,8,8,remoteclip_vit_b32,rs_cpc,rs_cpc_M1_random_group_mean,3,1,random_group_mean,10,8.0,0.7196296296296296,0.0,6.22559324465692,1734.7744344314556,,metrics.M=1; metadata.M=1; run_dir.M_x=1; command.--M=1; cache_entries/num_classes=1,metrics.prototype_init=random_group_mean; metadata.prototype_init=random_group_mean; run_dir.prototype_init=random_group_mean; command.--prototype-init=random_group_mean,results/raw/eurosat/remoteclip_vit_b32/rs_cpc/shot_8/M_1/random_group_mean/seed_3/20260518T021447_de4a2faf,results/raw/eurosat/remoteclip_vit_b32/rs_cpc/shot_8/M_1/random_group_mean/seed_3/20260518T021447_de4a2faf/metrics.json,outputs/preflight/post_run_result/eurosat_remoteclip_vit_b32/full_matrix_20260518T022057Z/cmd_116_rs_cpc_seed3_shot8/eurosat_remoteclip_vit_b32_rs_cpc_seed3/20260518T022335/result_run_preflight_report.json
eurosat,8,8,remoteclip_vit_b32,rs_cpc,rs_cpc_M2_random_group_mean,3,2,random_group_mean,20,4.0,0.7620370370370371,0.0,8.254856051877141,1308.3208153029025,,metrics.M=2; metadata.M=2; run_dir.M_x=2; command.--M=2; cache_entries/num_classes=2,metrics.prototype_init=random_group_mean; metadata.prototype_init=random_group_mean; run_dir.prototype_init=random_group_mean; command.--prototype-init=random_group_mean,results/raw/eurosat/remoteclip_vit_b32/rs_cpc/shot_8/M_2/random_group_mean/seed_3/20260518T021458_bac0b5a5,results/raw/eurosat/remoteclip_vit_b32/rs_cpc/shot_8/M_2/random_group_mean/seed_3/20260518T021458_bac0b5a5/metrics.json,outputs/preflight/post_run_result/eurosat_remoteclip_vit_b32/full_matrix_20260518T022057Z/cmd_117_rs_cpc_seed3_shot8/eurosat_remoteclip_vit_b32_rs_cpc_seed3/20260518T022337/result_run_preflight_report.json
eurosat,8,8,remoteclip_vit_b32,rs_cpc,rs_cpc_M4_random_group_mean,3,4,random_group_mean,40,2.0,0.7462962962962963,0.0,12.135863056406379,889.9243465258787,,metrics.M=4; metadata.M=4; run_dir.M_x=4; command.--M=4; cache_entries/num_classes=4,metrics.prototype_init=random_group_mean; metadata.prototype_init=random_group_mean; run_dir.prototype_init=random_group_mean; command.--prototype-init=random_group_mean,results/raw/eurosat/remoteclip_vit_b32/rs_cpc/shot_8/M_4/random_group_mean/seed_3/20260518T021514_bc427936,results/raw/eurosat/remoteclip_vit_b32/rs_cpc/shot_8/M_4/random_group_mean/seed_3/20260518T021514_bc427936/metrics.json,outputs/preflight/post_run_result/eurosat_remoteclip_vit_b32/full_matrix_20260518T022057Z/cmd_118_rs_cpc_seed3_shot8/eurosat_remoteclip_vit_b32_rs_cpc_seed3/20260518T022338/result_run_preflight_report.json
eurosat,8,8,remoteclip_vit_b32,rs_cpc,rs_cpc_M8_random_group_mean,3,8,random_group_mean,80,1.0,0.722037037037037,0.0,20.390581181272864,529.6563106263467,,metrics.M=8; metadata.M=8; run_dir.M_x=8; command.--M=8; cache_entries/num_classes=8,metrics.prototype_init=random_group_mean; metadata.prototype_init=random_group_mean; run_dir.prototype_init=random_group_mean; command.--prototype-init=random_group_mean,results/raw/eurosat/remoteclip_vit_b32/rs_cpc/shot_8/M_8/random_group_mean/seed_3/20260518T021537_2fa597b4,results/raw/eurosat/remoteclip_vit_b32/rs_cpc/shot_8/M_8/random_group_mean/seed_3/20260518T021537_2fa597b4/metrics.json,outputs/preflight/post_run_result/eurosat_remoteclip_vit_b32/full_matrix_20260518T022057Z/cmd_119_rs_cpc_seed3_shot8/eurosat_remoteclip_vit_b32_rs_cpc_seed3/20260518T022340/result_run_preflight_report.json
eurosat,8,8,remoteclip_vit_b32,rs_cpc,rs_cpc_M1_medoid,3,1,medoid,10,8.0,0.6825925925925926,0.0,6.261625602841377,1724.7917210347448,,metrics.M=1; metadata.M=1; run_dir.M_x=1; command.--M=1; cache_entries/num_classes=1,metrics.prototype_init=medoid; metadata.prototype_init=medoid; run_dir.prototype_init=medoid; command.--prototype-init=medoid,results/raw/eurosat/remoteclip_vit_b32/rs_cpc/shot_8/M_1/medoid/seed_3/20260518T021546_05152b12,results/raw/eurosat/remoteclip_vit_b32/rs_cpc/shot_8/M_1/medoid/seed_3/20260518T021546_05152b12/metrics.json,outputs/preflight/post_run_result/eurosat_remoteclip_vit_b32/full_matrix_20260518T022057Z/cmd_120_rs_cpc_seed3_shot8/eurosat_remoteclip_vit_b32_rs_cpc_seed3/20260518T022341/result_run_preflight_report.json
eurosat,8,8,remoteclip_vit_b32,rs_cpc,rs_cpc_M2_medoid,3,2,medoid,20,4.0,0.692962962962963,0.0,8.142413912340999,1326.3879871828976,,metrics.M=2; metadata.M=2; run_dir.M_x=2; command.--M=2; cache_entries/num_classes=2,metrics.prototype_init=medoid; metadata.prototype_init=medoid; run_dir.prototype_init=medoid; command.--prototype-init=medoid,results/raw/eurosat/remoteclip_vit_b32/rs_cpc/shot_8/M_2/medoid/seed_3/20260518T021557_001618d6,results/raw/eurosat/remoteclip_vit_b32/rs_cpc/shot_8/M_2/medoid/seed_3/20260518T021557_001618d6/metrics.json,outputs/preflight/post_run_result/eurosat_remoteclip_vit_b32/full_matrix_20260518T022057Z/cmd_121_rs_cpc_seed3_shot8/eurosat_remoteclip_vit_b32_rs_cpc_seed3/20260518T022342/result_run_preflight_report.json
eurosat,8,8,remoteclip_vit_b32,rs_cpc,rs_cpc_M4_medoid,3,4,medoid,40,2.0,0.7392592592592593,0.0,12.216230399906635,884.0697700071653,,metrics.M=4; metadata.M=4; run_dir.M_x=4; command.--M=4; cache_entries/num_classes=4,metrics.prototype_init=medoid; metadata.prototype_init=medoid; run_dir.prototype_init=medoid; command.--prototype-init=medoid,results/raw/eurosat/remoteclip_vit_b32/rs_cpc/shot_8/M_4/medoid/seed_3/20260518T021612_120131c8,results/raw/eurosat/remoteclip_vit_b32/rs_cpc/shot_8/M_4/medoid/seed_3/20260518T021612_120131c8/metrics.json,outputs/preflight/post_run_result/eurosat_remoteclip_vit_b32/full_matrix_20260518T022057Z/cmd_122_rs_cpc_seed3_shot8/eurosat_remoteclip_vit_b32_rs_cpc_seed3/20260518T022344/result_run_preflight_report.json
eurosat,8,8,remoteclip_vit_b32,rs_cpc,rs_cpc_M8_medoid,3,8,medoid,80,1.0,0.722037037037037,0.0,20.769684430211782,519.9886419213099,,metrics.M=8; metadata.M=8; run_dir.M_x=8; command.--M=8; cache_entries/num_classes=8,metrics.prototype_init=medoid; metadata.prototype_init=medoid; run_dir.prototype_init=medoid; command.--prototype-init=medoid,results/raw/eurosat/remoteclip_vit_b32/rs_cpc/shot_8/M_8/medoid/seed_3/20260518T021636_8ee85c76,results/raw/eurosat/remoteclip_vit_b32/rs_cpc/shot_8/M_8/medoid/seed_3/20260518T021636_8ee85c76/metrics.json,outputs/preflight/post_run_result/eurosat_remoteclip_vit_b32/full_matrix_20260518T022057Z/cmd_123_rs_cpc_seed3_shot8/eurosat_remoteclip_vit_b32_rs_cpc_seed3/20260518T022345/result_run_preflight_report.json
eurosat,16,16,remoteclip_vit_b32,rs_cpc,rs_cpc_M1_mean,3,1,mean,10,16.0,0.7329629629629629,0.0,6.394393909722567,1688.9794642739766,,metrics.M=1; metadata.M=1; run_dir.M_x=1; command.--M=1; cache_entries/num_classes=1,metrics.prototype_init=mean; metadata.prototype_init=mean; run_dir.prototype_init=mean; command.--prototype-init=mean,results/raw/eurosat/remoteclip_vit_b32/rs_cpc/shot_16/M_1/mean/seed_3/20260518T021646_43ac3fea,results/raw/eurosat/remoteclip_vit_b32/rs_cpc/shot_16/M_1/mean/seed_3/20260518T021646_43ac3fea/metrics.json,outputs/preflight/post_run_result/eurosat_remoteclip_vit_b32/full_matrix_20260518T022057Z/cmd_124_rs_cpc_seed3_shot16/eurosat_remoteclip_vit_b32_rs_cpc_seed3/20260518T022346/result_run_preflight_report.json
eurosat,16,16,remoteclip_vit_b32,rs_cpc,rs_cpc_M1_random_group_mean,3,1,random_group_mean,10,16.0,0.7329629629629629,0.0,6.21103628911078,1738.8402671120461,,metrics.M=1; metadata.M=1; run_dir.M_x=1; command.--M=1; cache_entries/num_classes=1,metrics.prototype_init=random_group_mean; metadata.prototype_init=random_group_mean; run_dir.prototype_init=random_group_mean; command.--prototype-init=random_group_mean,results/raw/eurosat/remoteclip_vit_b32/rs_cpc/shot_16/M_1/random_group_mean/seed_3/20260518T021655_09837043,results/raw/eurosat/remoteclip_vit_b32/rs_cpc/shot_16/M_1/random_group_mean/seed_3/20260518T021655_09837043/metrics.json,outputs/preflight/post_run_result/eurosat_remoteclip_vit_b32/full_matrix_20260518T022057Z/cmd_125_rs_cpc_seed3_shot16/eurosat_remoteclip_vit_b32_rs_cpc_seed3/20260518T022348/result_run_preflight_report.json
eurosat,16,16,remoteclip_vit_b32,rs_cpc,rs_cpc_M2_random_group_mean,3,2,random_group_mean,20,8.0,0.8211111111111111,0.0,8.195046892389655,1317.8692131742941,,metrics.M=2; metadata.M=2; run_dir.M_x=2; command.--M=2; cache_entries/num_classes=2,metrics.prototype_init=random_group_mean; metadata.prototype_init=random_group_mean; run_dir.prototype_init=random_group_mean; command.--prototype-init=random_group_mean,results/raw/eurosat/remoteclip_vit_b32/rs_cpc/shot_16/M_2/random_group_mean/seed_3/20260518T021706_835330c5,results/raw/eurosat/remoteclip_vit_b32/rs_cpc/shot_16/M_2/random_group_mean/seed_3/20260518T021706_835330c5/metrics.json,outputs/preflight/post_run_result/eurosat_remoteclip_vit_b32/full_matrix_20260518T022057Z/cmd_126_rs_cpc_seed3_shot16/eurosat_remoteclip_vit_b32_rs_cpc_seed3/20260518T022349/result_run_preflight_report.json
eurosat,16,16,remoteclip_vit_b32,rs_cpc,rs_cpc_M4_random_group_mean,3,4,random_group_mean,40,4.0,0.8353703703703703,0.0,12.168130949139595,887.5644127386437,,metrics.M=4; metadata.M=4; run_dir.M_x=4; command.--M=4; cache_entries/num_classes=4,metrics.prototype_init=random_group_mean; metadata.prototype_init=random_group_mean; run_dir.prototype_init=random_group_mean; command.--prototype-init=random_group_mean,results/raw/eurosat/remoteclip_vit_b32/rs_cpc/shot_16/M_4/random_group_mean/seed_3/20260518T021721_40f22602,results/raw/eurosat/remoteclip_vit_b32/rs_cpc/shot_16/M_4/random_group_mean/seed_3/20260518T021721_40f22602/metrics.json,outputs/preflight/post_run_result/eurosat_remoteclip_vit_b32/full_matrix_20260518T022057Z/cmd_127_rs_cpc_seed3_shot16/eurosat_remoteclip_vit_b32_rs_cpc_seed3/20260518T022351/result_run_preflight_report.json
eurosat,16,16,remoteclip_vit_b32,rs_cpc,rs_cpc_M8_random_group_mean,3,8,random_group_mean,80,2.0,0.8194444444444444,0.0,20.092235462740064,537.5210747469091,,metrics.M=8; metadata.M=8; run_dir.M_x=8; command.--M=8; cache_entries/num_classes=8,metrics.prototype_init=random_group_mean; metadata.prototype_init=random_group_mean; run_dir.prototype_init=random_group_mean; command.--prototype-init=random_group_mean,results/raw/eurosat/remoteclip_vit_b32/rs_cpc/shot_16/M_8/random_group_mean/seed_3/20260518T021744_ec9b8125,results/raw/eurosat/remoteclip_vit_b32/rs_cpc/shot_16/M_8/random_group_mean/seed_3/20260518T021744_ec9b8125/metrics.json,outputs/preflight/post_run_result/eurosat_remoteclip_vit_b32/full_matrix_20260518T022057Z/cmd_128_rs_cpc_seed3_shot16/eurosat_remoteclip_vit_b32_rs_cpc_seed3/20260518T022352/result_run_preflight_report.json
eurosat,16,16,remoteclip_vit_b32,rs_cpc,rs_cpc_M1_medoid,3,1,medoid,10,16.0,0.6924074074074074,0.0,6.1091056782752275,1767.852868940572,,metrics.M=1; metadata.M=1; run_dir.M_x=1; command.--M=1; cache_entries/num_classes=1,metrics.prototype_init=medoid; metadata.prototype_init=medoid; run_dir.prototype_init=medoid; command.--prototype-init=medoid,results/raw/eurosat/remoteclip_vit_b32/rs_cpc/shot_16/M_1/medoid/seed_3/20260518T021753_8e34718e,results/raw/eurosat/remoteclip_vit_b32/rs_cpc/shot_16/M_1/medoid/seed_3/20260518T021753_8e34718e/metrics.json,outputs/preflight/post_run_result/eurosat_remoteclip_vit_b32/full_matrix_20260518T022057Z/cmd_129_rs_cpc_seed3_shot16/eurosat_remoteclip_vit_b32_rs_cpc_seed3/20260518T022353/result_run_preflight_report.json
eurosat,16,16,remoteclip_vit_b32,rs_cpc,rs_cpc_M2_medoid,3,2,medoid,20,8.0,0.6242592592592593,0.0,8.191331803798676,1318.4669182844689,,metrics.M=2; metadata.M=2; run_dir.M_x=2; command.--M=2; cache_entries/num_classes=2,metrics.prototype_init=medoid; metadata.prototype_init=medoid; run_dir.prototype_init=medoid; command.--prototype-init=medoid,results/raw/eurosat/remoteclip_vit_b32/rs_cpc/shot_16/M_2/medoid/seed_3/20260518T021804_b4afd544,results/raw/eurosat/remoteclip_vit_b32/rs_cpc/shot_16/M_2/medoid/seed_3/20260518T021804_b4afd544/metrics.json,outputs/preflight/post_run_result/eurosat_remoteclip_vit_b32/full_matrix_20260518T022057Z/cmd_130_rs_cpc_seed3_shot16/eurosat_remoteclip_vit_b32_rs_cpc_seed3/20260518T022355/result_run_preflight_report.json
eurosat,16,16,remoteclip_vit_b32,rs_cpc,rs_cpc_M4_medoid,3,4,medoid,40,4.0,0.707037037037037,0.0,12.293056124821305,878.5447565144824,,metrics.M=4; metadata.M=4; run_dir.M_x=4; command.--M=4; cache_entries/num_classes=4,metrics.prototype_init=medoid; metadata.prototype_init=medoid; run_dir.prototype_init=medoid; command.--prototype-init=medoid,results/raw/eurosat/remoteclip_vit_b32/rs_cpc/shot_16/M_4/medoid/seed_3/20260518T021820_118b6d4d,results/raw/eurosat/remoteclip_vit_b32/rs_cpc/shot_16/M_4/medoid/seed_3/20260518T021820_118b6d4d/metrics.json,outputs/preflight/post_run_result/eurosat_remoteclip_vit_b32/full_matrix_20260518T022057Z/cmd_131_rs_cpc_seed3_shot16/eurosat_remoteclip_vit_b32_rs_cpc_seed3/20260518T022356/result_run_preflight_report.json
eurosat,16,16,remoteclip_vit_b32,rs_cpc,rs_cpc_M8_medoid,3,8,medoid,80,2.0,0.789074074074074,0.0,20.756288280710578,520.3242436190652,,metrics.M=8; metadata.M=8; run_dir.M_x=8; command.--M=8; cache_entries/num_classes=8,metrics.prototype_init=medoid; metadata.prototype_init=medoid; run_dir.prototype_init=medoid; command.--prototype-init=medoid,results/raw/eurosat/remoteclip_vit_b32/rs_cpc/shot_16/M_8/medoid/seed_3/20260518T021844_f572bda0,results/raw/eurosat/remoteclip_vit_b32/rs_cpc/shot_16/M_8/medoid/seed_3/20260518T021844_f572bda0/metrics.json,outputs/preflight/post_run_result/eurosat_remoteclip_vit_b32/full_matrix_20260518T022057Z/cmd_132_rs_cpc_seed3_shot16/eurosat_remoteclip_vit_b32_rs_cpc_seed3/20260518T022357/result_run_preflight_report.json
