dataset,shot_label,backbone,num_prototypes_per_class,prototype_init,method_variant,cache_entries_values,compression_ratio_values,mean_top1_acc,std_top1_acc,num_seeds,seeds,mean_training_time_sec,mean_inference_time_sec,mean_images_per_second,gpu_memory_mb_values,num_rows,result_file_paths,run_dirs,preflight_report_paths,policy_note
eurosat,1,remoteclip_vit_b32,1,mean,rs_cpc_M1_mean,10,1.0,0.5716666666666667,0.05794876172025455,3,1 2 3,0.0,6.165066985413432,1751.8626800041245,,3,results/raw/eurosat/remoteclip_vit_b32/rs_cpc/shot_1/M_1/mean/seed_1/20260518T015308_2cb11fdc/metrics.json results/raw/eurosat/remoteclip_vit_b32/rs_cpc/shot_1/M_1/mean/seed_2/20260518T020235_690e0aad/metrics.json results/raw/eurosat/remoteclip_vit_b32/rs_cpc/shot_1/M_1/mean/seed_3/20260518T021159_a2b1366d/metrics.json,results/raw/eurosat/remoteclip_vit_b32/rs_cpc/shot_1/M_1/mean/seed_1/20260518T015308_2cb11fdc results/raw/eurosat/remoteclip_vit_b32/rs_cpc/shot_1/M_1/mean/seed_2/20260518T020235_690e0aad results/raw/eurosat/remoteclip_vit_b32/rs_cpc/shot_1/M_1/mean/seed_3/20260518T021159_a2b1366d,outputs/preflight/post_run_result/eurosat_remoteclip_vit_b32/full_matrix_20260518T022057Z/cmd_012_rs_cpc_seed1_shot1/eurosat_remoteclip_vit_b32_rs_cpc_seed1/20260518T022113/result_run_preflight_report.json outputs/preflight/post_run_result/eurosat_remoteclip_vit_b32/full_matrix_20260518T022057Z/cmd_056_rs_cpc_seed2_shot1/eurosat_remoteclip_vit_b32_rs_cpc_seed2/20260518T022213/result_run_preflight_report.json outputs/preflight/post_run_result/eurosat_remoteclip_vit_b32/full_matrix_20260518T022057Z/cmd_100_rs_cpc_seed3_shot1/eurosat_remoteclip_vit_b32_rs_cpc_seed3/20260518T022314/result_run_preflight_report.json,"Verified analysis table generated from full-matrix whitelist and post-run preflight, pending final paper-facing inclusion policy."
eurosat,1,remoteclip_vit_b32,1,medoid,rs_cpc_M1_medoid,10,1.0,0.5716666666666667,0.05794876172025455,3,1 2 3,0.0,6.2562775282810135,1726.2960493415137,,3,results/raw/eurosat/remoteclip_vit_b32/rs_cpc/shot_1/M_1/medoid/seed_1/20260518T015327_4fa427f7/metrics.json results/raw/eurosat/remoteclip_vit_b32/rs_cpc/shot_1/M_1/medoid/seed_2/20260518T020254_4d8a8c8f/metrics.json results/raw/eurosat/remoteclip_vit_b32/rs_cpc/shot_1/M_1/medoid/seed_3/20260518T021218_0d732748/metrics.json,results/raw/eurosat/remoteclip_vit_b32/rs_cpc/shot_1/M_1/medoid/seed_1/20260518T015327_4fa427f7 results/raw/eurosat/remoteclip_vit_b32/rs_cpc/shot_1/M_1/medoid/seed_2/20260518T020254_4d8a8c8f results/raw/eurosat/remoteclip_vit_b32/rs_cpc/shot_1/M_1/medoid/seed_3/20260518T021218_0d732748,outputs/preflight/post_run_result/eurosat_remoteclip_vit_b32/full_matrix_20260518T022057Z/cmd_014_rs_cpc_seed1_shot1/eurosat_remoteclip_vit_b32_rs_cpc_seed1/20260518T022116/result_run_preflight_report.json outputs/preflight/post_run_result/eurosat_remoteclip_vit_b32/full_matrix_20260518T022057Z/cmd_058_rs_cpc_seed2_shot1/eurosat_remoteclip_vit_b32_rs_cpc_seed2/20260518T022216/result_run_preflight_report.json outputs/preflight/post_run_result/eurosat_remoteclip_vit_b32/full_matrix_20260518T022057Z/cmd_102_rs_cpc_seed3_shot1/eurosat_remoteclip_vit_b32_rs_cpc_seed3/20260518T022316/result_run_preflight_report.json,"Verified analysis table generated from full-matrix whitelist and post-run preflight, pending final paper-facing inclusion policy."
eurosat,1,remoteclip_vit_b32,1,random_group_mean,rs_cpc_M1_random_group_mean,10,1.0,0.5716666666666667,0.05794876172025455,3,1 2 3,0.0,6.157355171317856,1754.0354014153027,,3,results/raw/eurosat/remoteclip_vit_b32/rs_cpc/shot_1/M_1/random_group_mean/seed_1/20260518T015317_cd697509/metrics.json results/raw/eurosat/remoteclip_vit_b32/rs_cpc/shot_1/M_1/random_group_mean/seed_2/20260518T020244_a7cc3038/metrics.json results/raw/eurosat/remoteclip_vit_b32/rs_cpc/shot_1/M_1/random_group_mean/seed_3/20260518T021209_5b3c2946/metrics.json,results/raw/eurosat/remoteclip_vit_b32/rs_cpc/shot_1/M_1/random_group_mean/seed_1/20260518T015317_cd697509 results/raw/eurosat/remoteclip_vit_b32/rs_cpc/shot_1/M_1/random_group_mean/seed_2/20260518T020244_a7cc3038 results/raw/eurosat/remoteclip_vit_b32/rs_cpc/shot_1/M_1/random_group_mean/seed_3/20260518T021209_5b3c2946,outputs/preflight/post_run_result/eurosat_remoteclip_vit_b32/full_matrix_20260518T022057Z/cmd_013_rs_cpc_seed1_shot1/eurosat_remoteclip_vit_b32_rs_cpc_seed1/20260518T022115/result_run_preflight_report.json outputs/preflight/post_run_result/eurosat_remoteclip_vit_b32/full_matrix_20260518T022057Z/cmd_057_rs_cpc_seed2_shot1/eurosat_remoteclip_vit_b32_rs_cpc_seed2/20260518T022214/result_run_preflight_report.json outputs/preflight/post_run_result/eurosat_remoteclip_vit_b32/full_matrix_20260518T022057Z/cmd_101_rs_cpc_seed3_shot1/eurosat_remoteclip_vit_b32_rs_cpc_seed3/20260518T022315/result_run_preflight_report.json,"Verified analysis table generated from full-matrix whitelist and post-run preflight, pending final paper-facing inclusion policy."
eurosat,16,remoteclip_vit_b32,1,mean,rs_cpc_M1_mean,10,16.0,0.7258024691358025,0.011766669192537141,3,1 2 3,0.0,6.218594978253047,1737.422673002328,,3,results/raw/eurosat/remoteclip_vit_b32/rs_cpc/shot_16/M_1/mean/seed_1/20260518T015757_ae1e24f0/metrics.json results/raw/eurosat/remoteclip_vit_b32/rs_cpc/shot_16/M_1/mean/seed_2/20260518T020723_59354275/metrics.json results/raw/eurosat/remoteclip_vit_b32/rs_cpc/shot_16/M_1/mean/seed_3/20260518T021646_43ac3fea/metrics.json,results/raw/eurosat/remoteclip_vit_b32/rs_cpc/shot_16/M_1/mean/seed_1/20260518T015757_ae1e24f0 results/raw/eurosat/remoteclip_vit_b32/rs_cpc/shot_16/M_1/mean/seed_2/20260518T020723_59354275 results/raw/eurosat/remoteclip_vit_b32/rs_cpc/shot_16/M_1/mean/seed_3/20260518T021646_43ac3fea,outputs/preflight/post_run_result/eurosat_remoteclip_vit_b32/full_matrix_20260518T022057Z/cmd_036_rs_cpc_seed1_shot16/eurosat_remoteclip_vit_b32_rs_cpc_seed1/20260518T022146/result_run_preflight_report.json outputs/preflight/post_run_result/eurosat_remoteclip_vit_b32/full_matrix_20260518T022057Z/cmd_080_rs_cpc_seed2_shot16/eurosat_remoteclip_vit_b32_rs_cpc_seed2/20260518T022246/result_run_preflight_report.json outputs/preflight/post_run_result/eurosat_remoteclip_vit_b32/full_matrix_20260518T022057Z/cmd_124_rs_cpc_seed3_shot16/eurosat_remoteclip_vit_b32_rs_cpc_seed3/20260518T022346/result_run_preflight_report.json,"Verified analysis table generated from full-matrix whitelist and post-run preflight, pending final paper-facing inclusion policy."
eurosat,16,remoteclip_vit_b32,1,medoid,rs_cpc_M1_medoid,10,16.0,0.6987037037037037,0.014920916354432386,3,1 2 3,0.0,6.150392387683193,1756.1215320387662,,3,results/raw/eurosat/remoteclip_vit_b32/rs_cpc/shot_16/M_1/medoid/seed_1/20260518T015905_75da690a/metrics.json results/raw/eurosat/remoteclip_vit_b32/rs_cpc/shot_16/M_1/medoid/seed_2/20260518T020831_eb931f27/metrics.json results/raw/eurosat/remoteclip_vit_b32/rs_cpc/shot_16/M_1/medoid/seed_3/20260518T021753_8e34718e/metrics.json,results/raw/eurosat/remoteclip_vit_b32/rs_cpc/shot_16/M_1/medoid/seed_1/20260518T015905_75da690a results/raw/eurosat/remoteclip_vit_b32/rs_cpc/shot_16/M_1/medoid/seed_2/20260518T020831_eb931f27 results/raw/eurosat/remoteclip_vit_b32/rs_cpc/shot_16/M_1/medoid/seed_3/20260518T021753_8e34718e,outputs/preflight/post_run_result/eurosat_remoteclip_vit_b32/full_matrix_20260518T022057Z/cmd_041_rs_cpc_seed1_shot16/eurosat_remoteclip_vit_b32_rs_cpc_seed1/20260518T022153/result_run_preflight_report.json outputs/preflight/post_run_result/eurosat_remoteclip_vit_b32/full_matrix_20260518T022057Z/cmd_085_rs_cpc_seed2_shot16/eurosat_remoteclip_vit_b32_rs_cpc_seed2/20260518T022253/result_run_preflight_report.json outputs/preflight/post_run_result/eurosat_remoteclip_vit_b32/full_matrix_20260518T022057Z/cmd_129_rs_cpc_seed3_shot16/eurosat_remoteclip_vit_b32_rs_cpc_seed3/20260518T022353/result_run_preflight_report.json,"Verified analysis table generated from full-matrix whitelist and post-run preflight, pending final paper-facing inclusion policy."
eurosat,16,remoteclip_vit_b32,1,random_group_mean,rs_cpc_M1_random_group_mean,10,16.0,0.7258024691358025,0.011766669192537141,3,1 2 3,0.0,6.155079344908397,1754.7215018524646,,3,results/raw/eurosat/remoteclip_vit_b32/rs_cpc/shot_16/M_1/random_group_mean/seed_1/20260518T015806_c8533cee/metrics.json results/raw/eurosat/remoteclip_vit_b32/rs_cpc/shot_16/M_1/random_group_mean/seed_2/20260518T020732_578a7e8d/metrics.json results/raw/eurosat/remoteclip_vit_b32/rs_cpc/shot_16/M_1/random_group_mean/seed_3/20260518T021655_09837043/metrics.json,results/raw/eurosat/remoteclip_vit_b32/rs_cpc/shot_16/M_1/random_group_mean/seed_1/20260518T015806_c8533cee results/raw/eurosat/remoteclip_vit_b32/rs_cpc/shot_16/M_1/random_group_mean/seed_2/20260518T020732_578a7e8d results/raw/eurosat/remoteclip_vit_b32/rs_cpc/shot_16/M_1/random_group_mean/seed_3/20260518T021655_09837043,outputs/preflight/post_run_result/eurosat_remoteclip_vit_b32/full_matrix_20260518T022057Z/cmd_037_rs_cpc_seed1_shot16/eurosat_remoteclip_vit_b32_rs_cpc_seed1/20260518T022147/result_run_preflight_report.json outputs/preflight/post_run_result/eurosat_remoteclip_vit_b32/full_matrix_20260518T022057Z/cmd_081_rs_cpc_seed2_shot16/eurosat_remoteclip_vit_b32_rs_cpc_seed2/20260518T022248/result_run_preflight_report.json outputs/preflight/post_run_result/eurosat_remoteclip_vit_b32/full_matrix_20260518T022057Z/cmd_125_rs_cpc_seed3_shot16/eurosat_remoteclip_vit_b32_rs_cpc_seed3/20260518T022348/result_run_preflight_report.json,"Verified analysis table generated from full-matrix whitelist and post-run preflight, pending final paper-facing inclusion policy."
eurosat,16,remoteclip_vit_b32,2,medoid,rs_cpc_M2_medoid,20,8.0,0.6462962962962963,0.021945030465686695,3,1 2 3,0.0,8.16843369603157,1322.172167432751,,3,results/raw/eurosat/remoteclip_vit_b32/rs_cpc/shot_16/M_2/medoid/seed_1/20260518T015916_4b368d1b/metrics.json results/raw/eurosat/remoteclip_vit_b32/rs_cpc/shot_16/M_2/medoid/seed_2/20260518T020842_0025c166/metrics.json results/raw/eurosat/remoteclip_vit_b32/rs_cpc/shot_16/M_2/medoid/seed_3/20260518T021804_b4afd544/metrics.json,results/raw/eurosat/remoteclip_vit_b32/rs_cpc/shot_16/M_2/medoid/seed_1/20260518T015916_4b368d1b results/raw/eurosat/remoteclip_vit_b32/rs_cpc/shot_16/M_2/medoid/seed_2/20260518T020842_0025c166 results/raw/eurosat/remoteclip_vit_b32/rs_cpc/shot_16/M_2/medoid/seed_3/20260518T021804_b4afd544,outputs/preflight/post_run_result/eurosat_remoteclip_vit_b32/full_matrix_20260518T022057Z/cmd_042_rs_cpc_seed1_shot16/eurosat_remoteclip_vit_b32_rs_cpc_seed1/20260518T022154/result_run_preflight_report.json outputs/preflight/post_run_result/eurosat_remoteclip_vit_b32/full_matrix_20260518T022057Z/cmd_086_rs_cpc_seed2_shot16/eurosat_remoteclip_vit_b32_rs_cpc_seed2/20260518T022255/result_run_preflight_report.json outputs/preflight/post_run_result/eurosat_remoteclip_vit_b32/full_matrix_20260518T022057Z/cmd_130_rs_cpc_seed3_shot16/eurosat_remoteclip_vit_b32_rs_cpc_seed3/20260518T022355/result_run_preflight_report.json,"Verified analysis table generated from full-matrix whitelist and post-run preflight, pending final paper-facing inclusion policy."
eurosat,16,remoteclip_vit_b32,2,random_group_mean,rs_cpc_M2_random_group_mean,20,8.0,0.8064814814814815,0.01287936003658527,3,1 2 3,0.0,8.243971673150858,1310.071859529152,,3,results/raw/eurosat/remoteclip_vit_b32/rs_cpc/shot_16/M_2/random_group_mean/seed_1/20260518T015817_aad4b555/metrics.json results/raw/eurosat/remoteclip_vit_b32/rs_cpc/shot_16/M_2/random_group_mean/seed_2/20260518T020743_75ccbe0a/metrics.json results/raw/eurosat/remoteclip_vit_b32/rs_cpc/shot_16/M_2/random_group_mean/seed_3/20260518T021706_835330c5/metrics.json,results/raw/eurosat/remoteclip_vit_b32/rs_cpc/shot_16/M_2/random_group_mean/seed_1/20260518T015817_aad4b555 results/raw/eurosat/remoteclip_vit_b32/rs_cpc/shot_16/M_2/random_group_mean/seed_2/20260518T020743_75ccbe0a results/raw/eurosat/remoteclip_vit_b32/rs_cpc/shot_16/M_2/random_group_mean/seed_3/20260518T021706_835330c5,outputs/preflight/post_run_result/eurosat_remoteclip_vit_b32/full_matrix_20260518T022057Z/cmd_038_rs_cpc_seed1_shot16/eurosat_remoteclip_vit_b32_rs_cpc_seed1/20260518T022148/result_run_preflight_report.json outputs/preflight/post_run_result/eurosat_remoteclip_vit_b32/full_matrix_20260518T022057Z/cmd_082_rs_cpc_seed2_shot16/eurosat_remoteclip_vit_b32_rs_cpc_seed2/20260518T022249/result_run_preflight_report.json outputs/preflight/post_run_result/eurosat_remoteclip_vit_b32/full_matrix_20260518T022057Z/cmd_126_rs_cpc_seed3_shot16/eurosat_remoteclip_vit_b32_rs_cpc_seed3/20260518T022349/result_run_preflight_report.json,"Verified analysis table generated from full-matrix whitelist and post-run preflight, pending final paper-facing inclusion policy."
eurosat,16,remoteclip_vit_b32,4,medoid,rs_cpc_M4_medoid,40,4.0,0.7046913580246913,0.04208609200644488,3,1 2 3,0.0,12.198981647069255,885.3534843299661,,3,results/raw/eurosat/remoteclip_vit_b32/rs_cpc/shot_16/M_4/medoid/seed_1/20260518T015931_8b011395/metrics.json results/raw/eurosat/remoteclip_vit_b32/rs_cpc/shot_16/M_4/medoid/seed_2/20260518T020857_df7c34e2/metrics.json results/raw/eurosat/remoteclip_vit_b32/rs_cpc/shot_16/M_4/medoid/seed_3/20260518T021820_118b6d4d/metrics.json,results/raw/eurosat/remoteclip_vit_b32/rs_cpc/shot_16/M_4/medoid/seed_1/20260518T015931_8b011395 results/raw/eurosat/remoteclip_vit_b32/rs_cpc/shot_16/M_4/medoid/seed_2/20260518T020857_df7c34e2 results/raw/eurosat/remoteclip_vit_b32/rs_cpc/shot_16/M_4/medoid/seed_3/20260518T021820_118b6d4d,outputs/preflight/post_run_result/eurosat_remoteclip_vit_b32/full_matrix_20260518T022057Z/cmd_043_rs_cpc_seed1_shot16/eurosat_remoteclip_vit_b32_rs_cpc_seed1/20260518T022155/result_run_preflight_report.json outputs/preflight/post_run_result/eurosat_remoteclip_vit_b32/full_matrix_20260518T022057Z/cmd_087_rs_cpc_seed2_shot16/eurosat_remoteclip_vit_b32_rs_cpc_seed2/20260518T022256/result_run_preflight_report.json outputs/preflight/post_run_result/eurosat_remoteclip_vit_b32/full_matrix_20260518T022057Z/cmd_131_rs_cpc_seed3_shot16/eurosat_remoteclip_vit_b32_rs_cpc_seed3/20260518T022356/result_run_preflight_report.json,"Verified analysis table generated from full-matrix whitelist and post-run preflight, pending final paper-facing inclusion policy."
eurosat,16,remoteclip_vit_b32,4,random_group_mean,rs_cpc_M4_random_group_mean,40,4.0,0.8251851851851851,0.011226255234242683,3,1 2 3,0.0,12.290243787690997,878.8840537187294,,3,results/raw/eurosat/remoteclip_vit_b32/rs_cpc/shot_16/M_4/random_group_mean/seed_1/20260518T015832_f28033e8/metrics.json results/raw/eurosat/remoteclip_vit_b32/rs_cpc/shot_16/M_4/random_group_mean/seed_2/20260518T020758_0db3d496/metrics.json results/raw/eurosat/remoteclip_vit_b32/rs_cpc/shot_16/M_4/random_group_mean/seed_3/20260518T021721_40f22602/metrics.json,results/raw/eurosat/remoteclip_vit_b32/rs_cpc/shot_16/M_4/random_group_mean/seed_1/20260518T015832_f28033e8 results/raw/eurosat/remoteclip_vit_b32/rs_cpc/shot_16/M_4/random_group_mean/seed_2/20260518T020758_0db3d496 results/raw/eurosat/remoteclip_vit_b32/rs_cpc/shot_16/M_4/random_group_mean/seed_3/20260518T021721_40f22602,outputs/preflight/post_run_result/eurosat_remoteclip_vit_b32/full_matrix_20260518T022057Z/cmd_039_rs_cpc_seed1_shot16/eurosat_remoteclip_vit_b32_rs_cpc_seed1/20260518T022150/result_run_preflight_report.json outputs/preflight/post_run_result/eurosat_remoteclip_vit_b32/full_matrix_20260518T022057Z/cmd_083_rs_cpc_seed2_shot16/eurosat_remoteclip_vit_b32_rs_cpc_seed2/20260518T022251/result_run_preflight_report.json outputs/preflight/post_run_result/eurosat_remoteclip_vit_b32/full_matrix_20260518T022057Z/cmd_127_rs_cpc_seed3_shot16/eurosat_remoteclip_vit_b32_rs_cpc_seed3/20260518T022351/result_run_preflight_report.json,"Verified analysis table generated from full-matrix whitelist and post-run preflight, pending final paper-facing inclusion policy."
eurosat,16,remoteclip_vit_b32,8,medoid,rs_cpc_M8_medoid,80,2.0,0.7485802469135803,0.03765108263751339,3,1 2 3,0.0,20.70312552091976,521.9928623343351,,3,results/raw/eurosat/remoteclip_vit_b32/rs_cpc/shot_16/M_8/medoid/seed_1/20260518T015955_ea1a8364/metrics.json results/raw/eurosat/remoteclip_vit_b32/rs_cpc/shot_16/M_8/medoid/seed_2/20260518T020920_655db868/metrics.json results/raw/eurosat/remoteclip_vit_b32/rs_cpc/shot_16/M_8/medoid/seed_3/20260518T021844_f572bda0/metrics.json,results/raw/eurosat/remoteclip_vit_b32/rs_cpc/shot_16/M_8/medoid/seed_1/20260518T015955_ea1a8364 results/raw/eurosat/remoteclip_vit_b32/rs_cpc/shot_16/M_8/medoid/seed_2/20260518T020920_655db868 results/raw/eurosat/remoteclip_vit_b32/rs_cpc/shot_16/M_8/medoid/seed_3/20260518T021844_f572bda0,outputs/preflight/post_run_result/eurosat_remoteclip_vit_b32/full_matrix_20260518T022057Z/cmd_044_rs_cpc_seed1_shot16/eurosat_remoteclip_vit_b32_rs_cpc_seed1/20260518T022157/result_run_preflight_report.json outputs/preflight/post_run_result/eurosat_remoteclip_vit_b32/full_matrix_20260518T022057Z/cmd_088_rs_cpc_seed2_shot16/eurosat_remoteclip_vit_b32_rs_cpc_seed2/20260518T022257/result_run_preflight_report.json outputs/preflight/post_run_result/eurosat_remoteclip_vit_b32/full_matrix_20260518T022057Z/cmd_132_rs_cpc_seed3_shot16/eurosat_remoteclip_vit_b32_rs_cpc_seed3/20260518T022357/result_run_preflight_report.json,"Verified analysis table generated from full-matrix whitelist and post-run preflight, pending final paper-facing inclusion policy."
eurosat,16,remoteclip_vit_b32,8,random_group_mean,rs_cpc_M8_random_group_mean,80,2.0,0.8111111111111112,0.01606421441934949,3,1 2 3,0.0,20.263638593256474,533.0207210651923,,3,results/raw/eurosat/remoteclip_vit_b32/rs_cpc/shot_16/M_8/random_group_mean/seed_1/20260518T015855_1028f2e6/metrics.json results/raw/eurosat/remoteclip_vit_b32/rs_cpc/shot_16/M_8/random_group_mean/seed_2/20260518T020822_005b9ad8/metrics.json results/raw/eurosat/remoteclip_vit_b32/rs_cpc/shot_16/M_8/random_group_mean/seed_3/20260518T021744_ec9b8125/metrics.json,results/raw/eurosat/remoteclip_vit_b32/rs_cpc/shot_16/M_8/random_group_mean/seed_1/20260518T015855_1028f2e6 results/raw/eurosat/remoteclip_vit_b32/rs_cpc/shot_16/M_8/random_group_mean/seed_2/20260518T020822_005b9ad8 results/raw/eurosat/remoteclip_vit_b32/rs_cpc/shot_16/M_8/random_group_mean/seed_3/20260518T021744_ec9b8125,outputs/preflight/post_run_result/eurosat_remoteclip_vit_b32/full_matrix_20260518T022057Z/cmd_040_rs_cpc_seed1_shot16/eurosat_remoteclip_vit_b32_rs_cpc_seed1/20260518T022151/result_run_preflight_report.json outputs/preflight/post_run_result/eurosat_remoteclip_vit_b32/full_matrix_20260518T022057Z/cmd_084_rs_cpc_seed2_shot16/eurosat_remoteclip_vit_b32_rs_cpc_seed2/20260518T022252/result_run_preflight_report.json outputs/preflight/post_run_result/eurosat_remoteclip_vit_b32/full_matrix_20260518T022057Z/cmd_128_rs_cpc_seed3_shot16/eurosat_remoteclip_vit_b32_rs_cpc_seed3/20260518T022352/result_run_preflight_report.json,"Verified analysis table generated from full-matrix whitelist and post-run preflight, pending final paper-facing inclusion policy."
eurosat,2,remoteclip_vit_b32,1,mean,rs_cpc_M1_mean,10,2.0,0.6305555555555555,0.046596434511566115,3,1 2 3,0.0,6.259001789614558,1725.9847797640093,,3,results/raw/eurosat/remoteclip_vit_b32/rs_cpc/shot_2/M_1/mean/seed_1/20260518T015336_de6bbd96/metrics.json results/raw/eurosat/remoteclip_vit_b32/rs_cpc/shot_2/M_1/mean/seed_2/20260518T020303_3b9810a3/metrics.json results/raw/eurosat/remoteclip_vit_b32/rs_cpc/shot_2/M_1/mean/seed_3/20260518T021227_eb2553ae/metrics.json,results/raw/eurosat/remoteclip_vit_b32/rs_cpc/shot_2/M_1/mean/seed_1/20260518T015336_de6bbd96 results/raw/eurosat/remoteclip_vit_b32/rs_cpc/shot_2/M_1/mean/seed_2/20260518T020303_3b9810a3 results/raw/eurosat/remoteclip_vit_b32/rs_cpc/shot_2/M_1/mean/seed_3/20260518T021227_eb2553ae,outputs/preflight/post_run_result/eurosat_remoteclip_vit_b32/full_matrix_20260518T022057Z/cmd_015_rs_cpc_seed1_shot2/eurosat_remoteclip_vit_b32_rs_cpc_seed1/20260518T022117/result_run_preflight_report.json outputs/preflight/post_run_result/eurosat_remoteclip_vit_b32/full_matrix_20260518T022057Z/cmd_059_rs_cpc_seed2_shot2/eurosat_remoteclip_vit_b32_rs_cpc_seed2/20260518T022217/result_run_preflight_report.json outputs/preflight/post_run_result/eurosat_remoteclip_vit_b32/full_matrix_20260518T022057Z/cmd_103_rs_cpc_seed3_shot2/eurosat_remoteclip_vit_b32_rs_cpc_seed3/20260518T022318/result_run_preflight_report.json,"Verified analysis table generated from full-matrix whitelist and post-run preflight, pending final paper-facing inclusion policy."
eurosat,2,remoteclip_vit_b32,1,medoid,rs_cpc_M1_medoid,10,2.0,0.5726543209876543,0.08677903710166779,3,1 2 3,0.0,6.229281547168891,1734.019223844861,,3,results/raw/eurosat/remoteclip_vit_b32/rs_cpc/shot_2/M_1/medoid/seed_1/20260518T015406_10b441d6/metrics.json results/raw/eurosat/remoteclip_vit_b32/rs_cpc/shot_2/M_1/medoid/seed_2/20260518T020332_6fb73d16/metrics.json results/raw/eurosat/remoteclip_vit_b32/rs_cpc/shot_2/M_1/medoid/seed_3/20260518T021257_0da50067/metrics.json,results/raw/eurosat/remoteclip_vit_b32/rs_cpc/shot_2/M_1/medoid/seed_1/20260518T015406_10b441d6 results/raw/eurosat/remoteclip_vit_b32/rs_cpc/shot_2/M_1/medoid/seed_2/20260518T020332_6fb73d16 results/raw/eurosat/remoteclip_vit_b32/rs_cpc/shot_2/M_1/medoid/seed_3/20260518T021257_0da50067,outputs/preflight/post_run_result/eurosat_remoteclip_vit_b32/full_matrix_20260518T022057Z/cmd_018_rs_cpc_seed1_shot2/eurosat_remoteclip_vit_b32_rs_cpc_seed1/20260518T022121/result_run_preflight_report.json outputs/preflight/post_run_result/eurosat_remoteclip_vit_b32/full_matrix_20260518T022057Z/cmd_062_rs_cpc_seed2_shot2/eurosat_remoteclip_vit_b32_rs_cpc_seed2/20260518T022221/result_run_preflight_report.json outputs/preflight/post_run_result/eurosat_remoteclip_vit_b32/full_matrix_20260518T022057Z/cmd_106_rs_cpc_seed3_shot2/eurosat_remoteclip_vit_b32_rs_cpc_seed3/20260518T022322/result_run_preflight_report.json,"Verified analysis table generated from full-matrix whitelist and post-run preflight, pending final paper-facing inclusion policy."
eurosat,2,remoteclip_vit_b32,1,random_group_mean,rs_cpc_M1_random_group_mean,10,2.0,0.6305555555555555,0.046596434511566115,3,1 2 3,0.0,6.220759080722928,1736.269407366149,,3,results/raw/eurosat/remoteclip_vit_b32/rs_cpc/shot_2/M_1/random_group_mean/seed_1/20260518T015345_bbbc49d4/metrics.json results/raw/eurosat/remoteclip_vit_b32/rs_cpc/shot_2/M_1/random_group_mean/seed_2/20260518T020312_922c37b0/metrics.json results/raw/eurosat/remoteclip_vit_b32/rs_cpc/shot_2/M_1/random_group_mean/seed_3/20260518T021236_7fb78670/metrics.json,results/raw/eurosat/remoteclip_vit_b32/rs_cpc/shot_2/M_1/random_group_mean/seed_1/20260518T015345_bbbc49d4 results/raw/eurosat/remoteclip_vit_b32/rs_cpc/shot_2/M_1/random_group_mean/seed_2/20260518T020312_922c37b0 results/raw/eurosat/remoteclip_vit_b32/rs_cpc/shot_2/M_1/random_group_mean/seed_3/20260518T021236_7fb78670,outputs/preflight/post_run_result/eurosat_remoteclip_vit_b32/full_matrix_20260518T022057Z/cmd_016_rs_cpc_seed1_shot2/eurosat_remoteclip_vit_b32_rs_cpc_seed1/20260518T022119/result_run_preflight_report.json outputs/preflight/post_run_result/eurosat_remoteclip_vit_b32/full_matrix_20260518T022057Z/cmd_060_rs_cpc_seed2_shot2/eurosat_remoteclip_vit_b32_rs_cpc_seed2/20260518T022219/result_run_preflight_report.json outputs/preflight/post_run_result/eurosat_remoteclip_vit_b32/full_matrix_20260518T022057Z/cmd_104_rs_cpc_seed3_shot2/eurosat_remoteclip_vit_b32_rs_cpc_seed3/20260518T022319/result_run_preflight_report.json,"Verified analysis table generated from full-matrix whitelist and post-run preflight, pending final paper-facing inclusion policy."
eurosat,2,remoteclip_vit_b32,2,medoid,rs_cpc_M2_medoid,20,1.0,0.677962962962963,0.02753972065929082,3,1 2 3,0.0,8.365110198035836,1291.1851475259655,,3,results/raw/eurosat/remoteclip_vit_b32/rs_cpc/shot_2/M_2/medoid/seed_1/20260518T015417_146ecd26/metrics.json results/raw/eurosat/remoteclip_vit_b32/rs_cpc/shot_2/M_2/medoid/seed_2/20260518T020343_0b97e6d5/metrics.json results/raw/eurosat/remoteclip_vit_b32/rs_cpc/shot_2/M_2/medoid/seed_3/20260518T021308_9a9d1c23/metrics.json,results/raw/eurosat/remoteclip_vit_b32/rs_cpc/shot_2/M_2/medoid/seed_1/20260518T015417_146ecd26 results/raw/eurosat/remoteclip_vit_b32/rs_cpc/shot_2/M_2/medoid/seed_2/20260518T020343_0b97e6d5 results/raw/eurosat/remoteclip_vit_b32/rs_cpc/shot_2/M_2/medoid/seed_3/20260518T021308_9a9d1c23,outputs/preflight/post_run_result/eurosat_remoteclip_vit_b32/full_matrix_20260518T022057Z/cmd_019_rs_cpc_seed1_shot2/eurosat_remoteclip_vit_b32_rs_cpc_seed1/20260518T022123/result_run_preflight_report.json outputs/preflight/post_run_result/eurosat_remoteclip_vit_b32/full_matrix_20260518T022057Z/cmd_063_rs_cpc_seed2_shot2/eurosat_remoteclip_vit_b32_rs_cpc_seed2/20260518T022223/result_run_preflight_report.json outputs/preflight/post_run_result/eurosat_remoteclip_vit_b32/full_matrix_20260518T022057Z/cmd_107_rs_cpc_seed3_shot2/eurosat_remoteclip_vit_b32_rs_cpc_seed3/20260518T022323/result_run_preflight_report.json,"Verified analysis table generated from full-matrix whitelist and post-run preflight, pending final paper-facing inclusion policy."
eurosat,2,remoteclip_vit_b32,2,random_group_mean,rs_cpc_M2_random_group_mean,20,1.0,0.677962962962963,0.02753972065929082,3,1 2 3,0.0,8.23780231612424,1311.2668128860112,,3,results/raw/eurosat/remoteclip_vit_b32/rs_cpc/shot_2/M_2/random_group_mean/seed_1/20260518T015356_401ce8cc/metrics.json results/raw/eurosat/remoteclip_vit_b32/rs_cpc/shot_2/M_2/random_group_mean/seed_2/20260518T020323_ebcf09d9/metrics.json results/raw/eurosat/remoteclip_vit_b32/rs_cpc/shot_2/M_2/random_group_mean/seed_3/20260518T021248_b85c2886/metrics.json,results/raw/eurosat/remoteclip_vit_b32/rs_cpc/shot_2/M_2/random_group_mean/seed_1/20260518T015356_401ce8cc results/raw/eurosat/remoteclip_vit_b32/rs_cpc/shot_2/M_2/random_group_mean/seed_2/20260518T020323_ebcf09d9 results/raw/eurosat/remoteclip_vit_b32/rs_cpc/shot_2/M_2/random_group_mean/seed_3/20260518T021248_b85c2886,outputs/preflight/post_run_result/eurosat_remoteclip_vit_b32/full_matrix_20260518T022057Z/cmd_017_rs_cpc_seed1_shot2/eurosat_remoteclip_vit_b32_rs_cpc_seed1/20260518T022120/result_run_preflight_report.json outputs/preflight/post_run_result/eurosat_remoteclip_vit_b32/full_matrix_20260518T022057Z/cmd_061_rs_cpc_seed2_shot2/eurosat_remoteclip_vit_b32_rs_cpc_seed2/20260518T022220/result_run_preflight_report.json outputs/preflight/post_run_result/eurosat_remoteclip_vit_b32/full_matrix_20260518T022057Z/cmd_105_rs_cpc_seed3_shot2/eurosat_remoteclip_vit_b32_rs_cpc_seed3/20260518T022321/result_run_preflight_report.json,"Verified analysis table generated from full-matrix whitelist and post-run preflight, pending final paper-facing inclusion policy."
eurosat,4,remoteclip_vit_b32,1,mean,rs_cpc_M1_mean,10,4.0,0.6742592592592592,0.0215269314847593,3,1 2 3,0.0,6.271607248112559,1722.861164585769,,3,results/raw/eurosat/remoteclip_vit_b32/rs_cpc/shot_4/M_1/mean/seed_1/20260518T015426_07df4253/metrics.json results/raw/eurosat/remoteclip_vit_b32/rs_cpc/shot_4/M_1/mean/seed_2/20260518T020353_6e2f38e7/metrics.json results/raw/eurosat/remoteclip_vit_b32/rs_cpc/shot_4/M_1/mean/seed_3/20260518T021317_9794ce67/metrics.json,results/raw/eurosat/remoteclip_vit_b32/rs_cpc/shot_4/M_1/mean/seed_1/20260518T015426_07df4253 results/raw/eurosat/remoteclip_vit_b32/rs_cpc/shot_4/M_1/mean/seed_2/20260518T020353_6e2f38e7 results/raw/eurosat/remoteclip_vit_b32/rs_cpc/shot_4/M_1/mean/seed_3/20260518T021317_9794ce67,outputs/preflight/post_run_result/eurosat_remoteclip_vit_b32/full_matrix_20260518T022057Z/cmd_020_rs_cpc_seed1_shot4/eurosat_remoteclip_vit_b32_rs_cpc_seed1/20260518T022124/result_run_preflight_report.json outputs/preflight/post_run_result/eurosat_remoteclip_vit_b32/full_matrix_20260518T022057Z/cmd_064_rs_cpc_seed2_shot4/eurosat_remoteclip_vit_b32_rs_cpc_seed2/20260518T022224/result_run_preflight_report.json outputs/preflight/post_run_result/eurosat_remoteclip_vit_b32/full_matrix_20260518T022057Z/cmd_108_rs_cpc_seed3_shot4/eurosat_remoteclip_vit_b32_rs_cpc_seed3/20260518T022325/result_run_preflight_report.json,"Verified analysis table generated from full-matrix whitelist and post-run preflight, pending final paper-facing inclusion policy."
eurosat,4,remoteclip_vit_b32,1,medoid,rs_cpc_M1_medoid,10,4.0,0.5899382716049383,0.040876177797025154,3,1 2 3,0.0,6.205660048872232,1740.7950144477388,,3,results/raw/eurosat/remoteclip_vit_b32/rs_cpc/shot_4/M_1/medoid/seed_1/20260518T015511_9fd249b0/metrics.json results/raw/eurosat/remoteclip_vit_b32/rs_cpc/shot_4/M_1/medoid/seed_2/20260518T020438_0e51ec44/metrics.json results/raw/eurosat/remoteclip_vit_b32/rs_cpc/shot_4/M_1/medoid/seed_3/20260518T021402_d87c27bf/metrics.json,results/raw/eurosat/remoteclip_vit_b32/rs_cpc/shot_4/M_1/medoid/seed_1/20260518T015511_9fd249b0 results/raw/eurosat/remoteclip_vit_b32/rs_cpc/shot_4/M_1/medoid/seed_2/20260518T020438_0e51ec44 results/raw/eurosat/remoteclip_vit_b32/rs_cpc/shot_4/M_1/medoid/seed_3/20260518T021402_d87c27bf,outputs/preflight/post_run_result/eurosat_remoteclip_vit_b32/full_matrix_20260518T022057Z/cmd_024_rs_cpc_seed1_shot4/eurosat_remoteclip_vit_b32_rs_cpc_seed1/20260518T022130/result_run_preflight_report.json outputs/preflight/post_run_result/eurosat_remoteclip_vit_b32/full_matrix_20260518T022057Z/cmd_068_rs_cpc_seed2_shot4/eurosat_remoteclip_vit_b32_rs_cpc_seed2/20260518T022230/result_run_preflight_report.json outputs/preflight/post_run_result/eurosat_remoteclip_vit_b32/full_matrix_20260518T022057Z/cmd_112_rs_cpc_seed3_shot4/eurosat_remoteclip_vit_b32_rs_cpc_seed3/20260518T022330/result_run_preflight_report.json,"Verified analysis table generated from full-matrix whitelist and post-run preflight, pending final paper-facing inclusion policy."
eurosat,4,remoteclip_vit_b32,1,random_group_mean,rs_cpc_M1_random_group_mean,10,4.0,0.6742592592592592,0.0215269314847593,3,1 2 3,0.0,6.191976685076952,1744.4628119100591,,3,results/raw/eurosat/remoteclip_vit_b32/rs_cpc/shot_4/M_1/random_group_mean/seed_1/20260518T015436_36797338/metrics.json results/raw/eurosat/remoteclip_vit_b32/rs_cpc/shot_4/M_1/random_group_mean/seed_2/20260518T020402_9a39a223/metrics.json results/raw/eurosat/remoteclip_vit_b32/rs_cpc/shot_4/M_1/random_group_mean/seed_3/20260518T021326_72d78476/metrics.json,results/raw/eurosat/remoteclip_vit_b32/rs_cpc/shot_4/M_1/random_group_mean/seed_1/20260518T015436_36797338 results/raw/eurosat/remoteclip_vit_b32/rs_cpc/shot_4/M_1/random_group_mean/seed_2/20260518T020402_9a39a223 results/raw/eurosat/remoteclip_vit_b32/rs_cpc/shot_4/M_1/random_group_mean/seed_3/20260518T021326_72d78476,outputs/preflight/post_run_result/eurosat_remoteclip_vit_b32/full_matrix_20260518T022057Z/cmd_021_rs_cpc_seed1_shot4/eurosat_remoteclip_vit_b32_rs_cpc_seed1/20260518T022126/result_run_preflight_report.json outputs/preflight/post_run_result/eurosat_remoteclip_vit_b32/full_matrix_20260518T022057Z/cmd_065_rs_cpc_seed2_shot4/eurosat_remoteclip_vit_b32_rs_cpc_seed2/20260518T022225/result_run_preflight_report.json outputs/preflight/post_run_result/eurosat_remoteclip_vit_b32/full_matrix_20260518T022057Z/cmd_109_rs_cpc_seed3_shot4/eurosat_remoteclip_vit_b32_rs_cpc_seed3/20260518T022326/result_run_preflight_report.json,"Verified analysis table generated from full-matrix whitelist and post-run preflight, pending final paper-facing inclusion policy."
eurosat,4,remoteclip_vit_b32,2,medoid,rs_cpc_M2_medoid,20,2.0,0.6567283950617284,0.06365478670250764,3,1 2 3,0.0,8.31485490873456,1299.0802148505152,,3,results/raw/eurosat/remoteclip_vit_b32/rs_cpc/shot_4/M_2/medoid/seed_1/20260518T015523_f5368308/metrics.json results/raw/eurosat/remoteclip_vit_b32/rs_cpc/shot_4/M_2/medoid/seed_2/20260518T020449_363800f9/metrics.json results/raw/eurosat/remoteclip_vit_b32/rs_cpc/shot_4/M_2/medoid/seed_3/20260518T021414_4dab192d/metrics.json,results/raw/eurosat/remoteclip_vit_b32/rs_cpc/shot_4/M_2/medoid/seed_1/20260518T015523_f5368308 results/raw/eurosat/remoteclip_vit_b32/rs_cpc/shot_4/M_2/medoid/seed_2/20260518T020449_363800f9 results/raw/eurosat/remoteclip_vit_b32/rs_cpc/shot_4/M_2/medoid/seed_3/20260518T021414_4dab192d,outputs/preflight/post_run_result/eurosat_remoteclip_vit_b32/full_matrix_20260518T022057Z/cmd_025_rs_cpc_seed1_shot4/eurosat_remoteclip_vit_b32_rs_cpc_seed1/20260518T022131/result_run_preflight_report.json outputs/preflight/post_run_result/eurosat_remoteclip_vit_b32/full_matrix_20260518T022057Z/cmd_069_rs_cpc_seed2_shot4/eurosat_remoteclip_vit_b32_rs_cpc_seed2/20260518T022231/result_run_preflight_report.json outputs/preflight/post_run_result/eurosat_remoteclip_vit_b32/full_matrix_20260518T022057Z/cmd_113_rs_cpc_seed3_shot4/eurosat_remoteclip_vit_b32_rs_cpc_seed3/20260518T022331/result_run_preflight_report.json,"Verified analysis table generated from full-matrix whitelist and post-run preflight, pending final paper-facing inclusion policy."
eurosat,4,remoteclip_vit_b32,2,random_group_mean,rs_cpc_M2_random_group_mean,20,2.0,0.7072222222222223,0.020691078108834703,3,1 2 3,0.0,8.43120228064557,1281.1060262985784,,3,results/raw/eurosat/remoteclip_vit_b32/rs_cpc/shot_4/M_2/random_group_mean/seed_1/20260518T015447_d26594c4/metrics.json results/raw/eurosat/remoteclip_vit_b32/rs_cpc/shot_4/M_2/random_group_mean/seed_2/20260518T020414_c2545257/metrics.json results/raw/eurosat/remoteclip_vit_b32/rs_cpc/shot_4/M_2/random_group_mean/seed_3/20260518T021338_d0215484/metrics.json,results/raw/eurosat/remoteclip_vit_b32/rs_cpc/shot_4/M_2/random_group_mean/seed_1/20260518T015447_d26594c4 results/raw/eurosat/remoteclip_vit_b32/rs_cpc/shot_4/M_2/random_group_mean/seed_2/20260518T020414_c2545257 results/raw/eurosat/remoteclip_vit_b32/rs_cpc/shot_4/M_2/random_group_mean/seed_3/20260518T021338_d0215484,outputs/preflight/post_run_result/eurosat_remoteclip_vit_b32/full_matrix_20260518T022057Z/cmd_022_rs_cpc_seed1_shot4/eurosat_remoteclip_vit_b32_rs_cpc_seed1/20260518T022127/result_run_preflight_report.json outputs/preflight/post_run_result/eurosat_remoteclip_vit_b32/full_matrix_20260518T022057Z/cmd_066_rs_cpc_seed2_shot4/eurosat_remoteclip_vit_b32_rs_cpc_seed2/20260518T022227/result_run_preflight_report.json outputs/preflight/post_run_result/eurosat_remoteclip_vit_b32/full_matrix_20260518T022057Z/cmd_110_rs_cpc_seed3_shot4/eurosat_remoteclip_vit_b32_rs_cpc_seed3/20260518T022327/result_run_preflight_report.json,"Verified analysis table generated from full-matrix whitelist and post-run preflight, pending final paper-facing inclusion policy."
eurosat,4,remoteclip_vit_b32,4,medoid,rs_cpc_M4_medoid,40,1.0,0.696358024691358,0.03355499004783336,3,1 2 3,0.0,12.346533875291547,874.8479364274881,,3,results/raw/eurosat/remoteclip_vit_b32/rs_cpc/shot_4/M_4/medoid/seed_1/20260518T015538_871961da/metrics.json results/raw/eurosat/remoteclip_vit_b32/rs_cpc/shot_4/M_4/medoid/seed_2/20260518T020505_110fd87b/metrics.json results/raw/eurosat/remoteclip_vit_b32/rs_cpc/shot_4/M_4/medoid/seed_3/20260518T021429_f6b4881a/metrics.json,results/raw/eurosat/remoteclip_vit_b32/rs_cpc/shot_4/M_4/medoid/seed_1/20260518T015538_871961da results/raw/eurosat/remoteclip_vit_b32/rs_cpc/shot_4/M_4/medoid/seed_2/20260518T020505_110fd87b results/raw/eurosat/remoteclip_vit_b32/rs_cpc/shot_4/M_4/medoid/seed_3/20260518T021429_f6b4881a,outputs/preflight/post_run_result/eurosat_remoteclip_vit_b32/full_matrix_20260518T022057Z/cmd_026_rs_cpc_seed1_shot4/eurosat_remoteclip_vit_b32_rs_cpc_seed1/20260518T022132/result_run_preflight_report.json outputs/preflight/post_run_result/eurosat_remoteclip_vit_b32/full_matrix_20260518T022057Z/cmd_070_rs_cpc_seed2_shot4/eurosat_remoteclip_vit_b32_rs_cpc_seed2/20260518T022232/result_run_preflight_report.json outputs/preflight/post_run_result/eurosat_remoteclip_vit_b32/full_matrix_20260518T022057Z/cmd_114_rs_cpc_seed3_shot4/eurosat_remoteclip_vit_b32_rs_cpc_seed3/20260518T022333/result_run_preflight_report.json,"Verified analysis table generated from full-matrix whitelist and post-run preflight, pending final paper-facing inclusion policy."
eurosat,4,remoteclip_vit_b32,4,random_group_mean,rs_cpc_M4_random_group_mean,40,1.0,0.696358024691358,0.03355499004783336,3,1 2 3,0.0,12.281557655582825,879.4253206952038,,3,results/raw/eurosat/remoteclip_vit_b32/rs_cpc/shot_4/M_4/random_group_mean/seed_1/20260518T015502_39f7d75f/metrics.json results/raw/eurosat/remoteclip_vit_b32/rs_cpc/shot_4/M_4/random_group_mean/seed_2/20260518T020429_5978d815/metrics.json results/raw/eurosat/remoteclip_vit_b32/rs_cpc/shot_4/M_4/random_group_mean/seed_3/20260518T021353_df0790fc/metrics.json,results/raw/eurosat/remoteclip_vit_b32/rs_cpc/shot_4/M_4/random_group_mean/seed_1/20260518T015502_39f7d75f results/raw/eurosat/remoteclip_vit_b32/rs_cpc/shot_4/M_4/random_group_mean/seed_2/20260518T020429_5978d815 results/raw/eurosat/remoteclip_vit_b32/rs_cpc/shot_4/M_4/random_group_mean/seed_3/20260518T021353_df0790fc,outputs/preflight/post_run_result/eurosat_remoteclip_vit_b32/full_matrix_20260518T022057Z/cmd_023_rs_cpc_seed1_shot4/eurosat_remoteclip_vit_b32_rs_cpc_seed1/20260518T022128/result_run_preflight_report.json outputs/preflight/post_run_result/eurosat_remoteclip_vit_b32/full_matrix_20260518T022057Z/cmd_067_rs_cpc_seed2_shot4/eurosat_remoteclip_vit_b32_rs_cpc_seed2/20260518T022228/result_run_preflight_report.json outputs/preflight/post_run_result/eurosat_remoteclip_vit_b32/full_matrix_20260518T022057Z/cmd_111_rs_cpc_seed3_shot4/eurosat_remoteclip_vit_b32_rs_cpc_seed3/20260518T022329/result_run_preflight_report.json,"Verified analysis table generated from full-matrix whitelist and post-run preflight, pending final paper-facing inclusion policy."
eurosat,8,remoteclip_vit_b32,1,mean,rs_cpc_M1_mean,10,8.0,0.715864197530864,0.0143567295574173,3,1 2 3,0.0,6.365844000751774,1696.7358309570861,,3,results/raw/eurosat/remoteclip_vit_b32/rs_cpc/shot_8/M_1/mean/seed_1/20260518T015547_31f82f17/metrics.json results/raw/eurosat/remoteclip_vit_b32/rs_cpc/shot_8/M_1/mean/seed_2/20260518T020515_42afca04/metrics.json results/raw/eurosat/remoteclip_vit_b32/rs_cpc/shot_8/M_1/mean/seed_3/20260518T021438_b4d5fd68/metrics.json,results/raw/eurosat/remoteclip_vit_b32/rs_cpc/shot_8/M_1/mean/seed_1/20260518T015547_31f82f17 results/raw/eurosat/remoteclip_vit_b32/rs_cpc/shot_8/M_1/mean/seed_2/20260518T020515_42afca04 results/raw/eurosat/remoteclip_vit_b32/rs_cpc/shot_8/M_1/mean/seed_3/20260518T021438_b4d5fd68,outputs/preflight/post_run_result/eurosat_remoteclip_vit_b32/full_matrix_20260518T022057Z/cmd_027_rs_cpc_seed1_shot8/eurosat_remoteclip_vit_b32_rs_cpc_seed1/20260518T022134/result_run_preflight_report.json outputs/preflight/post_run_result/eurosat_remoteclip_vit_b32/full_matrix_20260518T022057Z/cmd_071_rs_cpc_seed2_shot8/eurosat_remoteclip_vit_b32_rs_cpc_seed2/20260518T022234/result_run_preflight_report.json outputs/preflight/post_run_result/eurosat_remoteclip_vit_b32/full_matrix_20260518T022057Z/cmd_115_rs_cpc_seed3_shot8/eurosat_remoteclip_vit_b32_rs_cpc_seed3/20260518T022334/result_run_preflight_report.json,"Verified analysis table generated from full-matrix whitelist and post-run preflight, pending final paper-facing inclusion policy."
eurosat,8,remoteclip_vit_b32,1,medoid,rs_cpc_M1_medoid,10,8.0,0.6510493827160494,0.0413325423615632,3,1 2 3,0.0,6.217416648442547,1737.102696556635,,3,results/raw/eurosat/remoteclip_vit_b32/rs_cpc/shot_8/M_1/medoid/seed_1/20260518T015657_db5944f4/metrics.json results/raw/eurosat/remoteclip_vit_b32/rs_cpc/shot_8/M_1/medoid/seed_2/20260518T020624_bf94f877/metrics.json results/raw/eurosat/remoteclip_vit_b32/rs_cpc/shot_8/M_1/medoid/seed_3/20260518T021546_05152b12/metrics.json,results/raw/eurosat/remoteclip_vit_b32/rs_cpc/shot_8/M_1/medoid/seed_1/20260518T015657_db5944f4 results/raw/eurosat/remoteclip_vit_b32/rs_cpc/shot_8/M_1/medoid/seed_2/20260518T020624_bf94f877 results/raw/eurosat/remoteclip_vit_b32/rs_cpc/shot_8/M_1/medoid/seed_3/20260518T021546_05152b12,outputs/preflight/post_run_result/eurosat_remoteclip_vit_b32/full_matrix_20260518T022057Z/cmd_032_rs_cpc_seed1_shot8/eurosat_remoteclip_vit_b32_rs_cpc_seed1/20260518T022140/result_run_preflight_report.json outputs/preflight/post_run_result/eurosat_remoteclip_vit_b32/full_matrix_20260518T022057Z/cmd_076_rs_cpc_seed2_shot8/eurosat_remoteclip_vit_b32_rs_cpc_seed2/20260518T022241/result_run_preflight_report.json outputs/preflight/post_run_result/eurosat_remoteclip_vit_b32/full_matrix_20260518T022057Z/cmd_120_rs_cpc_seed3_shot8/eurosat_remoteclip_vit_b32_rs_cpc_seed3/20260518T022341/result_run_preflight_report.json,"Verified analysis table generated from full-matrix whitelist and post-run preflight, pending final paper-facing inclusion policy."
eurosat,8,remoteclip_vit_b32,1,random_group_mean,rs_cpc_M1_random_group_mean,10,8.0,0.715864197530864,0.0143567295574173,3,1 2 3,0.0,6.358105067784588,1699.1542457978578,,3,results/raw/eurosat/remoteclip_vit_b32/rs_cpc/shot_8/M_1/random_group_mean/seed_1/20260518T015557_50f6107e/metrics.json results/raw/eurosat/remoteclip_vit_b32/rs_cpc/shot_8/M_1/random_group_mean/seed_2/20260518T020524_87167ea3/metrics.json results/raw/eurosat/remoteclip_vit_b32/rs_cpc/shot_8/M_1/random_group_mean/seed_3/20260518T021447_de4a2faf/metrics.json,results/raw/eurosat/remoteclip_vit_b32/rs_cpc/shot_8/M_1/random_group_mean/seed_1/20260518T015557_50f6107e results/raw/eurosat/remoteclip_vit_b32/rs_cpc/shot_8/M_1/random_group_mean/seed_2/20260518T020524_87167ea3 results/raw/eurosat/remoteclip_vit_b32/rs_cpc/shot_8/M_1/random_group_mean/seed_3/20260518T021447_de4a2faf,outputs/preflight/post_run_result/eurosat_remoteclip_vit_b32/full_matrix_20260518T022057Z/cmd_028_rs_cpc_seed1_shot8/eurosat_remoteclip_vit_b32_rs_cpc_seed1/20260518T022135/result_run_preflight_report.json outputs/preflight/post_run_result/eurosat_remoteclip_vit_b32/full_matrix_20260518T022057Z/cmd_072_rs_cpc_seed2_shot8/eurosat_remoteclip_vit_b32_rs_cpc_seed2/20260518T022235/result_run_preflight_report.json outputs/preflight/post_run_result/eurosat_remoteclip_vit_b32/full_matrix_20260518T022057Z/cmd_116_rs_cpc_seed3_shot8/eurosat_remoteclip_vit_b32_rs_cpc_seed3/20260518T022335/result_run_preflight_report.json,"Verified analysis table generated from full-matrix whitelist and post-run preflight, pending final paper-facing inclusion policy."
eurosat,8,remoteclip_vit_b32,2,medoid,rs_cpc_M2_medoid,20,4.0,0.6424691358024691,0.04384211186459952,3,1 2 3,0.0,8.218754228204489,1314.2023315956494,,3,results/raw/eurosat/remoteclip_vit_b32/rs_cpc/shot_8/M_2/medoid/seed_1/20260518T015708_8f4b8aa2/metrics.json results/raw/eurosat/remoteclip_vit_b32/rs_cpc/shot_8/M_2/medoid/seed_2/20260518T020635_94d8b8f3/metrics.json results/raw/eurosat/remoteclip_vit_b32/rs_cpc/shot_8/M_2/medoid/seed_3/20260518T021557_001618d6/metrics.json,results/raw/eurosat/remoteclip_vit_b32/rs_cpc/shot_8/M_2/medoid/seed_1/20260518T015708_8f4b8aa2 results/raw/eurosat/remoteclip_vit_b32/rs_cpc/shot_8/M_2/medoid/seed_2/20260518T020635_94d8b8f3 results/raw/eurosat/remoteclip_vit_b32/rs_cpc/shot_8/M_2/medoid/seed_3/20260518T021557_001618d6,outputs/preflight/post_run_result/eurosat_remoteclip_vit_b32/full_matrix_20260518T022057Z/cmd_033_rs_cpc_seed1_shot8/eurosat_remoteclip_vit_b32_rs_cpc_seed1/20260518T022142/result_run_preflight_report.json outputs/preflight/post_run_result/eurosat_remoteclip_vit_b32/full_matrix_20260518T022057Z/cmd_077_rs_cpc_seed2_shot8/eurosat_remoteclip_vit_b32_rs_cpc_seed2/20260518T022242/result_run_preflight_report.json outputs/preflight/post_run_result/eurosat_remoteclip_vit_b32/full_matrix_20260518T022057Z/cmd_121_rs_cpc_seed3_shot8/eurosat_remoteclip_vit_b32_rs_cpc_seed3/20260518T022342/result_run_preflight_report.json,"Verified analysis table generated from full-matrix whitelist and post-run preflight, pending final paper-facing inclusion policy."
eurosat,8,remoteclip_vit_b32,2,random_group_mean,rs_cpc_M2_random_group_mean,20,4.0,0.7682098765432098,0.0055996194919390495,3,1 2 3,0.0,8.439966997131705,1279.9471608845026,,3,results/raw/eurosat/remoteclip_vit_b32/rs_cpc/shot_8/M_2/random_group_mean/seed_1/20260518T015608_d67d77e5/metrics.json results/raw/eurosat/remoteclip_vit_b32/rs_cpc/shot_8/M_2/random_group_mean/seed_2/20260518T020536_f58c1631/metrics.json results/raw/eurosat/remoteclip_vit_b32/rs_cpc/shot_8/M_2/random_group_mean/seed_3/20260518T021458_bac0b5a5/metrics.json,results/raw/eurosat/remoteclip_vit_b32/rs_cpc/shot_8/M_2/random_group_mean/seed_1/20260518T015608_d67d77e5 results/raw/eurosat/remoteclip_vit_b32/rs_cpc/shot_8/M_2/random_group_mean/seed_2/20260518T020536_f58c1631 results/raw/eurosat/remoteclip_vit_b32/rs_cpc/shot_8/M_2/random_group_mean/seed_3/20260518T021458_bac0b5a5,outputs/preflight/post_run_result/eurosat_remoteclip_vit_b32/full_matrix_20260518T022057Z/cmd_029_rs_cpc_seed1_shot8/eurosat_remoteclip_vit_b32_rs_cpc_seed1/20260518T022136/result_run_preflight_report.json outputs/preflight/post_run_result/eurosat_remoteclip_vit_b32/full_matrix_20260518T022057Z/cmd_073_rs_cpc_seed2_shot8/eurosat_remoteclip_vit_b32_rs_cpc_seed2/20260518T022237/result_run_preflight_report.json outputs/preflight/post_run_result/eurosat_remoteclip_vit_b32/full_matrix_20260518T022057Z/cmd_117_rs_cpc_seed3_shot8/eurosat_remoteclip_vit_b32_rs_cpc_seed3/20260518T022337/result_run_preflight_report.json,"Verified analysis table generated from full-matrix whitelist and post-run preflight, pending final paper-facing inclusion policy."
eurosat,8,remoteclip_vit_b32,4,medoid,rs_cpc_M4_medoid,40,2.0,0.6916666666666668,0.06027571538828279,3,1 2 3,0.0,12.534962445497513,862.967679438565,,3,results/raw/eurosat/remoteclip_vit_b32/rs_cpc/shot_8/M_4/medoid/seed_1/20260518T015724_1aac3f16/metrics.json results/raw/eurosat/remoteclip_vit_b32/rs_cpc/shot_8/M_4/medoid/seed_2/20260518T020650_b6d8bc89/metrics.json results/raw/eurosat/remoteclip_vit_b32/rs_cpc/shot_8/M_4/medoid/seed_3/20260518T021612_120131c8/metrics.json,results/raw/eurosat/remoteclip_vit_b32/rs_cpc/shot_8/M_4/medoid/seed_1/20260518T015724_1aac3f16 results/raw/eurosat/remoteclip_vit_b32/rs_cpc/shot_8/M_4/medoid/seed_2/20260518T020650_b6d8bc89 results/raw/eurosat/remoteclip_vit_b32/rs_cpc/shot_8/M_4/medoid/seed_3/20260518T021612_120131c8,outputs/preflight/post_run_result/eurosat_remoteclip_vit_b32/full_matrix_20260518T022057Z/cmd_034_rs_cpc_seed1_shot8/eurosat_remoteclip_vit_b32_rs_cpc_seed1/20260518T022143/result_run_preflight_report.json outputs/preflight/post_run_result/eurosat_remoteclip_vit_b32/full_matrix_20260518T022057Z/cmd_078_rs_cpc_seed2_shot8/eurosat_remoteclip_vit_b32_rs_cpc_seed2/20260518T022244/result_run_preflight_report.json outputs/preflight/post_run_result/eurosat_remoteclip_vit_b32/full_matrix_20260518T022057Z/cmd_122_rs_cpc_seed3_shot8/eurosat_remoteclip_vit_b32_rs_cpc_seed3/20260518T022344/result_run_preflight_report.json,"Verified analysis table generated from full-matrix whitelist and post-run preflight, pending final paper-facing inclusion policy."
eurosat,8,remoteclip_vit_b32,4,random_group_mean,rs_cpc_M4_random_group_mean,40,2.0,0.7705555555555555,0.021317219994942006,3,1 2 3,0.0,12.389110090831915,871.9363453411657,,3,results/raw/eurosat/remoteclip_vit_b32/rs_cpc/shot_8/M_4/random_group_mean/seed_1/20260518T015624_73d97f23/metrics.json results/raw/eurosat/remoteclip_vit_b32/rs_cpc/shot_8/M_4/random_group_mean/seed_2/20260518T020551_d2b6b0d0/metrics.json results/raw/eurosat/remoteclip_vit_b32/rs_cpc/shot_8/M_4/random_group_mean/seed_3/20260518T021514_bc427936/metrics.json,results/raw/eurosat/remoteclip_vit_b32/rs_cpc/shot_8/M_4/random_group_mean/seed_1/20260518T015624_73d97f23 results/raw/eurosat/remoteclip_vit_b32/rs_cpc/shot_8/M_4/random_group_mean/seed_2/20260518T020551_d2b6b0d0 results/raw/eurosat/remoteclip_vit_b32/rs_cpc/shot_8/M_4/random_group_mean/seed_3/20260518T021514_bc427936,outputs/preflight/post_run_result/eurosat_remoteclip_vit_b32/full_matrix_20260518T022057Z/cmd_030_rs_cpc_seed1_shot8/eurosat_remoteclip_vit_b32_rs_cpc_seed1/20260518T022138/result_run_preflight_report.json outputs/preflight/post_run_result/eurosat_remoteclip_vit_b32/full_matrix_20260518T022057Z/cmd_074_rs_cpc_seed2_shot8/eurosat_remoteclip_vit_b32_rs_cpc_seed2/20260518T022238/result_run_preflight_report.json outputs/preflight/post_run_result/eurosat_remoteclip_vit_b32/full_matrix_20260518T022057Z/cmd_118_rs_cpc_seed3_shot8/eurosat_remoteclip_vit_b32_rs_cpc_seed3/20260518T022338/result_run_preflight_report.json,"Verified analysis table generated from full-matrix whitelist and post-run preflight, pending final paper-facing inclusion policy."
eurosat,8,remoteclip_vit_b32,8,medoid,rs_cpc_M8_medoid,80,1.0,0.740246913580247,0.02000885720655711,3,1 2 3,0.0,20.388261060540874,529.8252592751859,,3,results/raw/eurosat/remoteclip_vit_b32/rs_cpc/shot_8/M_8/medoid/seed_1/20260518T015747_f9dc0638/metrics.json results/raw/eurosat/remoteclip_vit_b32/rs_cpc/shot_8/M_8/medoid/seed_2/20260518T020713_ab0fe5af/metrics.json results/raw/eurosat/remoteclip_vit_b32/rs_cpc/shot_8/M_8/medoid/seed_3/20260518T021636_8ee85c76/metrics.json,results/raw/eurosat/remoteclip_vit_b32/rs_cpc/shot_8/M_8/medoid/seed_1/20260518T015747_f9dc0638 results/raw/eurosat/remoteclip_vit_b32/rs_cpc/shot_8/M_8/medoid/seed_2/20260518T020713_ab0fe5af results/raw/eurosat/remoteclip_vit_b32/rs_cpc/shot_8/M_8/medoid/seed_3/20260518T021636_8ee85c76,outputs/preflight/post_run_result/eurosat_remoteclip_vit_b32/full_matrix_20260518T022057Z/cmd_035_rs_cpc_seed1_shot8/eurosat_remoteclip_vit_b32_rs_cpc_seed1/20260518T022144/result_run_preflight_report.json outputs/preflight/post_run_result/eurosat_remoteclip_vit_b32/full_matrix_20260518T022057Z/cmd_079_rs_cpc_seed2_shot8/eurosat_remoteclip_vit_b32_rs_cpc_seed2/20260518T022245/result_run_preflight_report.json outputs/preflight/post_run_result/eurosat_remoteclip_vit_b32/full_matrix_20260518T022057Z/cmd_123_rs_cpc_seed3_shot8/eurosat_remoteclip_vit_b32_rs_cpc_seed3/20260518T022345/result_run_preflight_report.json,"Verified analysis table generated from full-matrix whitelist and post-run preflight, pending final paper-facing inclusion policy."
eurosat,8,remoteclip_vit_b32,8,random_group_mean,rs_cpc_M8_random_group_mean,80,1.0,0.740246913580247,0.02000885720655711,3,1 2 3,0.0,20.52347840058307,526.2595056601461,,3,results/raw/eurosat/remoteclip_vit_b32/rs_cpc/shot_8/M_8/random_group_mean/seed_1/20260518T015648_e6f4b088/metrics.json results/raw/eurosat/remoteclip_vit_b32/rs_cpc/shot_8/M_8/random_group_mean/seed_2/20260518T020615_29116958/metrics.json results/raw/eurosat/remoteclip_vit_b32/rs_cpc/shot_8/M_8/random_group_mean/seed_3/20260518T021537_2fa597b4/metrics.json,results/raw/eurosat/remoteclip_vit_b32/rs_cpc/shot_8/M_8/random_group_mean/seed_1/20260518T015648_e6f4b088 results/raw/eurosat/remoteclip_vit_b32/rs_cpc/shot_8/M_8/random_group_mean/seed_2/20260518T020615_29116958 results/raw/eurosat/remoteclip_vit_b32/rs_cpc/shot_8/M_8/random_group_mean/seed_3/20260518T021537_2fa597b4,outputs/preflight/post_run_result/eurosat_remoteclip_vit_b32/full_matrix_20260518T022057Z/cmd_031_rs_cpc_seed1_shot8/eurosat_remoteclip_vit_b32_rs_cpc_seed1/20260518T022139/result_run_preflight_report.json outputs/preflight/post_run_result/eurosat_remoteclip_vit_b32/full_matrix_20260518T022057Z/cmd_075_rs_cpc_seed2_shot8/eurosat_remoteclip_vit_b32_rs_cpc_seed2/20260518T022239/result_run_preflight_report.json outputs/preflight/post_run_result/eurosat_remoteclip_vit_b32/full_matrix_20260518T022057Z/cmd_119_rs_cpc_seed3_shot8/eurosat_remoteclip_vit_b32_rs_cpc_seed3/20260518T022340/result_run_preflight_report.json,"Verified analysis table generated from full-matrix whitelist and post-run preflight, pending final paper-facing inclusion policy."
